<TICKER>,<DTYYYYMMDD>,<FIRST>,<HIGH>,<LOW>,<CLOSE>,<VALUE>,<VOL>,<OPENINT>,<PER>,<OPEN>,<LAST>
,,,,,,,,,,,
S*I. N. C. Ind.,20250416,0,0,0,9720,0,0,0,D,9720,9710
S*I. N. C. Ind.,20250415,9940,9940,9710,9720,4.13201E+12,424903897,13307,D,10010,9710
S*I. N. C. Ind.,20250414,10150,10290,9870,10010,3.88312E+12,387799353,20355,D,10060,9950
S*I. N. C. Ind.,20250413,10060,10060,10040,10060,2.6926E+12,267656469,6095,D,9770,10060
S*I. N. C. Ind.,20250412,9970,9970,9710,9770,9.63351E+11,98607456,6117,D,9730,9740
S*I. N. C. Ind.,20250409,9900,9900,9520,9730,1.59707E+12,164149442,8576,D,9620,9650
S*I. N. C. Ind.,20250408,9620,9620,9620,9620,6.87541E+11,71469977,1446,D,9340,9620
S*I. N. C. Ind.,20250407,9400,9540,9260,9340,1.80646E+12,193386249,9439,D,9540,9430
S*I. N. C. Ind.,20250406,9530,9630,9530,9540,3.20355E+12,335898594,11211,D,9820,9530
S*I. N. C. Ind.,20250405,9820,9820,9820,9820,1.35516E+12,138000227,4204,D,10120,9820
S*I. N. C. Ind.,20250330,10060,10130,9920,10120,1.11641E+12,110357335,5383,D,9840,10130
S*I. N. C. Ind.,20250329,9790,9910,9450,9840,1.67253E+12,169982535,9688,D,9630,9910
S*I. N. C. Ind.,20250326,9630,9630,9620,9630,1.74173E+12,180868113,6661,D,9350,9630
S*I. N. C. Ind.,20250325,9350,9350,9350,9350,1.02527E+12,109654361,2033,D,9080,9350
S*I. N. C. Ind.,20250318,8980,9310,8980,9080,1.76062E+12,193824172,7083,D,9250,9270
S*I. N. C. Ind.,20250317,9260,9380,9140,9250,1.0634E+12,115019855,5453,D,9290,9210
S*I. N. C. Ind.,20250316,9320,9320,9160,9290,2.32466E+12,250283561,8082,D,9050,9250
S*I. N. C. Ind.,20250315,9040,9050,9020,9050,1.85319E+12,204773941,4314,D,8790,9050
S*I. N. C. Ind.,20250312,8610,8880,8560,8790,1.08554E+12,123523450,5649,D,8630,8840
S*I. N. C. Ind.,20250311,8760,8850,8550,8630,9.39478E+11,108816403,4773,D,8740,8620
S*I. N. C. Ind.,20250310,8610,8810,8600,8740,8.77008E+11,100365995,5212,D,8560,8760
S*I. N. C. Ind.,20250309,8620,8750,8460,8560,1.36552E+12,159594547,6187,D,8670,8610
S*I. N. C. Ind.,20250308,8700,8790,8590,8670,1.37994E+12,159174748,6090,D,8790,8610
S*I. N. C. Ind.,20250305,8710,8930,8670,8790,1.30113E+12,147964020,5489,D,8850,8830
S*I. N. C. Ind.,20250304,8890,9040,8750,8850,1.56039E+12,176218481,7392,D,8920,8780
S*I. N. C. Ind.,20250303,8920,8920,8920,8920,2.16358E+12,242553407,5023,D,9190,8920
S*I. N. C. Ind.,20250302,9200,9310,9080,9190,1.34342E+12,146131155,7732,D,9250,9180
S*I. N. C. Ind.,20250301,9250,9470,9100,9250,1.49087E+12,161249300,8656,D,9260,9130
S*I. N. C. Ind.,20250226,9250,9360,9030,9260,2.44453E+12,263957238,10923,D,9100,9250
S*I. N. C. Ind.,20250225,9100,9100,9010,9100,3.24863E+12,357058855,8601,D,8840,9100
S*I. N. C. Ind.,20250224,8830,8840,8800,8840,1.5716E+12,177803225,3451,D,8590,8840
S*I. N. C. Ind.,20250223,8360,8610,8360,8590,1.37213E+12,159700678,6169,D,8360,8610
S*I. N. C. Ind.,20250222,8430,8430,8290,8360,9.27716E+11,110930931,5461,D,8370,8350
S*I. N. C. Ind.,20250219,8420,8500,8290,8370,8.92779E+11,106702138,6016,D,8310,8400
S*I. N. C. Ind.,20250218,8180,8350,8070,8310,1.37949E+12,165905654,7117,D,8110,8350
S*I. N. C. Ind.,20250217,8030,8110,8030,8110,1.4206E+12,175189787,4824,D,7880,8110
S*I. N. C. Ind.,20250216,7900,7980,7790,7880,1.12446E+12,142650055,6000,D,7960,7970
S*I. N. C. Ind.,20250215,8110,8110,7910,7960,1.63985E+12,206106948,7314,D,8150,7910
S*I. N. C. Ind.,20250211,8220,8350,8050,8150,1.36602E+12,167660185,7228,D,8230,8090
S*I. N. C. Ind.,20250209,8000,8270,8000,8230,2.03128E+12,246829626,8340,D,8030,8180
S*I. N. C. Ind.,20250205,8000,8170,7890,8030,8.34576E+11,103943551,4796,D,8010,8110
S*I. N. C. Ind.,20250204,8030,8120,7970,8010,5.77113E+11,72031546,3953,D,7990,7990
S*I. N. C. Ind.,20250203,8050,8050,7930,7990,8.4708E+11,106065933,4017,D,7980,8010
S*I. N. C. Ind.,20250202,7980,8090,7930,7980,1.19323E+12,149442632,4683,D,7940,7980
S*I. N. C. Ind.,20250201,8020,8120,7870,7940,9.8372E+11,123817614,5812,D,8040,7970
S*I. N. C. Ind.,20250129,8140,8200,7980,8040,7.00484E+11,87178279,4617,D,8140,8050
S*I. N. C. Ind.,20250127,8190,8260,8090,8140,4.87719E+11,59899169,3518,D,8200,8130
S*I. N. C. Ind.,20250126,8210,8370,8130,8200,1.37359E+12,167492352,6385,D,8370,8150
S*I. N. C. Ind.,20250125,8520,8590,8280,8370,6.31938E+11,75476855,4967,D,8370,8340
S*I. N. C. Ind.,20250122,8330,8380,8320,8370,9.00534E+11,107639268,5503,D,8140,8370
S*I. N. C. Ind.,20250121,8150,8320,8000,8140,8.89946E+11,109264770,5768,D,8150,8270
S*I. N. C. Ind.,20250120,8270,8320,8040,8150,1.28501E+12,157736492,6445,D,8270,8060
S*I. N. C. Ind.,20250119,8330,8400,8180,8270,1.15789E+12,140025345,6817,D,8370,8240
S*I. N. C. Ind.,20250118,8560,8580,8340,8370,1.52894E+12,182573026,6319,D,8590,8340
S*I. N. C. Ind.,20250115,8690,8700,8430,8590,1.03875E+12,120983227,8849,D,8450,8510
S*I. N. C. Ind.,20250113,8420,8600,8380,8450,1.23517E+12,146182457,7335,D,8460,8410
S*I. N. C. Ind.,20250112,8450,8660,8370,8460,2.09063E+12,247227081,8830,D,8570,8390
S*I. N. C. Ind.,20250111,0,0,0,8570,0,0,0,D,8570,8500
S*I. N. C. Ind.,20250108,8570,8680,8490,8570,1.10883E+12,129326764,7301,D,8430,8500
S*I. N. C. Ind.,20250107,8240,8460,8240,8430,1.46558E+12,173902258,6919,D,8220,8460
S*I. N. C. Ind.,20250106,8220,8380,8150,8220,8.65177E+11,105290586,5759,D,8240,8250
S*I. N. C. Ind.,20250105,8360,8370,8140,8240,1.25673E+12,152494827,9417,D,8180,8160
S*I. N. C. Ind.,20250104,8170,8180,8100,8180,7.96669E+11,97416682,3092,D,7950,8180
S*I. N. C. Ind.,20250101,7940,8010,7730,7950,1.10702E+12,139326074,7462,D,7780,8010
S*I. N. C. Ind.,20241231,7650,7800,7640,7780,1.28489E+12,165145985,7075,D,7580,7800
S*I. N. C. Ind.,20241230,7700,7710,7520,7580,1.39192E+12,183575719,8870,D,7750,7610
S*I. N. C. Ind.,20241229,7900,7960,7730,7750,2.20488E+12,284523068,10500,D,7960,7730
S*I. N. C. Ind.,20241228,8050,8190,7950,7960,2.02922E+12,254789059,9334,D,8190,7960
S*I. N. C. Ind.,20241225,8580,8580,8160,8190,2.05837E+12,251203555,12111,D,8410,8160
S*I. N. C. Ind.,20241224,8450,8470,8300,8410,1.86933E+12,222307322,10053,D,8230,8470
S*I. N. C. Ind.,20241223,8070,8320,7940,8230,2.06156E+12,250367185,9553,D,8080,8320
S*I. N. C. Ind.,20241222,8190,8200,7900,8080,2.17961E+12,269708750,11825,D,7970,8030
S*I. N. C. Ind.,20241221,7920,7970,7900,7970,1.11092E+12,139420267,3712,D,7740,7970
S*I. N. C. Ind.,20241218,7600,7900,7490,7740,1.72374E+12,222741601,9852,D,7670,7890
S*I. N. C. Ind.,20241217,7710,7940,7480,7670,2.76604E+12,360824168,14625,D,7710,7480
S*I. N. C. Ind.,20241216,7720,7720,7540,7710,5.36874E+12,696168137,15474,D,7500,7630
S*I. N. C. Ind.,20241215,7500,7500,7500,7500,1.26992E+12,169322333,3145,D,7290,7500
S*I. N. C. Ind.,20241214,7290,7290,7290,7290,5.29621E+11,72650288,1970,D,7080,7290
S*I. N. C. Ind.,20241211,6920,7130,6870,7080,1.08928E+12,153924116,5357,D,6930,7130
S*I. N. C. Ind.,20241210,7020,7090,6870,6930,8.86112E+11,127821031,5804,D,6930,6910
S*I. N. C. Ind.,20241209,6820,6930,6820,6930,1.22403E+12,176666017,4592,D,6730,6930
S*I. N. C. Ind.,20241208,6790,6860,6650,6730,6.32341E+11,93953324,5117,D,6820,6790
S*I. N. C. Ind.,20241207,6980,6990,6790,6820,1.3288E+12,194744163,7203,D,6990,6790
S*I. N. C. Ind.,20241204,7000,7020,6940,6990,9.45597E+11,135337854,6134,D,7020,6970
S*I. N. C. Ind.,20241203,7110,7170,6970,7020,1.39804E+12,199184511,7402,D,7000,6990
S*I. N. C. Ind.,20241202,6860,7000,6860,7000,1.3956E+12,199400932,5293,D,6800,7000
S*I. N. C. Ind.,20241201,6880,6890,6760,6800,5.47796E+11,80519369,3480,D,6890,6820
S*I. N. C. Ind.,20241130,7020,7070,6810,6890,9.82439E+11,142604728,5886,D,6970,6820
S*I. N. C. Ind.,20241127,6960,7020,6900,6970,1.10577E+12,158598278,5967,D,6990,7010
S*I. N. C. Ind.,20241126,7110,7120,6780,6990,2.30271E+12,329576024,12262,D,6920,6800
S*I. N. C. Ind.,20241125,6840,6920,6810,6920,1.97522E+12,285590024,8005,D,6720,6920
S*I. N. C. Ind.,20241124,6550,6730,6550,6720,1.10497E+12,164477694,5751,D,6540,6730
S*I. N. C. Ind.,20241123,6520,6630,6490,6540,6.47716E+11,99112348,4909,D,6520,6530
S*I. N. C. Ind.,20241120,6590,6590,6480,6520,6.65969E+11,102102533,4724,D,6650,6510
S*I. N. C. Ind.,20241119,6820,6840,6580,6650,1.10292E+12,165936066,7627,D,6780,6580
S*I. N. C. Ind.,20241118,6700,6870,6630,6780,1.06269E+12,156664928,6992,D,6690,6780
S*I. N. C. Ind.,20241117,6800,6800,6620,6690,9.20703E+11,137668379,6046,D,6710,6630
S*I. N. C. Ind.,20241116,6580,6720,6580,6710,1.25383E+12,186841368,5007,D,6530,6720
S*I. N. C. Ind.,20241113,6520,6580,6490,6530,5.54269E+11,84878374,3950,D,6530,6540
S*I. N. C. Ind.,20241112,6580,6690,6470,6530,8.05953E+11,123424426,4750,D,6570,6520
S*I. N. C. Ind.,20241111,6600,6600,6450,6570,1.37566E+12,209456700,6950,D,6410,6520
S*I. N. C. Ind.,20241110,6410,6410,6410,6410,2.53419E+11,39534969,1097,D,6230,6410
S*I. N. C. Ind.,20241109,6220,6230,6150,6230,2.82118E+11,45305408,1373,D,6050,6230
S*I. N. C. Ind.,20241106,6060,6210,5970,6050,3.5808E+11,59155445,2757,D,6090,6110
S*I. N. C. Ind.,20241105,6050,6180,6040,6090,1.57821E+11,25926943,1825,D,6000,6080
S*I. N. C. Ind.,20241104,6000,6180,5880,6000,3.67422E+11,61193464,3179,D,6050,6100
S*I. N. C. Ind.,20241103,6180,6180,6030,6050,4.12222E+11,68129302,2272,D,6210,6030
S*I. N. C. Ind.,20241102,6220,6340,6120,6210,3.82098E+11,61546812,3277,D,6160,6130
S*I. N. C. Ind.,20241030,6050,6230,6030,6160,5.43519E+11,88279006,3998,D,6050,6220
S*I. N. C. Ind.,20241029,6140,6140,5880,6050,7.41252E+11,122507991,5636,D,5970,5930
S*I. N. C. Ind.,20241028,5970,5970,5970,5970,1.32238E+11,22150470,724,D,5800,5970
S*I. N. C. Ind.,20241027,5800,5800,5800,5800,1.23015E+11,21209488,568,D,5640,5800
S*I. N. C. Ind.,20241026,5690,5690,5690,5640,86530032030,15207387,656,D,5530,5690
S*I. N. C. Ind.,20241023,5530,5550,5530,5530,2.77144E+11,50111057,2748,D,5700,5530
S*I. N. C. Ind.,20241022,5750,5860,5640,5700,4.33774E+11,76094915,3682,D,5760,5650
S*I. N. C. Ind.,20241021,5720,5990,5680,5760,4.28319E+11,74356606,4248,D,5850,5750
S*I. N. C. Ind.,20241020,5980,5980,5840,5850,5.20683E+11,89017380,3866,D,6020,5840
S*I. N. C. Ind.,20241019,6180,6180,6010,6020,4.43751E+11,73686321,3887,D,6190,6010
S*I. N. C. Ind.,20241016,6150,6280,6120,6190,2.37358E+11,38337686,1966,D,6170,6190
S*I. N. C. Ind.,20241015,6200,6270,6120,6170,3.52096E+11,57098404,3228,D,6300,6130
S*I. N. C. Ind.,20241014,6380,6410,6220,6300,3.62409E+11,57560134,2458,D,6380,6230
S*I. N. C. Ind.,20241013,6400,6480,6280,6380,3.88758E+11,60943119,2985,D,6350,6410
S*I. N. C. Ind.,20241012,6410,6420,6280,6350,3.37764E+11,53182274,2834,D,6260,6420
S*I. N. C. Ind.,20241009,6250,6270,6210,6260,2.59223E+11,41418252,2377,D,6210,6260
S*I. N. C. Ind.,20241008,6210,6210,6190,6210,4.71441E+11,75937052,2699,D,6150,6210
S*I. N. C. Ind.,20241007,6110,6230,6110,6150,4.76136E+11,77434258,3442,D,6170,6200
S*I. N. C. Ind.,20241006,6210,6210,6160,6170,1.14987E+11,18632344,768,D,6220,6160
S*I. N. C. Ind.,20241005,6210,6270,6210,6220,5.649E+11,90881869,3102,D,6270,6210
S*I. N. C. Ind.,20241002,6270,6300,6270,6270,7.52924E+11,120071053,3234,D,6330,6270
S*I. N. C. Ind.,20241001,6330,6340,6330,6330,2.92476E+11,46204636,1628,D,6390,6330
S*I. N. C. Ind.,20240930,6400,6460,6360,6390,3.0421E+11,47603366,2073,D,6410,6410
S*I. N. C. Ind.,20240929,6450,6450,6390,6410,5.30227E+11,82781675,3635,D,6450,6400
S*I. N. C. Ind.,20240928,6450,6500,6450,6450,9.66877E+11,149871295,3580,D,6510,6450
S*I. N. C. Ind.,20240925,6600,6630,6430,6510,7.222E+11,110924172,4521,D,6460,6460
S*I. N. C. Ind.,20240924,6360,6480,6340,6460,9.69527E+11,150094037,5241,D,6300,6460
S*I. N. C. Ind.,20240923,6240,6340,6220,6300,4.56616E+11,72522250,4121,D,6240,6330
S*I. N. C. Ind.,20240922,6240,6270,6200,6240,4.05707E+11,65051549,2835,D,6200,6210
S*I. N. C. Ind.,20240918,6230,6250,6160,6200,4.19306E+11,67679967,2861,D,6160,6200
S*I. N. C. Ind.,20240917,6100,6240,6090,6160,5.67906E+11,92208074,3696,D,6090,6240
S*I. N. C. Ind.,20240916,6120,6150,6060,6090,4.33E+11,71073895,3582,D,6080,6110
S*I. N. C. Ind.,20240915,6090,6170,6040,6080,7.62152E+11,125374767,4193,D,6100,6120
S*I. N. C. Ind.,20240914,6220,6220,6020,6100,6.72453E+11,110183664,6847,D,6190,6040
S*I. N. C. Ind.,20240911,6230,6260,6140,6190,4.59241E+11,74194552,4384,D,6240,6160
S*I. N. C. Ind.,20240910,6280,6350,6200,6240,4.15857E+11,66640269,3364,D,6280,6230
S*I. N. C. Ind.,20240909,6430,6430,6240,6280,4.46027E+11,71023681,3782,D,6320,6280
S*I. N. C. Ind.,20240908,6430,6430,6240,6320,7.33403E+11,116007813,5005,D,6430,6330
S*I. N. C. Ind.,20240907,6500,6690,6400,6430,8.15501E+11,126818531,4975,D,6590,6450
S*I. N. C. Ind.,20240903,6750,6750,6550,6590,3.55371E+11,53935863,3454,D,6680,6550
S*I. N. C. Ind.,20240901,6780,6800,6600,6680,6.63212E+11,99256365,4511,D,6690,6650
S*I. N. C. Ind.,20240831,6680,6690,6640,6690,7.299E+11,109154027,3452,D,6560,6690
S*I. N. C. Ind.,20240828,6540,6670,6500,6560,3.5435E+11,53986459,3069,D,6570,6550
S*I. N. C. Ind.,20240827,6500,6610,6500,6570,2.10219E+11,31977323,2935,D,6590,6560
S*I. N. C. Ind.,20240826,6630,6640,6530,6590,3.89812E+11,59193008,2654,D,6520,6580
S*I. N. C. Ind.,20240824,6500,6540,6480,6520,3.27944E+11,50281151,2773,D,6420,6540
S*I. N. C. Ind.,20240821,6440,6510,6380,6420,4.21637E+11,65654381,2344,D,6400,6440
S*I. N. C. Ind.,20240820,6370,6510,6350,6400,2.57939E+11,40321413,1902,D,6460,6360
S*I. N. C. Ind.,20240819,6560,6580,6380,6460,6.59257E+11,102095232,3617,D,6490,6390
S*I. N. C. Ind.,20240818,6480,6490,6420,6490,5.68838E+11,87677859,2732,D,6370,6490
S*I. N. C. Ind.,20240817,6370,6370,6310,6370,4.78276E+11,75083458,2076,D,6250,6370
S*I. N. C. Ind.,20240814,6200,6250,6190,6250,2.7784E+11,44472479,1493,D,6190,6250
S*I. N. C. Ind.,20240813,6220,6250,6180,6190,4.64526E+11,75031008,1969,D,6240,6190
S*I. N. C. Ind.,20240812,6300,6300,6210,6240,6.41268E+11,102845443,2831,D,6270,6210
S*I. N. C. Ind.,20240811,6310,6320,6250,6270,4.50211E+11,71751309,2413,D,6280,6280
S*I. N. C. Ind.,20240810,6300,6320,6240,6280,2.96752E+11,47273154,2351,D,6300,6250
S*I. N. C. Ind.,20240807,0,0,0,6300,0,0,0,D,6300,6270
S*I. N. C. Ind.,20240806,6330,6340,6270,6300,7.21742E+11,114648735,2707,D,6300,6270
S*I. N. C. Ind.,20240805,6320,6350,6280,6300,5.6702E+11,90011030,2725,D,6290,6290
S*I. N. C. Ind.,20240804,6250,6360,6250,6290,3.39503E+11,53964332,3141,D,6310,6320
S*I. N. C. Ind.,20240803,6470,6500,6180,6310,1.21292E+12,192334269,6354,D,6520,6190
S*I. N. C. Ind.,20240731,6650,6730,6450,6520,9.13961E+11,140213400,6646,D,6750,6500
S*I. N. C. Ind.,20240730,6820,6840,6700,6750,7.64126E+11,113237692,5135,D,6820,6790
S*I. N. C. Ind.,20240729,6970,6970,6760,6820,9.17841E+11,134568908,5099,D,7010,6770
S*I. N. C. Ind.,20240727,7130,7150,6910,7010,9.35153E+11,133409417,6995,D,7180,6960
S*I. N. C. Ind.,20240724,7050,7330,7050,7180,1.01645E+12,141646074,5326,D,7320,7150
S*I. N. C. Ind.,20240723,0,0,0,7320,0,0,0,D,7320,7290
S*I. N. C. Ind.,20240722,0,0,0,7690,0,0,0,D,7690,7660
S*I. N. C. Ind.,20240721,0,0,0,7690,0,0,0,D,7690,7660
S*I. N. C. Ind.,20240720,0,0,0,7690,0,0,0,D,7690,7660
S*I. N. C. Ind.,20240717,7690,7700,7660,7690,7.1862E+11,93481032,5072,D,7690,7660
S*I. N. C. Ind.,20240714,7690,7700,7660,7690,3.10041E+11,40323980,2015,D,7690,7700
S*I. N. C. Ind.,20240713,7690,7750,7660,7690,7.54463E+11,98085778,2917,D,7690,7680
S*I. N. C. Ind.,20240710,7710,7750,7590,7690,6.25618E+11,81347785,3156,D,7690,7700
S*I. N. C. Ind.,20240709,7710,7750,7660,7690,4.56463E+11,59342442,2627,D,7710,7670
S*I. N. C. Ind.,20240708,7710,7860,7630,7710,8.65846E+11,112279749,4197,D,7710,7640
S*I. N. C. Ind.,20240707,7860,7860,7620,7710,1.18707E+12,154049476,6007,D,7700,7710
S*I. N. C. Ind.,20240706,7700,7700,7700,7700,7.8381E+11,101793468,2199,D,7270,7700
S*I. N. C. Ind.,20240703,7250,7320,7210,7270,3.83519E+11,52739202,2834,D,7210,7300
S*I. N. C. Ind.,20240702,7070,7250,7070,7210,3.23782E+11,44908516,2009,D,7150,7230
S*I. N. C. Ind.,20240701,7170,7240,7100,7150,3.99545E+11,55907167,2337,D,7120,7140
S*I. N. C. Ind.,20240630,7150,7250,7010,7120,6.69316E+11,93952841,3559,D,7180,7130
S*I. N. C. Ind.,20240629,7250,7250,7110,7180,2.49289E+11,34739998,2419,D,7150,7170
S*I. N. C. Ind.,20240626,7150,7150,7100,7150,2.275E+11,31819122,1380,D,7010,7150
S*I. N. C. Ind.,20240624,6970,7060,6940,7010,3.56399E+11,50842000,2466,D,6930,7060
S*I. N. C. Ind.,20240623,6960,6960,6910,6930,2.16763E+11,31298672,1805,D,6890,6930
S*I. N. C. Ind.,20240622,6910,6980,6860,6890,1.81324E+11,26306027,2212,D,6860,6890
S*I. N. C. Ind.,20240619,6780,6930,6780,6860,1.68583E+11,24575333,2017,D,6820,6880
S*I. N. C. Ind.,20240618,6940,6970,6780,6820,4.01611E+11,58848471,3358,D,6910,6790
S*I. N. C. Ind.,20240616,6910,7000,6880,6910,3.4119E+11,49405627,2264,D,7010,6930
S*I. N. C. Ind.,20240615,7160,7160,6980,7010,5.27549E+11,75204268,3162,D,7120,6990
S*I. N. C. Ind.,20240612,7140,7270,7040,7120,6.45386E+11,90626042,4303,D,7150,7170
S*I. N. C. Ind.,20240611,7170,7220,7110,7150,2.4932E+11,34864515,2113,D,7160,7170
S*I. N. C. Ind.,20240610,7040,7180,7040,7160,4.90646E+11,68486682,3485,D,7040,7180
S*I. N. C. Ind.,20240609,6970,7110,6950,7040,3.70083E+11,52577061,3182,D,6980,7040
S*I. N. C. Ind.,20240608,7000,7030,6980,6980,3.39809E+11,48655092,2825,D,7120,6980
S*I. N. C. Ind.,20240605,7150,7250,7060,7120,2.42703E+11,34088116,2577,D,7140,7070
S*I. N. C. Ind.,20240602,7160,7200,7110,7140,2.84203E+11,39800236,2725,D,7140,7140
S*I. N. C. Ind.,20240601,7150,7150,7040,7140,7.25223E+11,101534418,5024,D,7010,7150
S*I. N. C. Ind.,20240529,7040,7040,7040,7010,94995887360,13493734,695,D,6910,7040
S*I. N. C. Ind.,20240528,6910,6910,6880,6910,1.30015E+11,18815935,887,D,6780,6910
S*I. N. C. Ind.,20240527,6840,6890,6740,6780,5.268E+11,77724425,4625,D,6870,6880
S*I. N. C. Ind.,20240526,6960,6960,6840,6870,1.16846E+12,170193389,5139,D,6970,6870
S*I. N. C. Ind.,20240525,7020,7060,6900,6970,5.17733E+11,74317372,3805,D,7020,6920
S*I. N. C. Ind.,20240521,6890,7030,6890,7020,4.86123E+11,69251058,2858,D,6900,7030
S*I. N. C. Ind.,20240520,0,0,0,6900,0,0,0,D,6900,6950
S*I. N. C. Ind.,20240519,7080,7090,6800,6900,5.12567E+11,74234130,4691,D,7140,6950
S*I. N. C. Ind.,20240518,7150,7350,7070,7140,4.92921E+11,68993566,4303,D,6990,7090
S*I. N. C. Ind.,20240515,6930,7080,6880,6990,4.53629E+11,64911383,3676,D,6930,7050
S*I. N. C. Ind.,20240514,6800,7040,6800,6930,3.66159E+11,52866042,3488,D,6810,6860
S*I. N. C. Ind.,20240513,6980,6980,6700,6810,4.29751E+11,63123768,5288,D,7010,6790
S*I. N. C. Ind.,20240512,7130,7130,6910,7010,3.00352E+11,42857448,3979,D,7090,6950
S*I. N. C. Ind.,20240511,7130,7180,7020,7090,4.31639E+11,60908160,3722,D,7090,7050
S*I. N. C. Ind.,20240508,7170,7200,7040,7090,2.36005E+11,33280493,3444,D,7180,7110
S*I. N. C. Ind.,20240507,7190,7250,7150,7180,3.46109E+11,48174008,3405,D,7190,7170
S*I. N. C. Ind.,20240506,7230,7320,7150,7190,5.54524E+11,77113578,5164,D,7390,7170
S*I. N. C. Ind.,20240505,7590,7590,7330,7390,3.79245E+11,51318095,4991,D,7520,7340
S*I. N. C. Ind.,20240501,7590,7660,7450,7520,5.18498E+11,68922628,5144,D,7670,7500
S*I. N. C. Ind.,20240430,7710,7820,7600,7670,4.99054E+11,65077219,4144,D,7700,7600
S*I. N. C. Ind.,20240429,7770,7800,7640,7700,4.15934E+11,54051419,4108,D,7760,7690
S*I. N. C. Ind.,20240428,7810,7880,7580,7760,5.82881E+11,75112021,5054,D,7880,7770
S*I. N. C. Ind.,20240427,7930,8030,7790,7880,6.3195E+11,80240873,5961,D,7750,7820
S*I. N. C. Ind.,20240424,7730,7770,7680,7750,3.86314E+11,49874576,3486,D,7730,7750
S*I. N. C. Ind.,20240423,7790,7880,7650,7730,8.05867E+11,104312541,7091,D,7890,7750
S*I. N. C. Ind.,20240422,7800,8030,7750,7890,7.72124E+11,97919475,7420,D,7840,7800
S*I. N. C. Ind.,20240421,7790,7980,7720,7840,1.34508E+12,171594974,11139,D,7650,7750
S*I. N. C. Ind.,20240420,7590,7650,7430,7650,1.17083E+12,153130139,5100,D,7150,7650
S*I. N. C. Ind.,20240417,7150,7150,7150,7150,2.44539E+11,34201298,1710,D,7080,7150
S*I. N. C. Ind.,20240416,7110,7110,6970,7080,7.76456E+11,109680247,6436,D,7040,7110
S*I. N. C. Ind.,20240415,7040,7040,7040,7040,4.50443E+11,63983384,2438,D,6980,7040
S*I. N. C. Ind.,20240414,6980,6980,6980,6980,3.28915E+11,47122498,1885,D,7050,6980
S*I. N. C. Ind.,20240413,7210,7210,6960,7050,8.76096E+11,124238764,7522,D,7190,6970
S*I. N. C. Ind.,20240409,7140,7230,7140,7190,5.15213E+11,71667754,4545,D,7140,7220
S*I. N. C. Ind.,20240408,7100,7220,7100,7140,4.58842E+11,64229513,5039,D,7050,7110
S*I. N. C. Ind.,20240407,7060,7100,7030,7050,5.66018E+11,80248740,5401,D,7050,7070
S*I. N. C. Ind.,20240406,7020,7170,6970,7050,1.11466E+12,158057449,9599,D,7000,7000
S*I. N. C. Ind.,20240403,6850,7110,6850,7000,4.92747E+11,70421390,5906,D,6850,6950
S*I. N. C. Ind.,20240402,6800,6940,6700,6850,6.03731E+11,88163959,5537,D,6880,6920
S*I. N. C. Ind.,20240330,6910,6950,6850,6880,3.7199E+11,54072792,4689,D,6950,6910
S*I. N. C. Ind.,20240327,6930,6990,6920,6950,2.68903E+11,38675529,2867,D,6930,6940
S*I. N. C. Ind.,20240326,6960,6980,6910,6930,2.07925E+11,29983826,2979,D,6980,6930
S*I. N. C. Ind.,20240325,7070,7110,6920,6980,4.30857E+11,61741152,5568,D,6990,6960
S*I. N. C. Ind.,20240324,6970,7180,6860,6990,5.32198E+11,76129564,5683,D,6840,7050
S*I. N. C. Ind.,20240318,6750,6900,6740,6840,6.52855E+11,95506904,5086,D,6560,6850
S*I. N. C. Ind.,20240317,6460,6640,6440,6560,7.7067E+11,117458764,5135,D,6430,6600
S*I. N. C. Ind.,20240316,6410,6500,6370,6430,8.00358E+11,124416621,6040,D,6200,6380
S*I. N. C. Ind.,20240313,6190,6220,6170,6200,5.33444E+11,86087559,3628,D,6160,6210
S*I. N. C. Ind.,20240312,6150,6190,6140,6160,6.32604E+11,102716327,3687,D,6100,6160
S*I. N. C. Ind.,20240311,6100,6150,6050,6100,7.80373E+11,127916049,4266,D,6060,6130
S*I. N. C. Ind.,20240310,6050,6110,6000,6060,7.28714E+11,120204256,4850,D,6030,6090
S*I. N. C. Ind.,20240309,6070,6120,5990,6030,8.58007E+11,142321003,4943,D,6010,6030
S*I. N. C. Ind.,20240306,5990,6070,5980,6010,5.05355E+11,84135849,4035,D,6030,6010
S*I. N. C. Ind.,20240305,5930,6180,5930,6030,5.15684E+11,85484934,5078,D,5980,6000
S*I. N. C. Ind.,20240304,6080,6080,5940,5980,6.89498E+11,115255755,5011,D,6010,5950
S*I. N. C. Ind.,20240303,6290,6290,5880,6010,1.07699E+12,179294796,7464,D,5600,6020
S*I. N. C. Ind.,20240302,0,0,0,5600,0,0,0,D,5600,5610
S*I. N. C. Ind.,20240228,5610,5630,5580,5600,3.52242E+11,62844522,2593,D,5610,5610
S*I. N. C. Ind.,20240227,0,0,0,5610,0,0,0,D,5610,5590
S*I. N. C. Ind.,20240226,0,0,0,5610,0,0,0,D,5610,5590
S*I. N. C. Ind.,20240224,0,0,0,5610,0,0,0,D,5610,5590
S*I. N. C. Ind.,20240221,0,0,0,5610,0,0,0,D,5610,5590
S*I. N. C. Ind.,20240220,0,0,0,7290,0,0,0,D,7290,7270
S*I. N. C. Ind.,20240219,0,0,0,7290,0,0,0,D,7290,7270
S*I. N. C. Ind.,20240218,0,0,0,7290,0,0,0,D,7290,7270
S*I. N. C. Ind.,20240217,0,0,0,7290,0,0,0,D,7290,7270
S*I. N. C. Ind.,20240214,0,0,0,7290,0,0,0,D,7290,7270
S*I. N. C. Ind.,20240213,0,0,0,7290,0,0,0,D,7290,7270
S*I. N. C. Ind.,20240212,0,0,0,7290,0,0,0,D,7290,7270
S*I. N. C. Ind.,20240210,7370,7380,7260,7290,2.59098E+11,35563645,2991,D,7250,7270
S*I. N. C. Ind.,20240207,7250,7300,7230,7250,3.44698E+11,47548751,2499,D,7250,7270
S*I. N. C. Ind.,20240206,7250,7300,7220,7250,3.21037E+11,44267986,2433,D,7280,7240
S*I. N. C. Ind.,20240205,7350,7380,7240,7280,2.87387E+11,39454106,2769,D,7350,7280
S*I. N. C. Ind.,20240204,7390,7420,7300,7350,3.72842E+11,50714108,2372,D,7390,7340
S*I. N. C. Ind.,20240203,7370,7470,7350,7390,4.01753E+11,54341931,2755,D,7390,7390
S*I. N. C. Ind.,20240131,7390,7430,7370,7390,3.86319E+11,52271675,2225,D,7400,7380
S*I. N. C. Ind.,20240130,7400,7450,7340,7400,4.87241E+11,65811815,5232,D,7400,7360
S*I. N. C. Ind.,20240129,7420,7450,7360,7400,5.53697E+11,74854674,2919,D,7420,7420
S*I. N. C. Ind.,20240128,7430,7490,7380,7420,4.70409E+11,63368799,2685,D,7430,7460
S*I. N. C. Ind.,20240127,7440,7520,7390,7430,3.81961E+11,51386601,2433,D,7400,7410
S*I. N. C. Ind.,20240124,7410,7470,7360,7400,2.92798E+11,39592492,2119,D,7360,7460
S*I. N. C. Ind.,20240123,7430,7440,7320,7360,4.24055E+11,57585867,2587,D,7420,7410
S*I. N. C. Ind.,20240122,7420,7470,7390,7420,4.02047E+11,54157253,2446,D,7420,7440
S*I. N. C. Ind.,20240121,7340,7450,7330,7420,6.22228E+11,83834742,2734,D,7430,7430
S*I. N. C. Ind.,20240120,7410,7550,7310,7430,7.22656E+11,97321883,3487,D,7460,7420
S*I. N. C. Ind.,20240117,7490,7500,7420,7460,3.38698E+11,45416805,1973,D,7490,7450
S*I. N. C. Ind.,20240116,7490,7530,7400,7490,3.89319E+11,51957294,2081,D,7520,7490
S*I. N. C. Ind.,20240115,7530,7550,7490,7520,5.23536E+11,69582003,2614,D,7530,7490
S*I. N. C. Ind.,20240114,7490,7590,7490,7530,4.53205E+11,60147108,3180,D,7510,7560
S*I. N. C. Ind.,20240113,7370,7560,7370,7510,4.54398E+11,60475437,3692,D,7400,7500
S*I. N. C. Ind.,20240110,7400,7440,7360,7400,2.63975E+11,35657152,2197,D,7340,7430
S*I. N. C. Ind.,20240109,7280,7440,7250,7340,2.74099E+11,37360336,2360,D,7290,7350
S*I. N. C. Ind.,20240108,7310,7320,7280,7290,2.12495E+11,29129883,1877,D,7300,7280
S*I. N. C. Ind.,20240107,7320,7320,7280,7300,3.15592E+11,43242613,2502,D,7310,7300
S*I. N. C. Ind.,20240106,7390,7400,7290,7310,3.14142E+11,42969979,2314,D,7320,7310
S*I. N. C. Ind.,20240103,7340,7430,7270,7320,4.34155E+11,59299765,2417,D,7350,7400
S*I. N. C. Ind.,20240102,7410,7410,7300,7350,2.04042E+11,27764684,1985,D,7400,7300
S*I. N. C. Ind.,20240101,7470,7470,7360,7400,2.78237E+11,37580450,1999,D,7440,7410
S*I. N. C. Ind.,20231231,7490,7500,7400,7440,2.94546E+11,39613388,2204,D,7490,7400
S*I. N. C. Ind.,20231230,7500,7550,7460,7490,5.38674E+11,71935343,2791,D,7490,7480
S*I. N. C. Ind.,20231227,7420,7560,7410,7490,7.00514E+11,93521815,3189,D,7490,7490
S*I. N. C. Ind.,20231226,7490,7590,7440,7490,3.63354E+11,48541690,2777,D,7590,7470
S*I. N. C. Ind.,20231225,7600,7680,7510,7590,5.27961E+11,69527866,2679,D,7640,7540
S*I. N. C. Ind.,20231224,7680,7720,7580,7640,6.10425E+11,79910904,3138,D,7700,7620
S*I. N. C. Ind.,20231223,7780,7780,7640,7700,5.21473E+11,67699403,2793,D,7750,7700
S*I. N. C. Ind.,20231220,7660,7810,7640,7750,4.18602E+11,54008918,2604,D,7730,7780
S*I. N. C. Ind.,20231219,7690,7800,7650,7730,3.62696E+11,46940559,2962,D,7660,7710
S*I. N. C. Ind.,20231218,7600,7690,7600,7660,3.51325E+11,45859688,3046,D,7500,7650
S*I. N. C. Ind.,20231216,7460,7570,7420,7500,2.66534E+11,35557181,2476,D,7480,7490
S*I. N. C. Ind.,20231213,7460,7500,7440,7480,2.10664E+11,28180589,1658,D,7480,7470
S*I. N. C. Ind.,20231212,7470,7500,7440,7480,2.65126E+11,35465003,1797,D,7490,7480
S*I. N. C. Ind.,20231211,7440,7520,7440,7490,3.71675E+11,49641370,2294,D,7500,7490
S*I. N. C. Ind.,20231210,7480,7520,7430,7500,4.13697E+11,55127742,2998,D,7510,7520
S*I. N. C. Ind.,20231209,7540,7560,7430,7510,3.22661E+11,42971782,2737,D,7540,7480
S*I. N. C. Ind.,20231206,7650,7650,7450,7540,2.66943E+11,35386948,2270,D,7580,7540
S*I. N. C. Ind.,20231205,7500,7640,7460,7580,5.47952E+11,72278028,3838,D,7600,7570
S*I. N. C. Ind.,20231204,7670,7850,7470,7600,7.14414E+11,93967024,7221,D,7480,7510
S*I. N. C. Ind.,20231203,7120,7620,7080,7480,1.62921E+12,217951474,9112,D,7130,7620
S*I. N. C. Ind.,20231202,7080,7200,7080,7130,3.24068E+11,45478091,3125,D,7020,7110
S*I. N. C. Ind.,20231129,6940,7110,6930,7020,4.60516E+11,65636228,3100,D,6930,7040
S*I. N. C. Ind.,20231128,6980,6980,6880,6930,2.58885E+11,37359654,1944,D,6950,6940
S*I. N. C. Ind.,20231127,6980,6990,6910,6950,3.82748E+11,55104356,2238,D,6920,6930
S*I. N. C. Ind.,20231126,6920,6970,6900,6920,2.98226E+11,43120752,2401,D,6920,6930
S*I. N. C. Ind.,20231125,6900,6940,6900,6920,2.0892E+11,30180264,1878,D,6930,6910
S*I. N. C. Ind.,20231122,6910,6950,6910,6930,3.11004E+11,44895748,2082,D,6920,6950
S*I. N. C. Ind.,20231121,6920,6960,6900,6920,2.62597E+11,37964752,2106,D,6920,6910
S*I. N. C. Ind.,20231120,6930,6980,6900,6920,3.39088E+11,48995972,2265,D,6930,6900
S*I. N. C. Ind.,20231119,6900,6980,6900,6930,4.84602E+11,69879167,2298,D,6940,6930
S*I. N. C. Ind.,20231118,6950,6990,6910,6940,3.63463E+11,52376188,2113,D,6970,6920
S*I. N. C. Ind.,20231115,6990,7010,6950,6970,3.86101E+11,55395247,2062,D,7000,6960
S*I. N. C. Ind.,20231114,7000,7040,6970,7000,3.42474E+11,48945880,2157,D,7030,6980
S*I. N. C. Ind.,20231113,7060,7060,7000,7030,2.5824E+11,36759686,2247,D,7050,7010
S*I. N. C. Ind.,20231112,7080,7100,7000,7050,3.50278E+11,49675168,2155,D,7090,7070
S*I. N. C. Ind.,20231111,7040,7140,7040,7090,3.0414E+11,42897992,2284,D,7110,7080
S*I. N. C. Ind.,20231108,7080,7220,7060,7110,3.31697E+11,46679376,2243,D,7070,7120
S*I. N. C. Ind.,20231107,7000,7230,6980,7070,3.66587E+11,51840386,2806,D,7010,7080
S*I. N. C. Ind.,20231106,7060,7060,6980,7010,2.91347E+11,41539298,2124,D,7020,7030
S*I. N. C. Ind.,20231105,7040,7110,6980,7020,3.34285E+11,47640409,2271,D,6990,7000
S*I. N. C. Ind.,20231104,6900,7050,6900,6990,2.93647E+11,41998720,2369,D,6890,7000
S*I. N. C. Ind.,20231101,6890,6920,6810,6890,3.21485E+11,46631970,2028,D,6910,6920
S*I. N. C. Ind.,20231031,6920,6950,6900,6910,2.49298E+11,36062861,1956,D,6910,6910
S*I. N. C. Ind.,20231030,6880,6990,6860,6910,1.49424E+11,21627873,2211,D,6880,6910
S*I. N. C. Ind.,20231029,6810,6950,6790,6880,2.88629E+11,41956960,2388,D,6830,6950
S*I. N. C. Ind.,20231028,6930,6930,6760,6830,6.6592E+11,97545674,3610,D,6930,6760
S*I. N. C. Ind.,20231025,6920,6960,6920,6930,1.78949E+11,25809079,1937,D,6920,6930
S*I. N. C. Ind.,20231024,6950,6990,6890,6920,5.08317E+11,73448160,2807,D,6970,6920
S*I. N. C. Ind.,20231023,6960,7010,6940,6970,2.49084E+11,35723770,1857,D,7000,6960
S*I. N. C. Ind.,20231022,6970,7060,6970,7000,2.96141E+11,42315629,2034,D,6980,6980
S*I. N. C. Ind.,20231021,7000,7010,6950,6980,3.52528E+11,50534108,1980,D,6990,6960
S*I. N. C. Ind.,20231018,6970,7050,6950,6990,5.91888E+11,84727912,2743,D,7000,7020
S*I. N. C. Ind.,20231017,6990,7020,6980,7000,4.16795E+11,59560851,2267,D,6990,7000
S*I. N. C. Ind.,20231016,7000,7040,6950,6990,2.53521E+11,36251995,2181,D,6970,7000
S*I. N. C. Ind.,20231015,6930,7020,6900,6970,3.61174E+11,51818796,2054,D,6960,7000
S*I. N. C. Ind.,20231014,6980,7000,6930,6960,6.07747E+11,87305736,2739,D,7000,6970
S*I. N. C. Ind.,20231011,6990,7030,6980,7000,1.69907E+11,24285039,1630,D,6990,7000
S*I. N. C. Ind.,20231010,6980,7010,6980,6990,2.57582E+11,36827634,2012,D,6980,7000
S*I. N. C. Ind.,20231009,6920,7080,6920,6980,2.85627E+11,40930497,2702,D,6920,6960
S*I. N. C. Ind.,20231008,6990,6990,6900,6920,1.10351E+12,159521540,4504,D,6990,6920
S*I. N. C. Ind.,20231007,7000,7050,6970,6990,5.45488E+11,78026954,2652,D,7000,6990
S*I. N. C. Ind.,20231004,7000,7050,6970,7000,7.80656E+11,111551861,3418,D,7000,6980
S*I. N. C. Ind.,20231002,7030,7070,6990,7000,5.0969E+11,72781925,2756,D,7010,6990
S*I. N. C. Ind.,20231001,7060,7100,6970,7010,4.40821E+11,62885384,3366,D,7080,6980
S*I. N. C. Ind.,20230930,7170,7240,7030,7080,3.93565E+11,55616485,3941,D,7210,7060
S*I. N. C. Ind.,20230927,7190,7270,7140,7210,4.91814E+11,68222420,2900,D,7230,7200
S*I. N. C. Ind.,20230926,7270,7280,7190,7230,5.67897E+11,78587722,3090,D,7280,7190
S*I. N. C. Ind.,20230925,7380,7390,7250,7280,3.51824E+11,48301544,2748,D,7390,7280
S*I. N. C. Ind.,20230923,7380,7410,7320,7390,3.6086E+11,48858356,2344,D,7410,7390
S*I. N. C. Ind.,20230920,7390,7470,7340,7410,3.20315E+11,43199461,2066,D,7430,7400
S*I. N. C. Ind.,20230919,7370,7540,7370,7430,5.16016E+11,69464822,2863,D,7390,7380
S*I. N. C. Ind.,20230918,7380,7440,7350,7390,5.31725E+11,71920442,2762,D,7400,7390
S*I. N. C. Ind.,20230917,7420,7430,7350,7400,2.6607E+11,35946794,2620,D,7410,7400
S*I. N. C. Ind.,20230913,7400,7450,7370,7410,3.27868E+11,44235908,2325,D,7370,7430
S*I. N. C. Ind.,20230912,7320,7450,7310,7370,2.67351E+11,36258565,2046,D,7370,7370
S*I. N. C. Ind.,20230911,7400,7480,7320,7370,4.98667E+11,67663248,3071,D,7410,7400
S*I. N. C. Ind.,20230910,7350,7450,7290,7410,2.76407E+11,37281592,2463,D,7430,7410
S*I. N. C. Ind.,20230909,7500,7620,7320,7430,3.75358E+11,50539301,3268,D,7510,7380
S*I. N. C. Ind.,20230905,7480,7600,7450,7510,5.31676E+11,70783917,3974,D,7500,7490
S*I. N. C. Ind.,20230904,7460,7590,7370,7500,6.17445E+11,82314646,4354,D,7470,7490
S*I. N. C. Ind.,20230903,7460,7500,7420,7470,3.49839E+11,46848983,2800,D,7460,7470
S*I. N. C. Ind.,20230902,7530,7590,7360,7460,5.7556E+11,77143503,4119,D,7450,7460
S*I. N. C. Ind.,20230830,7520,7520,7370,7450,6.51256E+11,87475072,4716,D,7430,7380
S*I. N. C. Ind.,20230829,7400,7520,7330,7430,6.13262E+11,82550073,4770,D,7340,7350
S*I. N. C. Ind.,20230828,7250,7450,7150,7340,6.74741E+11,91918046,5253,D,7240,7310
S*I. N. C. Ind.,20230827,6980,7340,6950,7240,6.3438E+11,87568375,5913,D,6860,7220
S*I. N. C. Ind.,20230826,6770,6980,6730,6860,3.45527E+11,50347583,3979,D,6680,6900
S*I. N. C. Ind.,20230823,6600,6760,6600,6680,2.10238E+11,31459239,3049,D,6640,6750
S*I. N. C. Ind.,20230822,6710,6710,6570,6640,2.33273E+11,35148440,1874,D,6680,6640
S*I. N. C. Ind.,20230821,6690,6750,6670,6680,2.11644E+11,31660935,1921,D,6680,6710
S*I. N. C. Ind.,20230820,6680,6750,6650,6680,3.50503E+11,52463723,2515,D,6680,6690
S*I. N. C. Ind.,20230819,6710,6760,6640,6680,3.87751E+11,58016696,2584,D,6720,6640
S*I. N. C. Ind.,20230816,6690,6760,6690,6720,2.32266E+11,34553589,2049,D,6740,6710
S*I. N. C. Ind.,20230815,6710,6790,6680,6740,2.66175E+11,39495275,2028,D,6820,6720
S*I. N. C. Ind.,20230814,6800,6960,6730,6820,1.27075E+11,18640771,2018,D,6750,6760
S*I. N. C. Ind.,20230813,6700,6800,6650,6750,1.79879E+11,26654570,2203,D,6740,6780
S*I. N. C. Ind.,20230812,6900,6980,6640,6740,5.06114E+11,75064550,3555,D,6990,6650
S*I. N. C. Ind.,20230809,7050,7100,6900,6990,4.04235E+11,57840710,2849,D,7050,7000
S*I. N. C. Ind.,20230808,7100,7140,6990,7050,3.9444E+11,55916044,2837,D,7120,7030
S*I. N. C. Ind.,20230807,7100,7200,7060,7120,3.36553E+11,47247148,3103,D,7050,7110
S*I. N. C. Ind.,20230806,7080,7140,6970,7050,6.70318E+11,95142860,4227,D,6990,7100
S*I. N. C. Ind.,20230805,6870,7180,6770,6990,3.98505E+11,56976017,4374,D,6750,7060
S*I. N. C. Ind.,20230801,6680,6830,6680,6750,2.89399E+11,42856657,2624,D,6680,6820
S*I. N. C. Ind.,20230731,6680,6740,6640,6680,3.17621E+11,47545540,2248,D,6660,6670
S*I. N. C. Ind.,20230730,6650,6730,6610,6660,4.06386E+11,60990956,3424,D,6680,6660
S*I. N. C. Ind.,20230729,6660,6800,6640,6680,2.70502E+11,40495665,2855,D,6650,6690
S*I. N. C. Ind.,20230726,6650,6700,6620,6650,2.52392E+11,37961090,2474,D,6650,6660
S*I. N. C. Ind.,20230725,6650,6770,6620,6650,2.10319E+11,31605015,3066,D,6630,6650
S*I. N. C. Ind.,20230724,6610,6680,6590,6630,1.75952E+11,26551878,1952,D,6590,6650
S*I. N. C. Ind.,20230723,0,0,0,7070,0,0,0,D,7070,7130
S*I. N. C. Ind.,20230722,0,0,0,7070,0,0,0,D,7070,7130
S*I. N. C. Ind.,20230719,0,0,0,7070,0,0,0,D,7070,7130
S*I. N. C. Ind.,20230718,6810,7130,6810,7070,8.49212E+11,120162655,5814,D,6670,7130
S*I. N. C. Ind.,20230717,6850,6910,6500,6670,7.0961E+11,106448329,5887,D,6910,6740
S*I. N. C. Ind.,20230716,6940,7000,6850,6910,7.58322E+11,109671465,4429,D,6980,6880
S*I. N. C. Ind.,20230715,6900,7050,6900,6980,4.82776E+11,69160596,3312,D,6950,6980
S*I. N. C. Ind.,20230712,7030,7130,6870,6950,6.51266E+11,93749711,4873,D,7130,6990
S*I. N. C. Ind.,20230711,7240,7240,7030,7130,7.05579E+11,98948004,4234,D,7240,7040
S*I. N. C. Ind.,20230710,7200,7300,7200,7240,3.19739E+11,44138320,2987,D,7280,7220
S*I. N. C. Ind.,20230709,7310,7310,7260,7280,4.11634E+11,56522146,3220,D,7310,7280
S*I. N. C. Ind.,20230708,7300,7380,7210,7310,2.84233E+11,38897814,3685,D,7300,7220
S*I. N. C. Ind.,20230705,7270,7360,7250,7300,2.42432E+11,33219466,3359,D,7270,7300
S*I. N. C. Ind.,20230704,7210,7340,7160,7270,3.5663E+11,49065856,4894,D,7070,7250
S*I. N. C. Ind.,20230703,7000,7200,7000,7070,3.89956E+11,55159112,4453,D,6980,7180
S*I. N. C. Ind.,20230702,6930,7040,6920,6980,2.28894E+11,32799140,3487,D,6920,7000
S*I. N. C. Ind.,20230701,6890,6970,6890,6920,2.60862E+11,37723666,3311,D,6880,6910
S*I. N. C. Ind.,20230628,6840,6930,6820,6880,2.1932E+11,31855569,3058,D,6860,6910
S*I. N. C. Ind.,20230627,6980,6980,6810,6860,3.95382E+11,57612859,4024,D,6940,6910
S*I. N. C. Ind.,20230626,7000,7010,6890,6940,3.06273E+11,44121023,4205,D,6970,6920
S*I. N. C. Ind.,20230625,6920,7010,6900,6970,2.76303E+11,39641778,3896,D,6890,6980
S*I. N. C. Ind.,20230624,6900,6980,6800,6890,3.91493E+11,56808429,4942,D,6980,6900
S*I. N. C. Ind.,20230621,7100,7100,6910,6980,3.88009E+11,55561165,6258,D,7060,6930
S*I. N. C. Ind.,20230620,7100,7100,7030,7060,2.69081E+11,38110456,2787,D,7050,7060
S*I. N. C. Ind.,20230619,7100,7140,7010,7050,4.23654E+11,60055039,3408,D,7060,7040
S*I. N. C. Ind.,20230618,7160,7170,7010,7060,5.06152E+11,71686695,3615,D,7060,7050
S*I. N. C. Ind.,20230617,7050,7190,6990,7060,4.47244E+11,63310034,4768,D,7100,7170
S*I. N. C. Ind.,20230614,7090,7260,7000,7100,2.9385E+11,41399921,4742,D,6980,7020
S*I. N. C. Ind.,20230613,6910,7050,6880,6980,4.07479E+11,58361235,4344,D,6950,6990
S*I. N. C. Ind.,20230612,7220,7220,6810,6950,1.14546E+12,164897839,8960,D,7220,6910
S*I. N. C. Ind.,20230611,7300,7310,7150,7220,7.3953E+11,102405009,6618,D,7280,7150
S*I. N. C. Ind.,20230610,7500,7500,7160,7280,1.0417E+12,143097565,7348,D,7520,7160
S*I. N. C. Ind.,20230607,7540,7600,7490,7520,5.68994E+11,75649965,4555,D,7510,7540
S*I. N. C. Ind.,20230606,7510,7590,7500,7510,6.27634E+11,83570336,4614,D,7500,7510
S*I. N. C. Ind.,20230603,7480,7530,7470,7500,3.48959E+11,46516845,3942,D,7470,7500
S*I. N. C. Ind.,20230531,7500,7520,7390,7470,9.8795E+11,132302999,5258,D,7510,7510
S*I. N. C. Ind.,20230530,7520,7580,7490,7510,9.70959E+11,129235419,5549,D,7510,7510
S*I. N. C. Ind.,20230529,7510,7670,7500,7510,9.29572E+11,123706137,5610,D,7510,7520
S*I. N. C. Ind.,20230528,7550,7590,7480,7510,1.11819E+12,148870210,7060,D,7590,7560
S*I. N. C. Ind.,20230527,7690,7700,7510,7590,7.56506E+11,99616818,7073,D,7700,7590
S*I. N. C. Ind.,20230524,7750,7900,7630,7700,6.48016E+11,84108817,7206,D,7730,7670
S*I. N. C. Ind.,20230523,7800,7820,7670,7730,6.18748E+11,80018929,7925,D,7790,7710
S*I. N. C. Ind.,20230522,7910,7940,7730,7790,5.48663E+11,70438763,6650,D,7820,7780
S*I. N. C. Ind.,20230521,7820,7970,7640,7820,9.07026E+11,115990212,6867,D,7810,7920
S*I. N. C. Ind.,20230520,8000,8000,7700,7810,6.75576E+11,86536627,7865,D,7910,7820
S*I. N. C. Ind.,20230517,7900,7990,7870,7910,6.35025E+11,80256469,8176,D,7940,7900
S*I. N. C. Ind.,20230515,8110,8150,7860,7940,5.71626E+11,71948457,6820,D,7900,7900
S*I. N. C. Ind.,20230514,7580,8090,7580,7900,6.51713E+11,82547071,8430,D,7590,8070
S*I. N. C. Ind.,20230513,7750,7780,7410,7590,1.63485E+12,215372236,12345,D,7750,7680
S*I. N. C. Ind.,20230510,7900,7950,7670,7750,1.60227E+12,206743432,11452,D,7750,7780
S*I. N. C. Ind.,20230509,7300,8010,7300,7750,1.53515E+12,198008577,16186,D,7690,7880
S*I. N. C. Ind.,20230508,7880,7890,7610,7690,2.3998E+12,312223841,16068,D,8180,7610
S*I. N. C. Ind.,20230507,8560,8620,7970,8180,2.33735E+12,285833335,20864,D,8560,7980
S*I. N. C. Ind.,20230506,8700,8700,8500,8560,1.50952E+12,176410282,16369,D,8620,8560
S*I. N. C. Ind.,20230503,8750,8760,8510,8620,1.64193E+12,190520601,16091,D,8760,8540
S*I. N. C. Ind.,20230502,8760,8870,8670,8760,1.43621E+12,163895895,13028,D,8690,8760
S*I. N. C. Ind.,20230501,8920,8930,8530,8690,1.32398E+12,152358043,15224,D,8750,8750
S*I. N. C. Ind.,20230430,8790,9000,8540,8750,2.45073E+12,280158499,19183,D,8520,8750
S*I. N. C. Ind.,20230429,8120,8590,8120,8520,5.29977E+12,622130130,30522,D,8030,8590
S*I. N. C. Ind.,20230426,8100,8120,7960,8030,8.8678E+11,110372308,10293,D,8120,8060
S*I. N. C. Ind.,20230425,7970,8210,7970,8120,1.4459E+12,178027377,13054,D,7920,8000
S*I. N. C. Ind.,20230424,8000,8020,7810,7920,9.28525E+11,117277279,11941,D,7970,8020
S*I. N. C. Ind.,20230419,8000,8080,7900,7970,1.04074E+12,130563291,13740,D,8060,7960
S*I. N. C. Ind.,20230418,8000,8180,7960,8060,1.60427E+12,199152393,18315,D,8040,7980
S*I. N. C. Ind.,20230417,8100,8130,7940,8040,1.53672E+12,191039008,16103,D,8110,8080
S*I. N. C. Ind.,20230416,8150,8250,8050,8110,1.46875E+12,181029951,14686,D,8150,8110
S*I. N. C. Ind.,20230415,7960,8320,7960,8150,1.4696E+12,180306684,15714,D,7920,8100
S*I. N. C. Ind.,20230411,7970,8050,7870,7920,1.35172E+12,170710364,14961,D,8050,7900
S*I. N. C. Ind.,20230410,8260,8290,7890,8050,1.6765E+12,208371367,20674,D,8250,7940
S*I. N. C. Ind.,20230409,8350,8450,8200,8250,1.56081E+12,189150441,16513,D,8270,8240
S*I. N. C. Ind.,20230408,7970,8520,7960,8270,2.41111E+12,291574106,22458,D,7970,8240
S*I. N. C. Ind.,20230405,7800,8040,7800,7970,1.14237E+12,143380766,12960,D,8020,8010
S*I. N. C. Ind.,20230404,7940,8230,7900,8020,1.43117E+12,178525780,16031,D,7940,7940
S*I. N. C. Ind.,20230403,7970,8060,7740,7940,1.52985E+12,192651522,17574,D,8040,7960
S*I. N. C. Ind.,20230329,8040,8120,7960,8040,1.09929E+12,136811602,14898,D,8040,8070
S*I. N. C. Ind.,20230328,8120,8230,7950,8040,1.46959E+12,182693444,19572,D,8120,8050
S*I. N. C. Ind.,20230327,8000,8260,7780,8120,1.20237E+12,148006505,14894,D,8140,8200
S*I. N. C. Ind.,20230326,8300,8450,7810,8140,1.79591E+12,220684583,23103,D,7900,7970
S*I. N. C. Ind.,20230325,7860,8010,7520,7900,1.65976E+12,210020774,14908,D,7490,8010
S*I. N. C. Ind.,20230319,7500,7510,7270,7490,2.95978E+12,395414460,20642,D,7020,7510
S*I. N. C. Ind.,20230318,6910,7280,6910,7020,1.32082E+12,188199384,5761,D,6450,7150
S*I. N. C. Ind.,20230315,0,0,0,6450,0,0,0,D,6450,6420
S*I. N. C. Ind.,20230314,0,0,0,9670,0,0,0,D,9670,9630
S*I. N. C. Ind.,20230313,0,0,0,9670,0,0,0,D,9670,9630
S*I. N. C. Ind.,20230312,0,0,0,9670,0,0,0,D,9670,9630
S*I. N. C. Ind.,20230311,9850,9850,9600,9670,7.61842E+11,78814768,6184,D,9830,9630
S*I. N. C. Ind.,20230307,0,0,0,9830,0,0,0,D,9830,9840
S*I. N. C. Ind.,20230306,0,0,0,9830,0,0,0,D,9830,9840
S*I. N. C. Ind.,20230305,9790,10000,9750,9830,9.58465E+11,97495460,7203,D,9870,9840
S*I. N. C. Ind.,20230304,10010,10010,9800,9870,1.16404E+12,117916144,9898,D,10180,9810
S*I. N. C. Ind.,20230301,10170,10350,10020,10180,1.55053E+12,152287499,10849,D,10320,10020
S*I. N. C. Ind.,20230228,10260,10600,10110,10320,1.61752E+12,156703344,11640,D,10260,10250
S*I. N. C. Ind.,20230227,10180,10670,9750,10260,2.38836E+12,232682531,17037,D,10260,10370
S*I. N. C. Ind.,20230226,10330,10330,9920,10260,3.41219E+12,332506239,24135,D,9660,10300
S*I. N. C. Ind.,20230225,9660,9660,9420,9660,1.23126E+12,127509688,7022,D,9030,9660
S*I. N. C. Ind.,20230222,9040,9250,8720,9030,1.84583E+12,204460493,15431,D,9000,9150
S*I. N. C. Ind.,20230221,9000,9000,8860,9000,2.97811E+12,331036639,15155,D,8420,9000
S*I. N. C. Ind.,20230220,8420,8420,8200,8420,1.02686E+12,121989436,6150,D,7870,8420
S*I. N. C. Ind.,20230219,7740,8000,7740,7870,8.6899E+11,110443470,5730,D,7740,7920
S*I. N. C. Ind.,20230215,7720,7800,7650,7740,3.50601E+11,45268950,3311,D,7790,7730
S*I. N. C. Ind.,20230214,7780,7860,7740,7790,3.3142E+11,42528616,3076,D,7830,7750
S*I. N. C. Ind.,20230213,7800,7930,7770,7830,4.49271E+11,57364951,3711,D,7820,7780
S*I. N. C. Ind.,20230212,7810,7920,7750,7820,4.67155E+11,59712033,4524,D,7900,7800
S*I. N. C. Ind.,20230208,7900,7970,7870,7900,5.01586E+11,63490673,4780,D,7830,7870
S*I. N. C. Ind.,20230207,7450,7990,7450,7830,6.26699E+11,80033125,5983,D,7550,7970
S*I. N. C. Ind.,20230206,7450,7620,7390,7550,5.76613E+11,76404921,4265,D,7450,7540
S*I. N. C. Ind.,20230205,7500,7530,7400,7450,7.23002E+11,96994624,4582,D,7520,7480
S*I. N. C. Ind.,20230201,7510,7610,7450,7520,6.29811E+11,83773971,4204,D,7480,7570
S*I. N. C. Ind.,20230131,7500,7570,7440,7480,3.68718E+11,49293608,3609,D,7390,7460
S*I. N. C. Ind.,20230130,7380,7530,7240,7390,6.34679E+11,85882148,5164,D,7360,7500
S*I. N. C. Ind.,20230129,7500,7550,7270,7360,9.72862E+11,132247269,7786,D,7600,7490
S*I. N. C. Ind.,20230128,7620,7640,7530,7600,7.0486E+11,92794525,5472,D,7600,7560
S*I. N. C. Ind.,20230125,7720,7720,7520,7600,7.08277E+11,93175808,5588,D,7780,7610
S*I. N. C. Ind.,20230124,7830,7830,7730,7780,3.9704E+11,51046290,4171,D,7810,7740
S*I. N. C. Ind.,20230123,7820,8050,7690,7810,8.05151E+11,103056988,6636,D,7700,7830
S*I. N. C. Ind.,20230122,7600,7800,7590,7700,6.71883E+11,87288044,5980,D,7640,7760
S*I. N. C. Ind.,20230121,7800,7840,7560,7640,9.52023E+11,124578419,7715,D,7860,7610
S*I. N. C. Ind.,20230118,7810,7910,7790,7860,5.11377E+11,65067727,5942,D,7880,7900
S*I. N. C. Ind.,20230117,7920,7960,7820,7880,8.4478E+11,107186797,8001,D,7910,7900
S*I. N. C. Ind.,20230116,7880,7950,7800,7910,7.58857E+11,95975931,7428,D,7710,7910
S*I. N. C. Ind.,20230115,0,0,0,7710,0,0,0,D,7710,7820
S*I. N. C. Ind.,20230114,7550,7850,7440,7710,9.47107E+11,122787198,8470,D,7620,7820
S*I. N. C. Ind.,20230111,7780,7780,7500,7620,8.71875E+11,114426567,7332,D,7710,7530
S*I. N. C. Ind.,20230110,7600,7920,7600,7710,1.24827E+12,161921147,8718,D,7480,7680
S*I. N. C. Ind.,20230109,7470,7570,7390,7480,7.81529E+11,104505520,6254,D,7460,7540
S*I. N. C. Ind.,20230108,7460,7600,7380,7460,1.29546E+12,173761487,9500,D,7360,7400
S*I. N. C. Ind.,20230107,7440,7440,7290,7360,4.64734E+11,63161841,5024,D,7240,7390
S*I. N. C. Ind.,20230104,7270,7390,7150,7240,4.64366E+11,64111608,4794,D,7350,7370
S*I. N. C. Ind.,20230103,7480,7490,7210,7350,9.07409E+11,123532620,7818,D,7430,7260
S*I. N. C. Ind.,20230102,7350,7470,7350,7430,4.86104E+11,65410346,5560,D,7240,7460
S*I. N. C. Ind.,20230101,7200,7410,7120,7240,9.21408E+11,127178541,8104,D,7380,7350
S*I. N. C. Ind.,20221231,7240,7660,7210,7380,1.16535E+12,157985954,11219,D,7660,7310
S*I. N. C. Ind.,20221228,7450,7690,7430,7660,2.03982E+12,266210938,12467,D,7190,7690
S*I. N. C. Ind.,20221226,7200,7250,7050,7190,4.79045E+11,66630185,5110,D,7250,7190
S*I. N. C. Ind.,20221225,7380,7390,7190,7250,6.08818E+11,83970284,7077,D,7220,7210
S*I. N. C. Ind.,20221224,6980,7330,6980,7220,8.02478E+11,111148119,7006,D,6950,7310
S*I. N. C. Ind.,20221221,6930,7000,6870,6950,3.48312E+11,50116531,3478,D,6960,6960
S*I. N. C. Ind.,20221220,6980,7050,6920,6960,4.67098E+11,67099678,4073,D,7040,6930
S*I. N. C. Ind.,20221219,7150,7150,6940,7040,7.13855E+11,101449510,6144,D,7120,6980
S*I. N. C. Ind.,20221218,6900,7220,6900,7120,6.72697E+11,94483621,6818,D,6880,7110
S*I. N. C. Ind.,20221217,6860,6950,6850,6880,4.03947E+11,58712994,4311,D,6950,6880
S*I. N. C. Ind.,20221214,7030,7030,6850,6950,7.27989E+11,104821845,7841,D,6840,6890
S*I. N. C. Ind.,20221213,6540,6880,6540,6840,1.53343E+12,224166470,11851,D,6430,6880
S*I. N. C. Ind.,20221212,6290,6550,6270,6430,5.16015E+11,80221539,6111,D,6200,6540
S*I. N. C. Ind.,20221211,6050,6270,6040,6200,3.77447E+11,60849747,4606,D,6010,6250
S*I. N. C. Ind.,20221210,6040,6050,5960,6010,3.32358E+11,55322094,3264,D,6080,6040
S*I. N. C. Ind.,20221207,6200,6200,6040,6080,1.86372E+11,30672465,3190,D,6190,6060
S*I. N. C. Ind.,20221206,6130,6220,6120,6190,2.51167E+11,40566063,2301,D,6220,6170
S*I. N. C. Ind.,20221205,6280,6290,6170,6220,3.08316E+11,49604349,3025,D,6220,6220
S*I. N. C. Ind.,20221204,6250,6270,6110,6220,3.73204E+11,60005412,3357,D,6230,6240
S*I. N. C. Ind.,20221203,6280,6290,6170,6230,2.92617E+11,46987899,3670,D,6150,6210
S*I. N. C. Ind.,20221130,6090,6230,6040,6150,2.92886E+11,47612660,3748,D,6020,6140
S*I. N. C. Ind.,20221129,5890,6100,5890,6020,2.7198E+11,45184275,3539,D,5930,6090
S*I. N. C. Ind.,20221128,5950,5980,5890,5930,2.92855E+11,49394555,2500,D,5930,5930
S*I. N. C. Ind.,20221127,5940,5990,5850,5930,2.01312E+11,33928588,2403,D,5910,5980
S*I. N. C. Ind.,20221126,5950,5960,5860,5910,1.86846E+11,31639097,2738,D,5950,5950
S*I. N. C. Ind.,20221123,5900,6010,5890,5950,1.23515E+11,20767141,2112,D,5960,5940
S*I. N. C. Ind.,20221122,5980,6030,5900,5960,2.61257E+11,43833066,2619,D,5990,5980
S*I. N. C. Ind.,20221121,6000,6060,5900,5990,2.55749E+11,42702558,2572,D,5990,5980
S*I. N. C. Ind.,20221120,5890,6110,5880,5990,3.68983E+11,61610161,3213,D,5950,5950
S*I. N. C. Ind.,20221119,6000,6100,5850,5950,5.38959E+11,90637693,4790,D,6130,5950
S*I. N. C. Ind.,20221116,6140,6200,6060,6130,3.26067E+11,53190902,2775,D,6110,6090
S*I. N. C. Ind.,20221115,6110,6200,6060,6110,2.58768E+11,42340103,3138,D,6090,6140
S*I. N. C. Ind.,20221114,6180,6190,6010,6090,4.94184E+11,81101992,4545,D,6170,6110
S*I. N. C. Ind.,20221113,6280,6280,6100,6170,4.9709E+11,80518550,5807,D,6300,6140
S*I. N. C. Ind.,20221112,6170,6400,6170,6300,1.19549E+12,189618397,9388,D,5985,6260
S*I. N. C. Ind.,20221109,5831,6120,5809,5985,7.23922E+11,120964204,6581,D,5980,6020
S*I. N. C. Ind.,20221108,6170,6199,5867,5980,8.65365E+11,144716189,9623,D,5902,5874
S*I. N. C. Ind.,20221107,5619,5980,5460,5902,1.08246E+12,183397529,9719,D,5589,5980
S*I. N. C. Ind.,20221106,5570,5671,5431,5589,9.26734E+11,165822716,9930,D,5325,5620
S*I. N. C. Ind.,20221105,5280,5332,5171,5325,6.98406E+11,131154414,3919,D,4984,5332
S*I. N. C. Ind.,20221102,4952,5090,4937,4984,2.61754E+11,52515802,3449,D,4951,5039
S*I. N. C. Ind.,20221101,4920,4981,4918,4951,1.60757E+11,32468778,2475,D,4916,4942
S*I. N. C. Ind.,20221031,4900,4996,4861,4916,1.1033E+11,22406306,2504,D,4858,4922
S*I. N. C. Ind.,20221030,4838,4994,4753,4858,3.0598E+11,62981153,3467,D,4743,4950
S*I. N. C. Ind.,20221029,4750,4800,4720,4743,2.31311E+11,48769869,2884,D,4673,4725
S*I. N. C. Ind.,20221026,4739,4739,4630,4673,2.79277E+11,59763083,3051,D,4740,4651
S*I. N. C. Ind.,20221025,4780,4780,4726,4740,2.71434E+11,57269909,3348,D,4780,4730
S*I. N. C. Ind.,20221024,4825,4828,4715,4780,2.36834E+11,49545394,2470,D,4857,4719
S*I. N. C. Ind.,20221023,4850,4920,4840,4857,1.25891E+11,25921766,1119,D,4854,4841
S*I. N. C. Ind.,20221022,4890,4900,4832,4854,1.46945E+11,30270556,2092,D,4854,4846
S*I. N. C. Ind.,20221019,4894,4894,4840,4854,1.47361E+11,30360482,1870,D,4864,4866
S*I. N. C. Ind.,20221018,4869,4885,4851,4864,1.36024E+11,27964117,1750,D,4864,4866
S*I. N. C. Ind.,20221017,4868,4869,4850,4864,2.62909E+11,54056404,1961,D,4863,4863
S*I. N. C. Ind.,20221016,4900,4900,4849,4863,1.19314E+11,24532689,1900,D,4895,4860
S*I. N. C. Ind.,20221015,4965,4965,4858,4895,1.38473E+11,28286780,2114,D,4967,4920
S*I. N. C. Ind.,20221012,5020,5020,4912,4967,1.64528E+11,33127285,2346,D,4896,4939
S*I. N. C. Ind.,20221011,4898,4998,4832,4896,1.99602E+11,40771557,2665,D,4832,4995
S*I. N. C. Ind.,20221010,4850,4900,4801,4832,1.59468E+11,33005116,2220,D,4848,4884
S*I. N. C. Ind.,20221009,4858,4858,4820,4848,2.83698E+11,58521974,2466,D,4848,4841
S*I. N. C. Ind.,20221008,4900,4900,4836,4848,1.20223E+11,24799455,2358,D,4851,4850
S*I. N. C. Ind.,20221004,4861,4870,4831,4851,76839781514,15856861,1746,D,4860,4842
S*I. N. C. Ind.,20221003,4860,4890,4855,4860,99701167424,20513077,1812,D,4860,4860
S*I. N. C. Ind.,20221002,4835,4888,4831,4860,1.62827E+11,33504561,2422,D,4880,4881
S*I. N. C. Ind.,20221001,5030,5030,4840,4880,1.0845E+11,22258595,2853,D,4980,4842
S*I. N. C. Ind.,20220928,4960,5050,4930,4980,96235647730,19264100,2737,D,4930,4960
S*I. N. C. Ind.,20220926,4880,5020,4870,4930,1.77588E+11,36037038,3012,D,4900,4930
S*I. N. C. Ind.,20220924,4990,4990,4840,4900,3.22117E+11,65757221,4094,D,5020,4870
S*I. N. C. Ind.,20220921,5030,5060,5000,5020,1.63646E+11,32625588,2367,D,5030,5020
S*I. N. C. Ind.,20220920,5060,5060,5020,5030,1.81129E+11,35977484,2285,D,5040,5030
S*I. N. C. Ind.,20220919,5090,5090,5020,5040,1.62886E+11,32328273,2361,D,5050,5040
S*I. N. C. Ind.,20220918,5110,5120,5020,5050,1.74424E+11,34556673,2944,D,5100,5050
S*I. N. C. Ind.,20220914,5160,5160,5080,5100,1.39245E+11,27320988,2335,D,5090,5090
S*I. N. C. Ind.,20220913,5080,5130,5060,5090,1.5777E+11,30982256,2791,D,5060,5100
S*I. N. C. Ind.,20220912,5050,5110,5040,5060,1.41778E+11,28022314,2764,D,5050,5080
S*I. N. C. Ind.,20220911,5050,5090,5020,5050,1.65552E+11,32786640,2564,D,5070,5070
S*I. N. C. Ind.,20220910,5090,5160,5030,5070,2.46403E+11,48590168,3194,D,5090,5050
S*I. N. C. Ind.,20220907,5140,5180,5010,5090,4.18056E+11,82094760,5589,D,5160,5170
S*I. N. C. Ind.,20220906,5210,5220,5140,5160,1.63164E+11,31604495,3034,D,5220,5190
S*I. N. C. Ind.,20220905,5290,5290,5190,5220,1.48268E+11,28383399,2899,D,5230,5230
S*I. N. C. Ind.,20220904,5230,5250,5210,5230,1.46737E+11,28062995,2603,D,5230,5230
S*I. N. C. Ind.,20220903,5300,5300,5150,5230,2.02524E+11,38751832,3541,D,5310,5240
S*I. N. C. Ind.,20220831,5380,5400,5250,5310,1.78581E+11,33620295,3633,D,5350,5350
S*I. N. C. Ind.,20220830,0,0,0,5350,0,0,0,D,5350,5350
S*I. N. C. Ind.,20220829,5380,5410,5320,5350,1.64386E+11,30728352,3006,D,5390,5350
S*I. N. C. Ind.,20220828,5460,5470,5370,5390,1.38412E+11,25668960,2449,D,5460,5400
S*I. N. C. Ind.,20220827,5530,5560,5420,5460,1.93041E+11,35357836,3265,D,5460,5450
S*I. N. C. Ind.,20220824,5490,5500,5420,5460,2.28724E+11,41907075,3123,D,5420,5500
S*I. N. C. Ind.,20220823,5340,5470,5320,5420,1.6993E+11,31326890,2701,D,5320,5460
S*I. N. C. Ind.,20220822,5330,5400,5290,5320,1.16331E+11,21855610,2566,D,5320,5330
S*I. N. C. Ind.,20220821,5360,5400,5270,5320,2.04409E+11,38436180,3239,D,5340,5330
S*I. N. C. Ind.,20220820,5390,5420,5300,5340,1.76631E+11,33047542,3792,D,5420,5360
S*I. N. C. Ind.,20220817,5460,5490,5380,5420,1.89228E+11,34923216,3880,D,5460,5440
S*I. N. C. Ind.,20220816,5510,5550,5430,5460,1.24936E+11,22892886,3018,D,5540,5460
S*I. N. C. Ind.,20220815,5590,5620,5500,5540,2.03937E+11,36791802,3582,D,5630,5580
S*I. N. C. Ind.,20220814,5710,5730,5580,5630,1.42908E+11,25368841,2648,D,5700,5590
S*I. N. C. Ind.,20220813,5570,5770,5530,5700,2.47337E+11,43402591,3717,D,5580,5710
S*I. N. C. Ind.,20220810,5510,5620,5510,5580,2.09432E+11,37534537,2403,D,5560,5550
S*I. N. C. Ind.,20220809,5600,5620,5500,5560,1.72842E+11,31097690,3201,D,5560,5600
S*I. N. C. Ind.,20220806,5500,5630,5490,5560,1.60615E+11,28911935,3437,D,5450,5620
S*I. N. C. Ind.,20220803,5410,5520,5380,5450,2.69796E+11,49503375,3152,D,5390,5500
S*I. N. C. Ind.,20220802,5350,5460,5310,5390,1.87453E+11,34781148,2642,D,5380,5460
S*I. N. C. Ind.,20220801,5430,5470,5340,5380,1.21988E+11,22678343,2738,D,5350,5380
S*I. N. C. Ind.,20220731,5400,5440,5230,5350,2.91725E+11,54565918,4235,D,5400,5410
S*I. N. C. Ind.,20220730,5370,5490,5280,5400,3.33357E+11,61732693,5976,D,5270,5390
S*I. N. C. Ind.,20220727,5210,5330,5180,5270,2.87322E+11,54571758,5908,D,5230,5300
S*I. N. C. Ind.,20220726,5240,5370,5120,5230,4.26209E+11,81449213,4580,D,5350,5310
S*I. N. C. Ind.,20220725,0,0,0,5350,0,0,0,D,5350,5410
S*I. N. C. Ind.,20220724,0,0,0,5350,0,0,0,D,5350,5410
S*I. N. C. Ind.,20220723,0,0,0,6050,0,0,0,D,6050,6110
S*I. N. C. Ind.,20220720,0,0,0,6050,0,0,0,D,6050,6110
S*I. N. C. Ind.,20220719,0,0,0,6050,0,0,0,D,6050,6110
S*I. N. C. Ind.,20220717,6100,6130,5930,6050,6.47454E+11,107004859,6037,D,6080,6110
S*I. N. C. Ind.,20220716,6240,6240,6000,6080,4.69807E+11,77219355,6504,D,6210,6090
S*I. N. C. Ind.,20220713,6270,6300,6140,6210,2.97309E+11,47879858,5714,D,6270,6240
S*I. N. C. Ind.,20220712,6300,6380,6180,6270,3.52404E+11,56213731,5017,D,6340,6200
S*I. N. C. Ind.,20220711,6450,6510,6170,6340,4.57406E+11,72136215,6794,D,6440,6260
S*I. N. C. Ind.,20220709,6450,6480,6390,6440,3.31646E+11,51517522,4636,D,6470,6440
S*I. N. C. Ind.,20220706,6590,6590,6380,6470,7.04047E+11,108767453,7374,D,6610,6420
S*I. N. C. Ind.,20220705,6580,6720,6530,6610,4.90601E+11,74176030,4643,D,6570,6690
S*I. N. C. Ind.,20220704,6580,6600,6530,6570,4.22202E+11,64305932,4922,D,6570,6590
S*I. N. C. Ind.,20220703,6600,6640,6530,6570,5.68548E+11,86570273,6032,D,6680,6580
S*I. N. C. Ind.,20220702,6650,6750,6580,6680,7.86484E+11,117817935,4930,D,6740,6640
S*I. N. C. Ind.,20220629,6770,6770,6680,6740,3.64469E+11,54052654,3437,D,6740,6750
S*I. N. C. Ind.,20220628,6750,6800,6700,6740,6.11113E+11,90692641,4911,D,6720,6740
S*I. N. C. Ind.,20220627,6640,6820,6640,6720,7.81398E+11,116348740,5920,D,6710,6740
S*I. N. C. Ind.,20220626,6890,6900,6610,6710,7.3977E+11,110295397,8219,D,6940,6710
S*I. N. C. Ind.,20220625,6810,7050,6810,6940,1.32662E+12,191120793,12585,D,7180,6940
S*I. N. C. Ind.,20220622,7260,7290,7110,7180,3.76919E+11,52524876,6930,D,7300,7180
S*I. N. C. Ind.,20220621,7380,7380,7270,7300,2.94418E+11,40325542,3974,D,7370,7290
S*I. N. C. Ind.,20220620,7400,7440,7320,7370,4.28507E+11,58151901,4587,D,7400,7360
S*I. N. C. Ind.,20220619,7490,7500,7360,7400,5.42566E+11,73304171,4293,D,7440,7430
S*I. N. C. Ind.,20220618,7470,7510,7370,7440,7.67746E+11,103122785,5198,D,7520,7500
S*I. N. C. Ind.,20220615,7600,7630,7470,7520,4.78437E+11,63638311,4070,D,7650,7510
S*I. N. C. Ind.,20220614,7750,7760,7580,7650,5.19638E+11,67932339,5892,D,7720,7660
S*I. N. C. Ind.,20220613,7540,7800,7520,7720,8.92018E+11,115512590,8597,D,7470,7720
S*I. N. C. Ind.,20220612,7400,7550,7360,7470,8.10866E+11,108484368,6152,D,7370,7540
S*I. N. C. Ind.,20220611,7430,7440,7310,7370,5.78557E+11,78470828,4974,D,7340,7420
S*I. N. C. Ind.,20220608,7310,7460,7290,7340,4.71951E+11,64334729,4556,D,7310,7450
S*I. N. C. Ind.,20220607,7250,7370,7220,7310,4.98855E+11,68210196,4221,D,7320,7330
S*I. N. C. Ind.,20220606,7360,7400,7250,7320,8.01416E+11,109524713,6439,D,7400,7250
S*I. N. C. Ind.,20220601,7430,7450,7280,7400,4.0639E+11,54943182,4200,D,7400,7410
S*I. N. C. Ind.,20220531,7270,7440,7270,7400,4.88378E+11,65985643,4793,D,7310,7430
S*I. N. C. Ind.,20220530,7390,7390,7220,7310,5.02753E+11,68798570,4941,D,7280,7330
S*I. N. C. Ind.,20220529,7240,7380,7210,7280,6.24489E+11,85790770,5600,D,7360,7380
S*I. N. C. Ind.,20220528,7400,7410,7190,7360,7.59117E+11,103172073,7491,D,7400,7400
S*I. N. C. Ind.,20220525,7400,7460,7360,7400,5.43328E+11,73465016,6534,D,7450,7410
S*I. N. C. Ind.,20220524,7470,7500,7370,7450,6.16351E+11,82695197,5159,D,7480,7460
S*I. N. C. Ind.,20220523,7560,7580,7370,7480,8.6887E+11,116217564,7431,D,7550,7490
S*I. N. C. Ind.,20220522,7550,7600,7520,7550,5.38058E+11,71305270,5445,D,7540,7550
S*I. N. C. Ind.,20220521,7500,7580,7450,7540,4.9696E+11,65938163,5862,D,7590,7540
S*I. N. C. Ind.,20220518,7570,7660,7430,7590,1.51319E+12,199389882,10668,D,7610,7620
S*I. N. C. Ind.,20220517,7600,7700,7460,7610,1.07832E+12,141693922,13270,D,7390,7570
S*I. N. C. Ind.,20220516,7320,7590,7260,7390,1.90293E+12,257669768,16493,D,7270,7490
S*I. N. C. Ind.,20220515,7390,7390,7170,7270,5.76275E+11,79230101,8607,D,7350,7350
S*I. N. C. Ind.,20220514,7410,7480,7260,7350,7.95338E+11,108201824,10875,D,7370,7370
S*I. N. C. Ind.,20220511,7320,7460,7320,7370,8.01774E+11,108830706,9470,D,7340,7350
S*I. N. C. Ind.,20220510,7370,7410,7260,7340,6.66915E+11,90900697,7857,D,7400,7310
S*I. N. C. Ind.,20220509,7500,7500,7330,7400,9.55441E+11,129089713,8632,D,7470,7400
S*I. N. C. Ind.,20220508,7480,7520,7420,7470,7.62007E+11,101989740,9914,D,7480,7500
S*I. N. C. Ind.,20220507,7510,7510,7420,7480,9.26338E+11,123906611,9390,D,7500,7490
S*I. N. C. Ind.,20220502,7460,7600,7330,7500,9.05964E+11,120844389,7978,D,7470,7590
S*I. N. C. Ind.,20220501,7500,7500,7430,7470,5.12725E+11,68683753,7063,D,7550,7500
S*I. N. C. Ind.,20220430,7590,7600,7460,7550,7.07386E+11,93701480,6580,D,7590,7540
S*I. N. C. Ind.,20220427,7550,7610,7500,7590,9.69482E+11,127762145,7978,D,7580,7590
S*I. N. C. Ind.,20220426,7590,7630,7520,7580,7.00008E+11,92410241,7430,D,7550,7580
S*I. N. C. Ind.,20220425,7510,7610,7430,7550,7.37154E+11,97613982,6451,D,7500,7610
S*I. N. C. Ind.,20220424,7590,7590,7380,7500,7.18281E+11,95802390,7142,D,7570,7560
S*I. N. C. Ind.,20220420,7560,7610,7540,7570,8.47929E+11,112060616,7442,D,7560,7590
S*I. N. C. Ind.,20220419,7510,7610,7430,7560,9.49675E+11,125615292,6944,D,7550,7570
S*I. N. C. Ind.,20220418,7500,7680,7450,7550,6.21223E+11,82317722,8941,D,7460,7510
S*I. N. C. Ind.,20220417,7460,7490,7370,7460,5.92652E+11,79479128,6236,D,7460,7480
S*I. N. C. Ind.,20220416,7420,7520,7410,7460,6.98243E+11,93633771,6544,D,7380,7480
S*I. N. C. Ind.,20220413,7180,7450,7180,7380,4.9189E+11,66656407,5803,D,7270,7420
S*I. N. C. Ind.,20220412,7390,7440,7240,7270,8.81585E+11,121269504,9885,D,7620,7240
S*I. N. C. Ind.,20220411,7630,7690,7560,7620,6.01542E+11,78931369,6673,D,7620,7670
S*I. N. C. Ind.,20220410,7640,7780,7540,7620,4.5407E+11,59603936,7135,D,7570,7560
S*I. N. C. Ind.,20220409,7520,7690,7370,7570,6.32661E+11,83617369,7381,D,7640,7680
S*I. N. C. Ind.,20220406,7730,7770,7540,7640,6.40581E+11,83882552,8912,D,7730,7560
S*I. N. C. Ind.,20220405,7700,7880,7610,7730,5.57471E+11,72123013,7874,D,7750,7800
S*I. N. C. Ind.,20220404,7900,7900,7600,7750,1.32977E+12,171540774,15197,D,7830,7830
S*I. N. C. Ind.,20220403,7500,7850,7480,7830,2.15116E+12,274859075,17005,D,7480,7840
S*I. N. C. Ind.,20220330,7440,7600,7300,7480,4.88985E+11,65341072,6231,D,7450,7540
S*I. N. C. Ind.,20220329,7540,7620,7330,7450,4.50947E+11,60565903,7501,D,7530,7350
S*I. N. C. Ind.,20220328,7540,7590,7470,7530,4.97216E+11,66008348,8866,D,7590,7540
S*I. N. C. Ind.,20220327,7700,7700,7500,7590,4.74051E+11,62472258,8199,D,7540,7540
S*I. N. C. Ind.,20220326,7360,7600,7320,7540,8.34249E+11,110666480,10743,D,7240,7600
S*I. N. C. Ind.,20220319,7060,7410,7030,7240,7.70761E+11,106481869,7197,D,7060,7400
S*I. N. C. Ind.,20220316,6950,7130,6920,7060,7.08603E+11,100396813,4882,D,6970,7120
S*I. N. C. Ind.,20220315,6960,7040,6910,6970,6.86752E+11,98470406,4888,D,6960,7030
S*I. N. C. Ind.,20220314,6960,6990,6940,6960,5.21764E+11,74976429,4258,D,6960,6960
S*I. N. C. Ind.,20220313,6900,7020,6890,6960,5.24335E+11,75359302,4637,D,6970,6940
S*I. N. C. Ind.,20220312,7040,7050,6920,6970,3.80558E+11,54621153,5847,D,7170,6920
S*I. N. C. Ind.,20220309,7170,7280,7090,7170,5.40386E+11,75320369,7079,D,7170,7130
S*I. N. C. Ind.,20220308,7130,7350,6960,7170,1.21403E+12,169276864,9870,D,7150,7200
S*I. N. C. Ind.,20220307,7190,7240,7060,7150,1.01424E+12,141938453,9551,D,7060,7130
S*I. N. C. Ind.,20220306,7040,7150,6970,7060,1.01898E+12,144283915,9780,D,6900,7140
S*I. N. C. Ind.,20220305,6800,7020,6750,6900,1.20996E+12,175316086,10295,D,6690,7020
S*I. N. C. Ind.,20220302,6720,6790,6650,6690,2.40806E+11,35979669,4417,D,6690,6660
S*I. N. C. Ind.,20220228,6750,6750,6640,6690,3.28534E+11,49125623,5919,D,6760,6710
S*I. N. C. Ind.,20220227,6800,6830,6710,6760,3.31115E+11,48990697,6454,D,6950,6750
S*I. N. C. Ind.,20220226,7030,7040,6800,6950,4.27914E+11,61552708,6066,D,7030,6830
S*I. N. C. Ind.,20220223,7050,7090,7010,7030,8.34173E+11,118592907,5439,D,7030,7050
S*I. N. C. Ind.,20220222,6990,7110,6980,7030,1.06026E+12,150883974,6794,D,6980,7100
S*I. N. C. Ind.,20220221,7020,7030,6920,6980,5.03964E+11,72248671,6218,D,7020,6970
S*I. N. C. Ind.,20220220,7020,7030,7010,7020,8.52831E+11,121459905,5774,D,7020,7030
S*I. N. C. Ind.,20220219,7010,7030,7000,7020,9.45308E+11,134712349,8634,D,7010,7020
S*I. N. C. Ind.,20220216,7010,7030,7000,7010,6.00298E+11,85632517,6061,D,7010,7020
S*I. N. C. Ind.,20220214,6900,7040,6900,7010,8.75223E+11,124795176,6983,D,6900,7020
S*I. N. C. Ind.,20220213,6940,6980,6800,6900,4.82672E+11,69937356,6446,D,6950,6910
S*I. N. C. Ind.,20220212,6920,7040,6910,6950,4.71105E+11,67806010,6018,D,6890,6960
S*I. N. C. Ind.,20220209,6880,7020,6700,6890,8.68539E+11,126004291,12134,D,6920,7010
S*I. N. C. Ind.,20220208,6990,6990,6820,6920,4.33965E+11,62682636,5824,D,6950,6840
S*I. N. C. Ind.,20220207,6970,6980,6930,6950,8.15018E+11,117234473,4615,D,7030,6960
S*I. N. C. Ind.,20220206,7110,7120,6800,7030,3.49959E+12,497852094,18690,D,7110,7000
S*I. N. C. Ind.,20220205,7140,7150,7100,7110,8.97254E+11,126115835,7743,D,7100,7140
S*I. N. C. Ind.,20220202,7090,7120,7080,7100,1.20678E+12,170007454,9417,D,7080,7110
S*I. N. C. Ind.,20220201,7090,7120,7070,7080,1.05286E+12,148682010,7725,D,7070,7080
S*I. N. C. Ind.,20220131,7080,7120,7050,7070,9.33221E+11,131978443,9419,D,7040,7070
S*I. N. C. Ind.,20220130,7070,7130,6930,7040,1.00796E+12,143266819,10779,D,6860,7060
S*I. N. C. Ind.,20220129,6660,6880,6660,6860,4.54125E+11,66219715,5783,D,6560,6880
S*I. N. C. Ind.,20220126,6470,6600,6410,6560,5.55745E+11,84705023,8149,D,6290,6600
S*I. N. C. Ind.,20220125,6330,6410,6130,6290,1.73445E+12,275839021,12519,D,6330,6390
S*I. N. C. Ind.,20220124,6500,6520,6250,6330,6.12635E+11,96728817,8586,D,6560,6290
S*I. N. C. Ind.,20220123,6750,6760,6470,6560,6.44945E+11,98329423,8201,D,6750,6490
S*I. N. C. Ind.,20220122,6770,6910,6700,6750,6.67783E+11,98887412,8083,D,6720,6750
S*I. N. C. Ind.,20220119,6760,6810,6670,6720,1.31215E+12,195151477,12118,D,6830,6740
S*I. N. C. Ind.,20220118,6970,6970,6730,6830,4.4555E+11,65266494,5664,D,6970,6790
S*I. N. C. Ind.,20220117,7000,7100,6910,6970,3.70975E+11,53202731,5441,D,7040,6980
S*I. N. C. Ind.,20220116,7110,7120,6980,7040,2.31474E+11,32857123,4138,D,7110,7080
S*I. N. C. Ind.,20220115,7190,7240,7080,7110,3.75064E+11,52727758,6417,D,7090,7090
S*I. N. C. Ind.,20220112,7060,7130,6990,7090,3.4706E+11,48917568,5764,D,7070,7110
S*I. N. C. Ind.,20220111,7050,7200,7000,7070,3.25528E+11,46061110,5642,D,7050,7050
S*I. N. C. Ind.,20220110,7020,7140,6960,7050,5.82393E+11,82662644,5941,D,7110,7130
S*I. N. C. Ind.,20220109,7220,7220,6960,7110,9.24845E+11,130159931,8295,D,7240,7150
S*I. N. C. Ind.,20220108,7250,7300,7130,7240,5.12041E+11,70721711,6384,D,7250,7250
S*I. N. C. Ind.,20220105,7250,7330,7220,7250,3.40318E+11,46933283,4382,D,7240,7240
S*I. N. C. Ind.,20220104,7210,7310,7100,7240,4.81647E+11,66542967,5740,D,7260,7260
S*I. N. C. Ind.,20220103,7290,7310,7180,7260,5.52831E+11,76099920,6604,D,7290,7300
S*I. N. C. Ind.,20220102,7250,7450,7210,7290,4.06883E+11,55832504,6382,D,7210,7260
S*I. N. C. Ind.,20220101,7150,7290,7090,7210,4.975E+11,68965439,6456,D,7230,7240
S*I. N. C. Ind.,20211229,7280,7350,7150,7230,8.53024E+11,117936110,8531,D,7280,7290
S*I. N. C. Ind.,20211228,7340,7370,7150,7280,6.19208E+11,85088778,9268,D,7340,7370
S*I. N. C. Ind.,20211227,7180,7400,7110,7340,9.72909E+11,132585264,14267,D,7050,7260
S*I. N. C. Ind.,20211226,7010,7180,6900,7050,6.20807E+11,88042536,9678,D,7010,7160
S*I. N. C. Ind.,20211225,6900,7050,6830,7010,1.04283E+12,148682550,13148,D,6720,7030
S*I. N. C. Ind.,20211222,6520,6760,6520,6720,3.16516E+11,47074157,4974,D,6440,6760
S*I. N. C. Ind.,20211221,6220,6520,6220,6440,3.77726E+11,58637932,5906,D,6210,6520
S*I. N. C. Ind.,20211220,6250,6320,6150,6210,3.09372E+11,49812577,4266,D,6160,6300
S*I. N. C. Ind.,20211219,6340,6350,6110,6160,2.02786E+11,32898343,4230,D,6310,6150
S*I. N. C. Ind.,20211218,6270,6420,6270,6310,1.82112E+11,28839996,3934,D,6250,6340
S*I. N. C. Ind.,20211215,6210,6340,6190,6250,2.2775E+11,36436429,5733,D,6190,6240
S*I. N. C. Ind.,20211214,6120,6380,5980,6190,3.31473E+11,53512516,5802,D,6220,6250
S*I. N. C. Ind.,20211213,6280,6490,6070,6220,3.94104E+11,63322854,7307,D,6370,6130
S*I. N. C. Ind.,20211212,6500,6540,6270,6370,2.82082E+11,44271644,5139,D,6600,6440
S*I. N. C. Ind.,20211211,6610,6720,6510,6600,2.60689E+11,39523147,5676,D,6610,6560
S*I. N. C. Ind.,20211208,6500,6730,6480,6610,4.00496E+11,60601505,8571,D,6450,6640
S*I. N. C. Ind.,20211207,6410,6570,6340,6450,4.55662E+11,70654718,10359,D,6460,6510
S*I. N. C. Ind.,20211206,6410,6540,6410,6460,3.49821E+11,54161441,2632,D,6650,6500
S*I. N. C. Ind.,20211205,0,0,0,6650,0,0,0,D,6650,6620
S*I. N. C. Ind.,20211204,0,0,0,6650,0,0,0,D,6650,6620
S*I. N. C. Ind.,20211201,0,0,0,6650,0,0,0,D,6650,6620
S*I. N. C. Ind.,20211130,0,0,0,6650,0,0,0,D,6650,6620
S*I. N. C. Ind.,20211129,0,0,0,6650,0,0,0,D,6650,6620
S*I. N. C. Ind.,20211128,0,0,0,6650,0,0,0,D,6650,6620
S*I. N. C. Ind.,20211127,0,0,0,13290,0,0,0,D,13290,13230
S*I. N. C. Ind.,20211124,0,0,0,13290,0,0,0,D,13290,13230
S*I. N. C. Ind.,20211123,0,0,0,13290,0,0,0,D,13290,13230
S*I. N. C. Ind.,20211122,0,0,0,13290,0,0,0,D,13290,13230
S*I. N. C. Ind.,20211121,13230,13460,13230,13290,5.52742E+11,41602162,4841,D,13210,13230
S*I. N. C. Ind.,20211120,0,0,0,13210,0,0,0,D,13210,13150
S*I. N. C. Ind.,20211117,13000,13440,13000,13210,4.15624E+11,31470168,5947,D,13280,13150
S*I. N. C. Ind.,20211116,13130,13530,13080,13280,3.48415E+11,26234391,5962,D,13340,13230
S*I. N. C. Ind.,20211115,13700,13800,13070,13340,4.53143E+11,33957940,6820,D,13750,13240
S*I. N. C. Ind.,20211114,13800,13980,13600,13750,5.47219E+11,39792016,9555,D,13780,13650
S*I. N. C. Ind.,20211113,13790,13990,13510,13780,7.38469E+11,53571892,11526,D,13810,13700
S*I. N. C. Ind.,20211110,13600,13930,13600,13810,6.45886E+11,46754415,8440,D,13790,13900
S*I. N. C. Ind.,20211109,13720,14000,13590,13790,7.05589E+11,51170795,8784,D,13540,13660
S*I. N. C. Ind.,20211108,13380,13780,13200,13540,5.43209E+11,40132131,7348,D,13570,13670
S*I. N. C. Ind.,20211107,13800,13900,13250,13570,7.86638E+11,57968014,10962,D,13870,13310
S*I. N. C. Ind.,20211106,13560,13990,13560,13870,9.57523E+11,69015146,13482,D,13500,13730
S*I. N. C. Ind.,20211103,13290,13700,13280,13500,6.27836E+11,46498325,8268,D,13280,13640
S*I. N. C. Ind.,20211102,13210,13390,13150,13280,4.35922E+11,32826433,6366,D,13140,13300
S*I. N. C. Ind.,20211101,12850,13230,12850,13140,4.87976E+11,37143651,7354,D,12670,13110
S*I. N. C. Ind.,20211031,12820,13000,12540,12670,8.16554E+11,64441597,8637,D,13010,12700
S*I. N. C. Ind.,20211030,13290,13450,12810,13010,7.82165E+11,60114522,8818,D,13310,13090
S*I. N. C. Ind.,20211027,13110,13560,13060,13310,4.98226E+11,37437897,7218,D,13130,13300
S*I. N. C. Ind.,20211026,12960,13300,12770,13130,6.43424E+11,49014979,7442,D,13090,13150
S*I. N. C. Ind.,20211025,13100,13340,12990,13090,6.00378E+11,45866422,7872,D,13300,13000
S*I. N. C. Ind.,20211023,13770,13770,13140,13300,9.56434E+11,71934487,10103,D,13530,13290
S*I. N. C. Ind.,20211020,13600,13660,13460,13530,7.79721E+11,57632709,7752,D,13820,13470
S*I. N. C. Ind.,20211019,13700,13950,13680,13820,8.60082E+11,62249133,10377,D,13690,13700
S*I. N. C. Ind.,20211018,13350,13970,13260,13690,1.7825E+12,130165815,17932,D,13440,13710
S*I. N. C. Ind.,20211017,13520,13520,13180,13440,2.60603E+12,193903939,22143,D,12880,13320
S*I. N. C. Ind.,20211016,12880,12880,12880,12880,3.88361E+11,30152288,2749,D,12270,12880
S*I. N. C. Ind.,20211013,12200,12500,12200,12270,8.50135E+11,69268421,7569,D,12450,12400
S*I. N. C. Ind.,20211012,12660,12770,12350,12450,6.56424E+11,52736470,7392,D,12790,12400
S*I. N. C. Ind.,20211011,12650,12900,12640,12790,4.60963E+11,36043430,6660,D,12680,12800
S*I. N. C. Ind.,20211010,12700,12870,12540,12680,4.88801E+11,38542621,7249,D,12850,12870
S*I. N. C. Ind.,20211009,12970,13040,12640,12850,6.85941E+11,53395099,8104,D,13060,12840
S*I. N. C. Ind.,20211006,13000,13150,12980,13060,6.42689E+11,49209928,8018,D,13000,13000
S*I. N. C. Ind.,20211004,13000,13100,12930,13000,6.23987E+11,47986184,8266,D,13000,13010
S*I. N. C. Ind.,20211003,13010,13200,12820,13000,8.10089E+11,62316092,10161,D,13220,13100
S*I. N. C. Ind.,20211002,13150,13430,13000,13220,8.26267E+11,62515985,12911,D,12980,13170
S*I. N. C. Ind.,20210929,12960,13090,12800,12980,6.71274E+11,51708662,8864,D,12930,13070
S*I. N. C. Ind.,20210928,13010,13180,12780,12930,5.54732E+11,42895955,10993,D,12850,13000
S*I. N. C. Ind.,20210926,13000,13030,12680,12850,1.0268E+12,79877958,15821,D,12590,13010
S*I. N. C. Ind.,20210925,12490,12650,12300,12590,1.15243E+12,91514645,14599,D,12050,12650
S*I. N. C. Ind.,20210922,12060,12420,11640,12050,8.86047E+11,73551072,12744,D,12010,12390
S*I. N. C. Ind.,20210921,12350,12420,11800,12010,7.12301E+11,59302374,10575,D,12350,12060
S*I. N. C. Ind.,20210920,12040,12500,12040,12350,7.12857E+11,57727068,9928,D,12180,12400
S*I. N. C. Ind.,20210919,12190,12620,11980,12180,8.35085E+11,68554931,12437,D,12570,12100
S*I. N. C. Ind.,20210918,12990,12990,12460,12570,9.24271E+11,73518088,14405,D,13110,12470
S*I. N. C. Ind.,20210915,13170,13230,13020,13110,6.68222E+11,50951736,14743,D,13220,13060
S*I. N. C. Ind.,20210914,13150,13400,13150,13220,1.04039E+12,78726656,15418,D,13130,13260
S*I. N. C. Ind.,20210913,13130,13410,12850,13130,7.36945E+11,56114222,11346,D,13360,13110
S*I. N. C. Ind.,20210912,13690,13800,13220,13360,9.90967E+11,74197866,14629,D,13910,13400
S*I. N. C. Ind.,20210911,14000,14210,13750,13910,1.11599E+12,80226336,12831,D,13670,13800
S*I. N. C. Ind.,20210908,13550,13850,13520,13670,7.86338E+11,57504332,18754,D,13620,13670
S*I. N. C. Ind.,20210907,13560,13850,13400,13620,7.29266E+11,53538663,15511,D,13810,13540
S*I. N. C. Ind.,20210906,13900,14020,13510,13810,1.0294E+12,74547614,17527,D,13820,13550
S*I. N. C. Ind.,20210905,13770,13980,13680,13820,7.38336E+11,53429139,13045,D,14010,13850
S*I. N. C. Ind.,20210904,14270,14340,13850,14010,1.20699E+12,86154695,17373,D,13860,13860
S*I. N. C. Ind.,20210901,13720,14120,13550,13860,1.64019E+12,118303857,16580,D,13720,13970
S*I. N. C. Ind.,20210831,13510,14190,13260,13720,1.72951E+12,126030336,23371,D,13950,13870
S*I. N. C. Ind.,20210830,14000,14340,13910,13950,3.39581E+12,243378467,23143,D,14640,13910
S*I. N. C. Ind.,20210829,14600,15110,14000,14640,2.86318E+12,195511121,32043,D,14480,14220
S*I. N. C. Ind.,20210828,14400,14580,14200,14480,1.88974E+12,130539558,24135,D,14350,14550
S*I. N. C. Ind.,20210825,14600,14600,14020,14350,1.50528E+12,104915100,20164,D,14440,14440
S*I. N. C. Ind.,20210824,14350,14580,14240,14440,1.40412E+12,97227077,19281,D,14220,14400
S*I. N. C. Ind.,20210823,14400,14420,14020,14220,1.40833E+12,99054868,18056,D,14310,14180
S*I. N. C. Ind.,20210822,14400,14620,14010,14310,2.25222E+12,157398304,29445,D,14360,14390
S*I. N. C. Ind.,20210815,14320,14510,14100,14360,1.15043E+12,80090321,14840,D,14300,14430
S*I. N. C. Ind.,20210814,14690,14690,14010,14300,1.64763E+12,115237780,21802,D,14500,14370
S*I. N. C. Ind.,20210811,14300,14720,14200,14500,1.91812E+12,132293787,22929,D,14070,14580
S*I. N. C. Ind.,20210810,14010,14420,13850,14070,1.837E+12,130534532,20633,D,13970,14160
S*I. N. C. Ind.,20210809,13940,14130,13860,13970,9.82411E+11,70311012,14119,D,13860,13900
S*I. N. C. Ind.,20210808,13650,13990,13630,13860,8.42212E+11,60771523,14355,D,13920,13900
S*I. N. C. Ind.,20210807,14250,14470,13630,13920,1.054E+12,75721493,18164,D,14020,13850
S*I. N. C. Ind.,20210804,13560,14150,13550,14020,1.83251E+12,130718450,23617,D,13490,14150
S*I. N. C. Ind.,20210803,13250,13650,13190,13490,8.3333E+11,61775075,12166,D,13310,13560
S*I. N. C. Ind.,20210802,13420,13590,13190,13310,1.01412E+12,76167066,15092,D,13590,13310
S*I. N. C. Ind.,20210801,13760,13870,13410,13590,1.61509E+12,118858503,23775,D,13540,13420
S*I. N. C. Ind.,20210731,13200,13590,13100,13540,2.33373E+12,172397745,21065,D,12950,13590
S*I. N. C. Ind.,20210728,12500,13000,12500,12950,3.11283E+12,240301880,26808,D,12390,13000
S*I. N. C. Ind.,20210727,12370,12500,12370,12390,2.55917E+11,20647804,2095,D,12370,12480
S*I. N. C. Ind.,20210726,0,0,0,12650,0,0,0,D,12650,12630
S*I. N. C. Ind.,20210719,0,0,0,12650,0,0,0,D,12650,12630
S*I. N. C. Ind.,20210718,12600,12880,12530,12650,1.11477E+12,88106162,14485,D,12750,12630
S*I. N. C. Ind.,20210717,12800,12960,12550,12750,8.74011E+11,68542961,14327,D,12670,12640
S*I. N. C. Ind.,20210714,12540,12830,12450,12670,8.90743E+11,70277940,13408,D,12770,12690
S*I. N. C. Ind.,20210713,12840,13010,12640,12770,8.52979E+11,66812306,15268,D,13020,12680
S*I. N. C. Ind.,20210712,13110,13340,12840,13020,1.3831E+12,106208763,18918,D,12880,12860
S*I. N. C. Ind.,20210711,12600,13120,12600,12880,1.20711E+12,93706526,17982,D,12660,12990
S*I. N. C. Ind.,20210710,12900,12900,12550,12660,8.47612E+11,66952754,13965,D,12870,12670
S*I. N. C. Ind.,20210707,12800,13140,12660,12870,1.98401E+12,154200135,26270,D,12760,12830
S*I. N. C. Ind.,20210706,12340,12820,12300,12760,3.07174E+12,240679618,29963,D,12210,12820
S*I. N. C. Ind.,20210705,12140,12340,12100,12210,7.01852E+11,57477120,10904,D,12050,12250
S*I. N. C. Ind.,20210704,11770,12190,11770,12050,7.23961E+11,60085175,10504,D,12040,12060
S*I. N. C. Ind.,20210703,12360,12380,11800,12040,1.06628E+12,88571671,14905,D,12240,11860
S*I. N. C. Ind.,20210630,12250,12370,12180,12240,7.58029E+11,61924440,11639,D,12240,12250
S*I. N. C. Ind.,20210629,12110,12410,12110,12240,9.88626E+11,80738158,13153,D,12140,12240
S*I. N. C. Ind.,20210628,12210,12290,11990,12140,8.43418E+11,69479692,12556,D,12220,12180
S*I. N. C. Ind.,20210627,12260,12440,12040,12220,1.14837E+12,93937722,18830,D,12420,12130
S*I. N. C. Ind.,20210626,12550,12600,12120,12420,1.93412E+12,155751582,25260,D,12310,12160
S*I. N. C. Ind.,20210623,12260,12420,12020,12310,2.51412E+12,204263514,23635,D,11830,12420
S*I. N. C. Ind.,20210622,11570,12110,11530,11830,2.01444E+12,170353210,24234,D,11540,12040
S*I. N. C. Ind.,20210621,11390,11740,11290,11540,8.25245E+11,71521163,14337,D,11600,11500
S*I. N. C. Ind.,20210620,11930,11960,11450,11600,8.58203E+11,73966678,14830,D,11880,11550
S*I. N. C. Ind.,20210619,11880,12010,11750,11880,1.06283E+12,89434294,13661,D,11980,11900
S*I. N. C. Ind.,20210616,11980,12120,11900,11980,4.58068E+11,38223061,7599,D,12150,11950
S*I. N. C. Ind.,20210615,12200,12330,12010,12150,6.75813E+11,55619607,8492,D,12250,12010
S*I. N. C. Ind.,20210614,12250,12340,12090,12250,6.13331E+11,50062801,7966,D,12060,12260
S*I. N. C. Ind.,20210613,11970,12210,11920,12060,3.63376E+11,30133918,6895,D,12050,12080
S*I. N. C. Ind.,20210612,12010,12240,11970,12050,5.12559E+11,42548710,7453,D,12090,12000
S*I. N. C. Ind.,20210609,12100,12250,11960,12090,4.70155E+11,38876539,7477,D,12380,12110
S*I. N. C. Ind.,20210608,12420,12680,12140,12380,9.03297E+11,72988560,12539,D,12440,12190
S*I. N. C. Ind.,20210607,12590,12620,12210,12440,7.69264E+11,61831434,12630,D,12460,12420
S*I. N. C. Ind.,20210602,12190,12590,12190,12460,7.52545E+11,60394598,10219,D,12390,12480
S*I. N. C. Ind.,20210601,12260,12750,12190,12390,5.36264E+11,43272709,8114,D,12460,12250
S*I. N. C. Ind.,20210531,12410,12900,12210,12460,8.02815E+11,64416560,10697,D,12730,12290
S*I. N. C. Ind.,20210530,13010,13020,12350,12730,1.58473E+12,124471852,19206,D,12400,12480
S*I. N. C. Ind.,20210529,12030,12420,11910,12400,1.00845E+12,81333758,9061,D,11830,12420
S*I. N. C. Ind.,20210526,11740,12050,11650,11830,5.02547E+11,42489200,11453,D,11790,11870
S*I. N. C. Ind.,20210525,11590,11940,11250,11790,6.15334E+11,52206778,10783,D,11380,11740
S*I. N. C. Ind.,20210524,11220,11640,11050,11380,6.61274E+11,58126298,11234,D,11450,11450
S*I. N. C. Ind.,20210523,11420,11970,11270,11450,1.16789E+12,101972855,13192,D,11860,11290
S*I. N. C. Ind.,20210522,11950,12100,11840,11860,1.10293E+12,93025397,8021,D,12460,11840
S*I. N. C. Ind.,20210519,13000,13000,12320,12460,1.01187E+12,81237713,11629,D,12960,12330
S*I. N. C. Ind.,20210518,12600,13170,12570,12960,8.56034E+11,66060908,12779,D,12700,12980
S*I. N. C. Ind.,20210517,12600,13050,12420,12700,8.91446E+11,70169908,11043,D,13060,12680
S*I. N. C. Ind.,20210516,13020,13440,12860,13060,9.14091E+11,69975993,12982,D,13210,12870
S*I. N. C. Ind.,20210515,12700,13500,12670,13210,1.17987E+12,89333336,16383,D,12990,13100
S*I. N. C. Ind.,20210512,13480,13480,12670,12990,1.68668E+12,129817700,23288,D,12950,12950
S*I. N. C. Ind.,20210511,12710,13090,12470,12950,2.10827E+12,162813593,19659,D,12350,13090
S*I. N. C. Ind.,20210510,11790,12560,11670,12350,1.77714E+12,143950159,17164,D,11850,12560
S*I. N. C. Ind.,20210509,11920,11980,11820,11850,6.17901E+11,52157983,7769,D,12180,11820
S*I. N. C. Ind.,20210508,12480,12480,11970,12180,1.37728E+12,113071053,18880,D,11830,12000
S*I. N. C. Ind.,20210505,11600,11900,11600,11830,1.52732E+12,129092724,19320,D,11230,11900
S*I. N. C. Ind.,20210503,11230,11400,11230,11230,5.37249E+11,47819563,5614,D,11570,11230
S*I. N. C. Ind.,20210502,11570,11600,11570,11570,1.52878E+11,13213038,1813,D,11920,11570
S*I. N. C. Ind.,20210501,12170,12250,11850,11920,6.35098E+11,53282390,8265,D,12210,11850
S*I. N. C. Ind.,20210428,12240,12530,11830,12210,1.20039E+12,98350081,17297,D,12040,12130
S*I. N. C. Ind.,20210427,11870,12110,11660,12040,1.49779E+12,124356863,15112,D,11430,12110
S*I. N. C. Ind.,20210426,11000,11610,11000,11430,1.2334E+12,107892341,17295,D,10960,11610
S*I. N. C. Ind.,20210425,11010,11190,10930,10960,7.71276E+11,70368065,10198,D,11260,10970
S*I. N. C. Ind.,20210424,11000,11590,10960,11260,8.37452E+11,74380560,14485,D,11040,11170
S*I. N. C. Ind.,20210421,11110,11290,10950,11040,5.63241E+11,51031391,8561,D,11280,11000
S*I. N. C. Ind.,20210420,11350,11560,11090,11280,7.41121E+11,65686686,11976,D,11140,11140
S*I. N. C. Ind.,20210419,10940,11420,10940,11140,1.03119E+12,92590424,15725,D,11160,11360
S*I. N. C. Ind.,20210418,11160,11250,11160,11160,2.81226E+11,25197944,2622,D,11380,11160
S*I. N. C. Ind.,20210417,11460,11670,11370,11380,6.57703E+11,57779083,9005,D,11600,11370
S*I. N. C. Ind.,20210414,11740,11960,11500,11600,8.32753E+11,71801646,12251,D,11730,11500
S*I. N. C. Ind.,20210413,11550,11970,11510,11730,8.54029E+11,72786227,15578,D,11300,11740
S*I. N. C. Ind.,20210412,11280,11440,11280,11300,9.21499E+11,81570567,12245,D,11510,11390
S*I. N. C. Ind.,20210411,11510,11510,11510,11510,1.32855E+11,11542557,1301,D,11740,11510
S*I. N. C. Ind.,20210410,11680,11680,11680,11740,84516526720,7236004,1330,D,11910,11680
S*I. N. C. Ind.,20210407,11930,12200,11900,11910,6.81874E+11,57259957,8994,D,12140,11900
S*I. N. C. Ind.,20210406,12410,12580,11980,12140,6.17132E+11,50832600,12651,D,12150,12030
S*I. N. C. Ind.,20210405,12070,12380,12070,12150,1.50621E+12,123987409,21053,D,12310,12360
S*I. N. C. Ind.,20210404,12310,12310,12310,12310,2.53566E+11,20598356,2129,D,12560,12310
S*I. N. C. Ind.,20210403,12560,12560,12560,12560,3.86673E+11,30786085,3635,D,12810,12560
S*I. N. C. Ind.,20210331,12810,13190,12780,12810,2.47873E+11,19342716,5522,D,13040,12780
S*I. N. C. Ind.,20210330,12990,13400,12970,13040,7.38306E+11,56622241,14067,D,13230,13010
S*I. N. C. Ind.,20210328,13300,13580,13170,13230,5.10138E+11,38573200,8657,D,13430,13170
S*I. N. C. Ind.,20210327,13370,13740,13340,13430,9.25603E+11,68915066,16535,D,13610,13350
S*I. N. C. Ind.,20210317,13890,13940,13350,13610,1.25644E+12,92346591,21713,D,13260,13490
S*I. N. C. Ind.,20210316,12680,13360,12620,13260,1.45358E+12,109638945,16614,D,12610,13360
S*I. N. C. Ind.,20210315,12330,12830,12330,12610,9.24769E+11,73332728,15548,D,12570,12570
S*I. N. C. Ind.,20210314,12540,12740,12400,12570,8.34975E+11,66448754,14321,D,12470,12430
S*I. N. C. Ind.,20210313,12180,12700,12170,12470,9.9044E+11,79412906,16383,D,12230,12540
S*I. N. C. Ind.,20210310,12190,12390,12170,12230,9.47711E+11,77459661,12667,D,12410,12250
S*I. N. C. Ind.,20210309,12580,12850,12110,12410,1.16771E+12,94091491,18822,D,12350,12170
S*I. N. C. Ind.,20210308,12010,12670,11900,12350,1.41155E+12,114282744,20214,D,11970,12500
S*I. N. C. Ind.,20210307,11840,12230,11840,11970,1.69597E+12,141721569,22299,D,12080,12080
S*I. N. C. Ind.,20210306,12080,12200,12080,12080,2.64172E+11,21866933,3097,D,12320,12080
S*I. N. C. Ind.,20210303,12420,12600,12310,12320,1.52949E+12,124169758,10608,D,12560,12310
S*I. N. C. Ind.,20210302,12710,12990,12400,12560,1.83878E+12,146342409,22949,D,12650,12410
S*I. N. C. Ind.,20210301,12610,12960,12610,12650,3.6633E+12,289648082,33650,D,12860,12710
S*I. N. C. Ind.,20210228,12720,12720,12720,12860,49127209440,3862202,942,D,12970,12720
S*I. N. C. Ind.,20210227,12970,12970,12970,12970,3.52261E+11,27159650,1974,D,13230,12970
S*I. N. C. Ind.,20210224,13600,13750,12890,13230,2.49605E+12,188630093,38314,D,13150,12970
S*I. N. C. Ind.,20210223,12600,13430,12600,13150,3.33972E+12,253881537,38589,D,12670,13430
S*I. N. C. Ind.,20210222,12330,13150,12330,12670,3.53687E+12,279131646,44358,D,12570,12560
S*I. N. C. Ind.,20210221,12700,12780,12530,12570,1.24681E+12,99213162,11696,D,12780,12530
S*I. N. C. Ind.,20210220,12850,12850,12500,12780,4.81714E+12,376784283,47110,D,12130,12850
S*I. N. C. Ind.,20210217,12300,12530,12040,12130,1.44321E+12,118999975,15432,D,12280,12100
S*I. N. C. Ind.,20210216,12550,12710,12220,12280,2.17154E+12,176891974,20758,D,12460,12220
S*I. N. C. Ind.,20210215,12260,12880,11940,12460,3.24504E+12,260421097,38865,D,12160,12420
S*I. N. C. Ind.,20210214,12210,12210,11740,12160,5.46093E+12,448956454,40479,D,11520,12200
S*I. N. C. Ind.,20210213,11520,11520,11520,11520,9.07088E+11,78740304,4437,D,10870,11520
S*I. N. C. Ind.,20210209,10630,10920,10500,10870,8.36987E+11,76983256,8476,D,10400,10920
S*I. N. C. Ind.,20210208,10420,10420,10100,10400,2.01375E+12,193565264,20542,D,9930,10420
S*I. N. C. Ind.,20210207,9930,9940,9570,9930,4.25571E+11,42842500,5839,D,9470,9940
S*I. N. C. Ind.,20210206,9940,9940,9450,9470,1.8018E+12,190201645,21243,D,9940,9450
S*I. N. C. Ind.,20210203,10140,10480,9790,9940,1.03312E+12,103935749,15516,D,10300,9800
S*I. N. C. Ind.,20210202,10300,10590,10250,10300,1.06946E+12,103850897,15407,D,10780,10370
S*I. N. C. Ind.,20210201,10940,11380,10660,10780,1.13543E+12,105372151,13023,D,11220,10660
S*I. N. C. Ind.,20210131,11750,11820,10800,11220,1.12102E+12,99883582,22089,D,11290,10930
S*I. N. C. Ind.,20210130,10980,11310,10790,11290,1.14411E+12,101377683,15766,D,10780,11310
S*I. N. C. Ind.,20210127,10700,11180,10390,10780,1.08558E+12,100657723,18509,D,10930,10980
S*I. N. C. Ind.,20210126,11530,11530,10660,10930,9.73188E+11,89064877,16105,D,11220,10660
S*I. N. C. Ind.,20210125,11000,11550,10620,11220,1.38356E+12,123304854,23388,D,11170,11350
S*I. N. C. Ind.,20210124,11430,11430,10570,11170,2.66343E+12,238362384,38266,D,10890,11430
S*I. N. C. Ind.,20210123,10890,10890,10890,10890,1.77838E+11,16330390,2376,D,10380,10890
S*I. N. C. Ind.,20210120,10350,10400,10120,10380,4.98485E+11,48013394,7284,D,9910,10400
S*I. N. C. Ind.,20210119,9400,10380,9400,9910,2.64942E+12,267389256,36765,D,9890,10290
S*I. N. C. Ind.,20210118,9890,9980,9890,9890,6.32218E+11,63923016,5987,D,10410,9890
S*I. N. C. Ind.,20210116,10420,10700,10410,10410,1.41157E+12,135564368,11379,D,10950,10410
S*I. N. C. Ind.,20210113,11100,11450,10870,10950,2.15155E+12,196466396,29999,D,11440,10870
S*I. N. C. Ind.,20210112,11610,11930,11390,11440,1.96982E+12,172197707,22017,D,11980,11390
S*I. N. C. Ind.,20210111,12750,12750,11820,11980,2.1437E+12,178996501,37518,D,12440,11830
S*I. N. C. Ind.,20210110,12250,12870,12000,12440,2.08321E+12,167504488,38824,D,12260,12490
S*I. N. C. Ind.,20210109,12500,12760,12230,12260,2.55547E+12,208396062,30691,D,12870,12230
S*I. N. C. Ind.,20210106,12900,13360,12770,12870,1.13039E+12,87806338,21965,D,13440,12800
S*I. N. C. Ind.,20210105,13690,13910,13150,13440,8.88387E+11,66092567,18783,D,13830,13270
S*I. N. C. Ind.,20210104,14000,14150,13630,13830,6.11576E+11,44208266,16245,D,13660,13720
S*I. N. C. Ind.,20210103,13200,14070,13200,13660,7.94771E+11,58169457,19609,D,13550,13700
S*I. N. C. Ind.,20210102,13650,14020,13490,13550,1.34964E+12,99617857,24393,D,14200,13490
S*I. N. C. Ind.,20201230,14570,14900,13870,14200,1.04997E+12,73916792,22895,D,14570,14020
S*I. N. C. Ind.,20201229,15160,15250,14350,14570,1.307E+12,89724048,25061,D,15100,14660
S*I. N. C. Ind.,20201228,14900,15450,14900,15100,1.10823E+12,73412434,23899,D,14940,15030
S*I. N. C. Ind.,20201227,14500,15450,14290,14940,1.28727E+12,86151520,26032,D,14950,14910
S*I. N. C. Ind.,20201226,15500,15740,14810,14950,1.81197E+12,121163788,34922,D,15580,14810
S*I. N. C. Ind.,20201223,15890,16000,15360,15580,1.4033E+12,90072342,28786,D,15690,15500
S*I. N. C. Ind.,20201222,15990,16000,15400,15690,1.49819E+12,95482367,29889,D,15910,15770
S*I. N. C. Ind.,20201221,15930,16400,15500,15910,1.37942E+12,86725424,28266,D,15900,15900
S*I. N. C. Ind.,20201220,15940,16320,15220,15900,2.23116E+12,140360581,39209,D,15700,15920
S*I. N. C. Ind.,20201219,15710,15710,15410,15700,2.43231E+12,154879830,25707,D,14970,15710
S*I. N. C. Ind.,20201216,14060,15330,14060,14970,2.35292E+12,157136363,45879,D,14600,15330
S*I. N. C. Ind.,20201215,14700,15060,14590,14600,2.50727E+12,171680613,29227,D,15350,14600
S*I. N. C. Ind.,20201214,16090,16090,15210,15350,2.68796E+12,175069052,40942,D,16010,15210
S*I. N. C. Ind.,20201213,16320,16440,15830,16010,2.64933E+12,165469019,49303,D,16660,15830
S*I. N. C. Ind.,20201212,16470,16860,16180,16660,4.2993E+12,258066782,71475,D,16060,16330
S*I. N. C. Ind.,20201209,16500,16700,15510,16060,3.34931E+12,208530538,66659,D,16100,16120
S*I. N. C. Ind.,20201208,15800,16580,15780,16100,7.06484E+12,438942332,105801,D,14050,16200
S*I. N. C. Ind.,20201207,0,0,0,14050,0,0,0,D,14050,14020
S*I. N. C. Ind.,20201206,0,0,0,14050,0,0,0,D,14050,14020
S*I. N. C. Ind.,20201205,0,0,0,27720,0,0,0,D,27720,27650
S*I. N. C. Ind.,20201202,0,0,0,27720,0,0,0,D,27720,27650
S*I. N. C. Ind.,20201201,0,0,0,27720,0,0,0,D,27720,27650
S*I. N. C. Ind.,20201130,0,0,0,27720,0,0,0,D,27720,27650
S*I. N. C. Ind.,20201129,0,0,0,27720,0,0,0,D,27720,27650
S*I. N. C. Ind.,20201128,27300,28160,26800,27720,6.8979E+12,248837188,83831,D,27080,27650
S*I. N. C. Ind.,20201125,25450,27380,25260,27080,5.63462E+12,208095361,57161,D,26080,27380
S*I. N. C. Ind.,20201124,26320,27250,25900,26080,5.90326E+12,226369717,57611,D,27260,25900
S*I. N. C. Ind.,20201123,27450,28300,26300,27260,5.11552E+12,187672307,67849,D,27010,26730
S*I. N. C. Ind.,20201122,26050,27640,25050,27010,6.91409E+12,256010512,61821,D,26330,27640
S*I. N. C. Ind.,20201121,26420,26420,25510,26330,7.19265E+12,273211858,48016,D,25170,26000
S*I. N. C. Ind.,20201118,25170,25170,25170,25170,8.91386E+11,35414633,3657,D,23980,25170
S*I. N. C. Ind.,20201117,23980,23980,23980,23980,9.40275E+11,39210783,5025,D,22840,23980
S*I. N. C. Ind.,20201116,22190,23000,21920,22840,1.66717E+12,72996482,13618,D,21910,23000
S*I. N. C. Ind.,20201115,21920,21920,21550,21910,4.03081E+12,183961353,31885,D,20880,21920
S*I. N. C. Ind.,20201114,20880,20880,20880,20880,2.32874E+11,11152980,2178,D,19890,20880
S*I. N. C. Ind.,20201111,19400,20320,19200,19890,1.31803E+12,66266936,26572,D,19360,20320
S*I. N. C. Ind.,20201110,19700,19970,18990,19360,1.33684E+12,69043580,30445,D,19060,19500
S*I. N. C. Ind.,20201109,18990,19550,18990,19060,3.06305E+12,160667514,28337,D,19980,19350
S*I. N. C. Ind.,20201108,19770,19770,19770,19980,86914139280,4396264,1464,D,20810,19770
S*I. N. C. Ind.,20201107,20810,20810,20810,20810,2.37236E+11,11400088,4425,D,21900,20810
S*I. N. C. Ind.,20201104,21900,21900,21510,21900,1.76E+12,80376009,8953,D,20860,21900
S*I. N. C. Ind.,20201102,20010,21490,20010,20860,1.07851E+12,51699600,22337,D,20910,20880
S*I. N. C. Ind.,20201101,22000,22000,20480,20910,1.70089E+12,81345212,21310,D,21540,20490
S*I. N. C. Ind.,20201031,21300,21600,20650,21540,1.68141E+12,78073449,20359,D,20580,21600
S*I. N. C. Ind.,20201028,19990,21420,19760,20580,2.06421E+12,100296057,30277,D,20790,21290
S*I. N. C. Ind.,20201027,21150,22050,20710,20790,2.84591E+12,136913045,23360,D,21800,20760
S*I. N. C. Ind.,20201026,21760,22700,21760,21800,5.37232E+12,246470643,43019,D,22900,21770
S*I. N. C. Ind.,20201024,23260,23730,22800,22900,6.89809E+11,30119164,9270,D,23990,22800
S*I. N. C. Ind.,20201021,23610,24790,22660,23990,3.5618E+12,148496612,45582,D,23610,23730
S*I. N. C. Ind.,20201020,23610,23610,23610,23610,5.03029E+11,21305764,4386,D,24850,23610
S*I. N. C. Ind.,20201019,24850,24850,24850,24850,1.40321E+12,56467150,9080,D,26150,24850
S*I. N. C. Ind.,20201018,26800,26800,26100,26150,1.34947E+12,51608495,17083,D,27470,26100
S*I. N. C. Ind.,20201014,28400,28400,26990,27470,2.55792E+12,93116117,32883,D,28240,27260
S*I. N. C. Ind.,20201013,28360,28980,27550,28240,2.52964E+12,89581422,32898,D,28310,28420
S*I. N. C. Ind.,20201012,28500,29470,27740,28310,2.90761E+12,102716489,45192,D,29200,28400
S*I. N. C. Ind.,20201011,28100,29340,28100,29200,5.82184E+12,199402046,52175,D,27950,28750
S*I. N. C. Ind.,20201010,28600,28650,27360,27950,3.20637E+12,114716353,50565,D,28650,27800
S*I. N. C. Ind.,20201007,28900,29530,28020,28650,2.34584E+12,81883422,41359,D,28270,28520
S*I. N. C. Ind.,20201006,28020,29000,27500,28270,2.92725E+12,103548106,44385,D,28210,28770
S*I. N. C. Ind.,20201005,27900,29500,27860,28210,2.8333E+12,100435022,40192,D,29320,27990
S*I. N. C. Ind.,20201004,30450,30550,28530,29320,4.69447E+12,160096131,54038,D,30030,28550
S*I. N. C. Ind.,20201003,29420,30160,28730,30030,2.95548E+12,98419438,30245,D,28730,30160
S*I. N. C. Ind.,20200930,29200,29480,27000,28730,3.12916E+12,108934857,37619,D,28190,29350
S*I. N. C. Ind.,20200929,27740,29990,27740,28190,6.0115E+12,213239039,61074,D,29200,28590
S*I. N. C. Ind.,20200928,29200,29200,29200,29200,8.62266E+11,29529645,4129,D,30730,29200
S*I. N. C. Ind.,20200927,31950,31950,30580,30730,1.58525E+12,51584410,13835,D,32180,30580
S*I. N. C. Ind.,20200926,33500,34200,31720,32180,6.05228E+12,188074523,66412,D,33380,32650
S*I. N. C. Ind.,20200923,33900,34390,32000,33380,4.67217E+12,139974701,58926,D,32760,33250
S*I. N. C. Ind.,20200922,33690,35120,32110,32760,8.23991E+12,251548476,77136,D,33790,33440
S*I. N. C. Ind.,20200921,33790,33790,33790,33790,2.25889E+12,66850981,12402,D,35560,33790
S*I. N. C. Ind.,20200920,35990,36970,35270,35560,2.29505E+12,64536658,30610,D,37120,35270
S*I. N. C. Ind.,20200919,36900,38630,35300,37120,9.88135E+12,266234377,123678,D,36990,36450
S*I. N. C. Ind.,20200916,37150,37150,35690,36990,1.10105E+13,297700691,118845,D,35390,37130
S*I. N. C. Ind.,20200915,35390,35430,34430,35390,4.22942E+12,119523124,34893,D,33750,35430
S*I. N. C. Ind.,20200914,33030,34020,32400,33750,5.83294E+12,172852089,49270,D,32400,34020
S*I. N. C. Ind.,20200913,32990,33990,31250,32400,1.03526E+13,319488050,97978,D,32890,33100
S*I. N. C. Ind.,20200912,32900,32900,32420,32890,5.85171E+12,177893211,36623,D,31340,32900
S*I. N. C. Ind.,20200909,30120,33260,30120,31340,1.12853E+13,360085244,103499,D,31700,32780
S*I. N. C. Ind.,20200908,31700,31700,31700,31700,2.28026E+11,7193249,3378,D,33360,31700
S*I. N. C. Ind.,20200907,33590,34290,33140,33360,2.11164E+12,63300531,19153,D,34880,33140
S*I. N. C. Ind.,20200906,35180,35180,33540,34880,1.21982E+13,349731612,94052,D,33510,34380
S*I. N. C. Ind.,20200905,33530,33530,32950,33510,1.04588E+13,312090924,64652,D,31940,33530
S*I. N. C. Ind.,20200902,32910,33320,31500,31940,9.46962E+12,296440827,79276,D,33150,31950
S*I. N. C. Ind.,20200901,33000,33690,31500,33150,1.27414E+13,384394339,111181,D,32090,33240
S*I. N. C. Ind.,20200831,32090,32090,31480,32090,1.82428E+13,568572911,86470,D,30570,32090
S*I. N. C. Ind.,20200826,30570,30570,30570,30570,5.10045E+11,16684497,2378,D,29120,30570
S*I. N. C. Ind.,20200825,29120,29120,29120,29120,6.36698E+11,21864636,3176,D,27740,29120
S*I. N. C. Ind.,20200824,28410,28410,26240,27740,7.95883E+12,286958570,86625,D,27060,28410
S*I. N. C. Ind.,20200823,28700,29260,26580,27060,6.82817E+12,252296660,62001,D,27970,27220
S*I. N. C. Ind.,20200822,28170,28170,26820,27970,7.65559E+12,273713822,72353,D,26830,28170
S*I. N. C. Ind.,20200819,26790,27280,26790,26830,3.66363E+12,136573387,34940,D,28200,27030
S*I. N. C. Ind.,20200818,29990,29990,27810,28200,4.11227E+12,145822919,57169,D,29270,28400
S*I. N. C. Ind.,20200817,29290,29340,28010,29270,2.60945E+12,89139332,24138,D,27940,29340
S*I. N. C. Ind.,20200816,27960,28980,27900,27940,6.25574E+12,223871806,58421,D,29360,27900
S*I. N. C. Ind.,20200815,29330,30390,29330,29360,1.70859E+12,58190628,22322,D,30870,29330
S*I. N. C. Ind.,20200812,32700,33100,29960,30870,4.27184E+12,138369165,52851,D,31530,29960
S*I. N. C. Ind.,20200811,31410,32970,31410,31530,1.73743E+12,55109736,25033,D,33060,31410
S*I. N. C. Ind.,20200810,34650,34650,31350,33060,1.05878E+13,320260866,140913,D,33000,31550
S*I. N. C. Ind.,20200809,33000,33020,29880,33000,4.47223E+12,135517523,54086,D,31450,33020
S*I. N. C. Ind.,20200805,30380,31890,28870,31450,6.56238E+12,208677555,94132,D,30380,31890
S*I. N. C. Ind.,20200804,30300,31680,30250,30380,5.29977E+12,174474789,71820,D,31840,30250
S*I. N. C. Ind.,20200803,32130,35000,31680,31840,2.54612E+12,79972296,58802,D,33340,31680
S*I. N. C. Ind.,20200802,34790,34860,31540,33340,4.68101E+12,140405045,83623,D,33200,32120
S*I. N. C. Ind.,20200801,32310,33410,30230,33200,4.42564E+12,133317219,59742,D,31820,33270
S*I. N. C. Ind.,20200729,31740,33310,31740,31820,3.04756E+12,95776170,41178,D,33410,31740
S*I. N. C. Ind.,20200728,34170,35870,32470,33410,4.91394E+12,147101144,65257,D,34170,32470
S*I. N. C. Ind.,20200727,34110,34890,34110,34170,7.68619E+12,224970853,74814,D,35900,34110
S*I. N. C. Ind.,20200726,36240,39280,35540,35900,2.85348E+12,79486809,55681,D,37410,35540
S*I. N. C. Ind.,20200725,37920,39810,36190,37410,7.818E+12,209008640,97321,D,35720,36240
S*I. N. C. Ind.,20200722,0,0,0,35970,0,0,0,D,35970,37170
S*I. N. C. Ind.,20200721,0,0,0,35970,0,0,0,D,35970,37170
S*I. N. C. Ind.,20200720,0,0,0,35970,0,0,0,D,35970,37170
S*I. N. C. Ind.,20200719,33630,37170,33630,35970,1.32936E+13,369600575,123516,D,35400,37170
S*I. N. C. Ind.,20200718,35400,35400,35400,35400,1.86834E+12,52778054,43532,D,37260,35400
S*I. N. C. Ind.,20200715,37700,38680,35000,37260,1.51362E+13,406220350,250607,D,36840,35080
S*I. N. C. Ind.,20200714,36850,36850,36500,36840,1.61077E+13,437248012,137116,D,35100,36850
S*I. N. C. Ind.,20200713,34500,35510,32130,35100,9.55421E+12,272207842,97430,D,33820,35510
S*I. N. C. Ind.,20200712,33830,33830,33700,33820,8.79552E+12,260056047,81953,D,32220,33830
S*I. N. C. Ind.,20200711,30780,34000,30780,32220,8.49824E+12,263795886,98409,D,32390,34000
S*I. N. C. Ind.,20200708,33430,35100,31760,32390,5.66387E+12,174866820,77035,D,33430,31760
S*I. N. C. Ind.,20200707,0,0,0,33430,0,0,0,D,33430,33430
S*I. N. C. Ind.,20200706,33430,33430,33430,33430,1.87849E+11,5619177,812,D,31840,33430
S*I. N. C. Ind.,20200705,30240,32360,29280,31840,5.08374E+12,159684640,49421,D,30820,32360
S*I. N. C. Ind.,20200704,32100,32110,29070,30820,8.84989E+12,287163288,143709,D,30590,30240
S*I. N. C. Ind.,20200701,30590,30590,30430,30590,5.31442E+12,173748613,46370,D,29140,30590
S*I. N. C. Ind.,20200630,29150,29150,29000,29140,2.53853E+12,87100845,21373,D,27770,29150
S*I. N. C. Ind.,20200629,26910,29200,26820,27770,7.0087E+12,252399823,88779,D,28230,28800
S*I. N. C. Ind.,20200628,28690,28690,26200,28230,1.01412E+13,359188840,99425,D,27330,27500
S*I. N. C. Ind.,20200627,27330,27330,27330,27330,2.22393E+12,81373123,13809,D,26030,27330
S*I. N. C. Ind.,20200624,25500,26260,25000,26030,5.96151E+12,229002618,32055,D,25010,26260
S*I. N. C. Ind.,20200623,25010,25010,25010,25010,1.13434E+12,45355270,5045,D,23820,25010
S*I. N. C. Ind.,20200622,23820,23820,23820,23820,9.08164E+11,38126123,3846,D,22690,23820
S*I. N. C. Ind.,20200621,22690,22690,22690,22690,1.15871E+12,51066980,4301,D,21610,22690
S*I. N. C. Ind.,20200620,21610,21610,21610,21610,2.98233E+11,13800686,2278,D,20590,21610
S*I. N. C. Ind.,20200616,19600,0,0,20590,0,0,0,D,20590,19990
S*I. N. C. Ind.,20200615,20870,20870,19950,20590,2.14621E+11,10422468,3649,D,20280,19990
S*I. N. C. Ind.,20200614,20580,20580,18620,20280,4.75259E+12,234339571,51657,D,19600,20580
S*I. N. C. Ind.,20200613,19600,19600,19600,19600,6.55758E+11,33457023,6238,D,18674,19600
S*I. N. C. Ind.,20200610,18680,18680,18500,18674,1.5049E+12,80587639,10864,D,17791,18680
S*I. N. C. Ind.,20200609,17333,17842,17008,17791,3.81802E+12,214608704,24857,D,16993,17842
S*I. N. C. Ind.,20200608,17060,17060,15436,16993,5.29439E+12,311566257,40150,D,16248,16890
S*I. N. C. Ind.,20200607,16248,16248,16248,16248,1.37047E+12,84347214,4542,D,15475,16248
S*I. N. C. Ind.,20200606,15475,15475,15475,15475,5.93093E+11,38325908,3476,D,14739,15475
S*I. N. C. Ind.,20200602,14538,14777,14180,14739,1.2399E+12,84123651,11196,D,14074,14777
S*I. N. C. Ind.,20200601,13850,14300,13193,14074,9.60175E+11,68221882,15920,D,13626,14170
S*I. N. C. Ind.,20200531,14180,14202,12850,13626,1.27584E+12,93630873,21864,D,13526,13599
S*I. N. C. Ind.,20200530,13526,13526,13510,13526,8.70954E+11,64391233,9051,D,12882,13526
S*I. N. C. Ind.,20200527,12001,13160,12001,12882,1.61477E+12,125349477,19119,D,12534,13160
S*I. N. C. Ind.,20200526,12478,13123,12478,12534,1.04471E+12,83350002,13247,D,12478,12478
S*I. N. C. Ind.,20200523,13124,13599,13123,13134,1.39175E+12,105965125,12954,D,13813,13123
S*I. N. C. Ind.,20200520,13780,14182,13773,13813,2.17882E+12,157741185,22624,D,14497,13773
S*I. N. C. Ind.,20200519,15440,15440,14032,14497,1.56403E+12,107883143,26904,D,14747,14090
S*I. N. C. Ind.,20200518,14769,15044,14001,14747,2.33149E+12,158100096,32299,D,14328,15044
S*I. N. C. Ind.,20200517,14316,14600,14316,14328,3.37726E+12,235703935,28074,D,15069,14316
S*I. N. C. Ind.,20200516,15155,15440,15029,15069,8.97194E+11,59540975,10610,D,15819,15029
S*I. N. C. Ind.,20200513,15454,16997,15454,15819,5.17094E+12,326878334,61680,D,16267,15454
S*I. N. C. Ind.,20200512,16790,16790,16092,16267,1.72764E+12,106204155,27473,D,16938,16092
S*I. N. C. Ind.,20200511,16941,16941,16476,16938,8.32822E+12,491696953,60888,D,16135,16936
S*I. N. C. Ind.,20200510,16135,16135,16135,16135,1.20507E+12,74686802,4545,D,15367,16135
S*I. N. C. Ind.,20200509,15367,15367,15367,15367,8.11443E+11,52804237,4570,D,14636,15367
S*I. N. C. Ind.,20200506,13666,15104,13666,14636,4.37319E+12,298789368,45474,D,14385,15104
S*I. N. C. Ind.,20200505,14839,14839,13430,14385,4.35733E+12,302904707,54629,D,14133,13790
S*I. N. C. Ind.,20200504,14164,14164,13555,14133,5.82059E+12,411832594,50519,D,13490,14164
S*I. N. C. Ind.,20200503,13490,13490,13490,13490,1.25975E+12,93384178,4069,D,12848,13490
S*I. N. C. Ind.,20200502,12848,12848,12848,12848,6.69145E+11,52081683,2367,D,12237,12848
S*I. N. C. Ind.,20200429,11722,12308,11722,12237,3.49877E+11,28590897,1902,D,11164,12308
S*I. N. C. Ind.,20200428,0,0,0,11164,0,0,0,D,11164,11164
S*I. N. C. Ind.,20200427,0,0,0,11164,0,0,0,D,11164,11164
S*I. N. C. Ind.,20200426,11164,11164,11164,11164,2.8251E+11,25305406,1415,D,10633,11164
S*I. N. C. Ind.,20200425,10639,10648,10278,10633,1.65063E+12,155239880,18749,D,10141,10648
S*I. N. C. Ind.,20200422,10250,10250,9800,10141,1.58685E+12,156478248,19504,D,10052,10170
S*I. N. C. Ind.,20200421,9963,10279,9795,10052,8.36027E+11,83170132,13661,D,9839,10129
S*I. N. C. Ind.,20200420,9500,9999,9250,9839,1.07297E+12,109046931,16587,D,9534,9888
S*I. N. C. Ind.,20200419,9630,9630,8714,9534,1.57811E+12,165529513,22250,D,9172,9162
S*I. N. C. Ind.,20200418,9174,9174,8796,9172,9.98874E+11,108900297,10498,D,8738,9174
S*I. N. C. Ind.,20200415,8469,8794,8350,8738,1.3424E+12,153636161,13551,D,8376,8794
S*I. N. C. Ind.,20200414,8500,8500,8289,8376,5.43966E+11,64942382,13653,D,8400,8382
S*I. N. C. Ind.,20200413,8666,8666,8200,8400,6.72628E+11,80072228,9956,D,8255,8344
S*I. N. C. Ind.,20200412,8200,8278,8038,8255,1.01416E+12,122855662,13219,D,7884,8278
S*I. N. C. Ind.,20200411,7900,7940,7751,7884,4.9441E+11,62708265,10751,D,7750,7880
S*I. N. C. Ind.,20200408,7700,7794,7570,7750,8.29894E+11,107084240,12642,D,7423,7700
S*I. N. C. Ind.,20200407,7408,7470,7240,7423,1.17262E+12,157967887,15586,D,7115,7469
S*I. N. C. Ind.,20200406,7220,7276,7000,7115,3.8733E+11,54441647,9919,D,7276,7200
S*I. N. C. Ind.,20200405,7450,7450,7200,7276,3.70663E+11,50943189,11539,D,7318,7220
S*I. N. C. Ind.,20200404,7189,7386,7090,7318,6.67985E+11,91278856,14897,D,7035,7360
S*I. N. C. Ind.,20200330,7038,7148,6880,7035,3.68296E+11,52349131,10394,D,7098,7052
S*I. N. C. Ind.,20200329,7200,7200,6940,7098,4.87119E+11,68624073,13996,D,6878,7038
S*I. N. C. Ind.,20200328,6898,6998,6721,6878,6.51401E+11,94710894,20902,D,6857,6950
S*I. N. C. Ind.,20200325,6820,6899,6792,6857,5.16272E+11,75292928,13426,D,6752,6858
S*I. N. C. Ind.,20200324,6750,6890,6736,6752,4.86634E+11,72075509,9020,D,7090,6736
S*I. N. C. Ind.,20200318,7190,7190,7000,7090,7.55462E+11,106552810,16213,D,7174,7090
S*I. N. C. Ind.,20200317,7399,7399,7000,7174,4.60593E+11,64204824,8197,D,7189,7170
S*I. N. C. Ind.,20200316,7210,7212,7089,7189,6.39637E+11,88979075,12940,D,6869,7139
S*I. N. C. Ind.,20200315,6700,7100,6700,6869,3.55522E+11,51757881,9849,D,6782,7058
S*I. N. C. Ind.,20200314,6976,6976,6628,6782,6.06429E+11,89416481,11800,D,7343,6781
S*I. N. C. Ind.,20200311,7215,7540,7132,7343,4.27646E+11,58235361,10424,D,7181,7241
S*I. N. C. Ind.,20200310,7110,7400,7094,7181,6.07854E+11,84643820,12592,D,7467,7094
S*I. N. C. Ind.,20200309,7598,7598,7444,7467,1.43138E+11,19169448,3518,D,7835,7444
S*I. N. C. Ind.,20200307,8003,8003,7610,7835,5.23467E+11,66815267,10100,D,7748,7810
S*I. N. C. Ind.,20200304,7800,7849,7610,7748,5.36064E+11,69184294,10416,D,7509,7700
S*I. N. C. Ind.,20200303,7623,7623,7400,7509,6.03771E+11,80408181,11492,D,7261,7504
S*I. N. C. Ind.,20200302,7191,7384,7105,7261,7.58385E+11,104446460,11811,D,7112,7379
S*I. N. C. Ind.,20200301,6950,7190,6950,7112,7.0786E+11,99528828,12062,D,7120,7099
S*I. N. C. Ind.,20200229,7091,7200,7085,7120,5.84384E+11,82070635,12565,D,7457,7085
S*I. N. C. Ind.,20200226,7600,7600,7370,7457,4.59516E+11,61626180,9619,D,7253,7388
S*I. N. C. Ind.,20200225,7195,7457,7110,7253,5.46055E+11,75286275,11865,D,7142,7365
S*I. N. C. Ind.,20200224,7340,7340,7069,7142,6.89056E+11,96474786,11897,D,7052,7085
S*I. N. C. Ind.,20200223,7102,7105,7009,7052,8.23429E+11,116760209,14807,D,6832,7098
S*I. N. C. Ind.,20200222,6485,6980,6485,6832,3.37888E+11,49459784,8607,D,6816,6936
S*I. N. C. Ind.,20200219,6890,6890,6775,6816,3.40831E+11,50003143,8985,D,6802,6802
S*I. N. C. Ind.,20200218,7000,7000,6611,6802,4.21153E+11,61919554,8599,D,6817,6750
S*I. N. C. Ind.,20200217,6895,6895,6630,6817,7.75313E+11,113729556,12664,D,6567,6680
S*I. N. C. Ind.,20200216,6539,6636,6311,6567,8.49817E+11,129413690,12834,D,6320,6610
S*I. N. C. Ind.,20200215,6499,6499,6200,6320,2.51853E+11,39849972,6486,D,6347,6300
S*I. N. C. Ind.,20200212,6399,6500,6225,6347,3.43568E+11,54134830,8032,D,6192,6348
S*I. N. C. Ind.,20200210,6300,6301,6080,6192,1.94329E+11,31385175,6167,D,6235,6220
S*I. N. C. Ind.,20200209,6245,6279,6182,6235,4.17387E+11,66938991,9078,D,6283,6254
S*I. N. C. Ind.,20200208,6440,6440,6165,6283,3.70466E+11,58965897,9610,D,6328,6250
S*I. N. C. Ind.,20200205,6370,6401,6262,6328,3.36563E+11,53186671,9150,D,6395,6330
S*I. N. C. Ind.,20200204,6669,6669,6251,6395,4.38529E+11,68573289,11496,D,6376,6320
S*I. N. C. Ind.,20200203,6400,6435,6280,6376,1.05473E+12,165432670,19417,D,6168,6400
S*I. N. C. Ind.,20200202,5870,6197,5790,6168,1.98997E+12,322629751,23446,D,5902,6197
S*I. N. C. Ind.,20200201,6065,6070,5811,5902,4.35272E+11,73748131,12779,D,6107,5870
S*I. N. C. Ind.,20200128,6138,6155,6061,6107,2.83222E+11,46373146,7589,D,6062,6080
S*I. N. C. Ind.,20200127,6071,6175,5898,6062,2.78014E+11,45862054,7233,D,6068,6140
S*I. N. C. Ind.,20200126,6168,6168,5972,6068,4.65062E+11,76636672,9803,D,6116,6038
S*I. N. C. Ind.,20200125,6250,6250,6040,6116,9.5712E+11,156487249,19093,D,6188,6071
S*I. N. C. Ind.,20200122,6250,6250,6110,6188,5.38802E+11,87071679,6042,D,5902,6140
S*I. N. C. Ind.,20200121,0,0,0,7673,0,0,0,D,7673,7600
S*I. N. C. Ind.,20200120,0,0,0,7673,0,0,0,D,7673,7600
S*I. N. C. Ind.,20200119,0,0,0,7673,0,0,0,D,7673,7600
S*I. N. C. Ind.,20200118,0,0,0,7673,0,0,0,D,7673,7600
S*I. N. C. Ind.,20200115,7590,7740,7450,7673,1.03727E+12,135180909,12568,D,7506,7600
S*I. N. C. Ind.,20200114,7445,7650,7410,7506,1.05641E+12,140734094,8372,D,7378,7594
S*I. N. C. Ind.,20200113,7400,7537,7280,7378,4.17785E+11,56622112,8253,D,7251,7383
S*I. N. C. Ind.,20200112,7268,7268,7155,7251,1.0307E+12,142151913,11958,D,6922,7268
S*I. N. C. Ind.,20200111,6922,6922,6915,6922,9.83925E+11,142144650,4438,D,6787,6922
S*I. N. C. Ind.,20200108,6779,6938,6778,6787,1.23172E+12,181484904,8041,D,6916,6915
S*I. N. C. Ind.,20200107,6960,7250,6584,6916,5.19482E+11,75115734,7062,D,6905,6948
S*I. N. C. Ind.,20200105,6759,6995,6759,6905,2.50622E+11,36297914,4714,D,6759,6971
S*I. N. C. Ind.,20200104,6751,6997,6751,6759,1.36864E+12,202504372,9710,D,7106,6759
S*I. N. C. Ind.,20200101,6891,7116,6891,7106,7.23298E+11,101788377,7682,D,6778,7058
S*I. N. C. Ind.,20191231,6959,6959,6640,6778,1.88779E+11,27849925,3177,D,6791,6850
S*I. N. C. Ind.,20191230,6769,6893,6701,6791,1.71396E+11,25237586,3029,D,6769,6780
S*I. N. C. Ind.,20191229,6800,6802,6741,6769,1.02932E+11,15206794,2156,D,6769,6773
S*I. N. C. Ind.,20191228,6610,6960,6585,6769,2.17099E+11,32072396,4032,D,6655,6750
S*I. N. C. Ind.,20191225,6690,6798,6550,6655,1.08929E+11,16367285,2549,D,6667,6700
S*I. N. C. Ind.,20191224,6673,6710,6615,6667,1.17506E+11,17625257,2351,D,6674,6666
S*I. N. C. Ind.,20191223,6701,6854,6480,6674,1.69015E+11,25323304,3385,D,6595,6700
S*I. N. C. Ind.,20191222,6598,6630,6529,6595,1.33056E+11,20174578,2360,D,6503,6616
S*I. N. C. Ind.,20191221,6510,6560,6471,6503,1.78544E+11,27454813,2796,D,6477,6530
S*I. N. C. Ind.,20191218,6520,6640,6425,6477,1.92966E+11,29793712,2849,D,6425,6500
S*I. N. C. Ind.,20191217,6400,6500,6393,6425,2.11611E+11,32937392,3324,D,6425,6497
S*I. N. C. Ind.,20191216,6358,6480,6347,6425,1.97427E+11,30728302,2939,D,6426,6385
S*I. N. C. Ind.,20191215,6430,6596,6251,6426,2.28417E+11,35543644,4107,D,6312,6400
S*I. N. C. Ind.,20191214,6212,6410,6200,6312,3.80787E+11,60332124,5573,D,6106,6405
S*I. N. C. Ind.,20191211,6050,6170,6000,6106,1.69573E+11,27772113,2830,D,6091,6120
S*I. N. C. Ind.,20191210,6133,6140,6050,6091,3.21565E+11,52795253,4902,D,6094,6069
S*I. N. C. Ind.,20191209,6196,6196,6041,6094,2.52191E+11,41382635,4855,D,6178,6080
S*I. N. C. Ind.,20191208,6162,6365,6080,6178,1.87232E+11,30307782,4371,D,6067,6140
S*I. N. C. Ind.,20191207,6000,6075,5961,6067,6.14264E+11,101251299,6943,D,5786,6075
S*I. N. C. Ind.,20191204,5772,5846,5750,5786,2.71204E+11,46875630,3963,D,5789,5796
S*I. N. C. Ind.,20191203,5799,5849,5650,5789,1.7489E+11,30208167,3660,D,5772,5794
S*I. N. C. Ind.,20191202,5780,5835,5620,5772,6.37483E+11,110440419,8579,D,5558,5750
S*I. N. C. Ind.,20191201,5323,5589,5323,5558,5.8986E+11,106128385,5243,D,5323,5589
S*I. N. C. Ind.,20191130,5340,5400,5290,5323,74790453851,14050680,2026,D,5366,5320
S*I. N. C. Ind.,20191127,5264,5410,5264,5366,1.2747E+11,23753910,2618,D,5258,5337
S*I. N. C. Ind.,20191126,5250,5280,5218,5258,89792360488,17077536,1495,D,5218,5279
S*I. N. C. Ind.,20191125,5203,5277,5190,5218,88393224291,16938744,1727,D,5223,5254
S*I. N. C. Ind.,20191124,5231,5250,5197,5223,78161519333,14965713,1426,D,5231,5199
S*I. N. C. Ind.,20191123,5262,5324,5193,5231,79328891905,15164542,1603,D,5272,5218
S*I. N. C. Ind.,20191120,5300,5301,5250,5272,57521023367,10911090,1302,D,5266,5265
S*I. N. C. Ind.,20191119,5265,5349,5244,5266,46010201000,8737915,1246,D,5284,5278
S*I. N. C. Ind.,20191118,5300,5378,5250,5284,66087552369,12507719,1254,D,5286,5250
S*I. N. C. Ind.,20191117,5190,5449,5181,5286,1.64236E+11,31071399,2219,D,5249,5245
S*I. N. C. Ind.,20191116,5291,5291,5230,5249,58487755672,11142520,1280,D,5258,5250
S*I. N. C. Ind.,20191113,5298,5301,5221,5258,68102055729,12951193,2165,D,5305,5291
S*I. N. C. Ind.,20191112,5333,5356,5289,5305,47695548977,8990711,2274,D,5292,5300
S*I. N. C. Ind.,20191111,5300,5350,5261,5292,1.05799E+11,19992170,1648,D,5309,5295
S*I. N. C. Ind.,20191110,5299,5350,5290,5309,45891297476,8644297,1206,D,5323,5335
S*I. N. C. Ind.,20191109,5400,5400,5287,5323,82492565845,15498799,2182,D,5313,5299
S*I. N. C. Ind.,20191105,5230,5360,5223,5313,79991039624,15055185,1702,D,5306,5330
S*I. N. C. Ind.,20191104,5387,5389,5230,5306,65280034104,12303513,1649,D,5331,5299
S*I. N. C. Ind.,20191103,5380,5400,5250,5331,68187100940,12790315,1792,D,5358,5327
S*I. N. C. Ind.,20191102,5398,5398,5252,5358,85147791577,15891464,2205,D,5390,5360
S*I. N. C. Ind.,20191030,5421,5421,5368,5390,94217946568,17480460,2491,D,5383,5380
S*I. N. C. Ind.,20191028,5382,5410,5340,5383,49582847121,9211254,1912,D,5376,5393
S*I. N. C. Ind.,20191026,5410,5450,5306,5376,69748346787,12972981,1807,D,5367,5380
S*I. N. C. Ind.,20191023,5420,5422,5300,5367,76047921901,14169761,1883,D,5417,5360
S*I. N. C. Ind.,20191022,5410,5465,5334,5417,1.37027E+11,25294432,3027,D,5343,5390
S*I. N. C. Ind.,20191021,5363,5410,5235,5343,2.32931E+11,43591659,3845,D,5207,5400
S*I. N. C. Ind.,20191020,5350,5400,5100,5207,1.16304E+11,22336352,2274,D,5334,5182
S*I. N. C. Ind.,20191016,5280,5393,5270,5334,92843748959,17405214,2012,D,5308,5300
S*I. N. C. Ind.,20191015,5450,5466,5265,5308,1.35723E+11,25568066,2620,D,5412,5309
S*I. N. C. Ind.,20191014,5410,5520,5273,5412,2.21521E+11,40933216,3263,D,5409,5411
S*I. N. C. Ind.,20191013,5399,5469,5340,5409,2.46289E+11,45536697,3905,D,5209,5370
S*I. N. C. Ind.,20191012,5150,5245,5130,5209,2.47414E+11,47497535,2867,D,4996,5245
S*I. N. C. Ind.,20191009,4926,5079,4926,4996,1.18464E+11,23710431,2370,D,4937,5079
S*I. N. C. Ind.,20191008,4971,5050,4850,4937,1.51339E+11,30655172,2670,D,4998,4979
S*I. N. C. Ind.,20191007,5001,5089,4936,4998,1.25856E+11,25183478,2505,D,4997,5009
S*I. N. C. Ind.,20191006,5160,5160,4950,4997,2.07655E+11,41558823,4063,D,5175,5019
S*I. N. C. Ind.,20191005,5190,5214,5149,5175,1.31588E+11,25425223,2672,D,5212,5150
S*I. N. C. Ind.,20191002,5247,5302,5149,5212,1.07798E+11,20682821,2419,D,5258,5199
S*I. N. C. Ind.,20191001,5450,5450,5149,5258,2.83244E+11,53870003,4286,D,5420,5320
S*I. N. C. Ind.,20190930,5401,5490,5360,5420,97166550181,17926097,2369,D,5388,5441
S*I. N. C. Ind.,20190929,5476,5480,5299,5388,82110370033,15240469,2591,D,5484,5381
S*I. N. C. Ind.,20190928,5490,5553,5426,5484,1.56806E+11,28592683,3508,D,5427,5442
S*I. N. C. Ind.,20190925,5405,5540,5280,5427,1.29662E+11,23891284,3252,D,5447,5490
S*I. N. C. Ind.,20190924,5590,5590,5320,5447,1.5858E+11,29114318,3579,D,5443,5389
S*I. N. C. Ind.,20190923,5388,5453,5255,5443,4.16505E+11,76525062,4415,D,5194,5446
S*I. N. C. Ind.,20190922,5100,5245,5000,5194,3.01485E+11,58048665,5258,D,4996,5245
S*I. N. C. Ind.,20190921,4950,5017,4904,4996,2.19651E+11,43965327,3217,D,4870,4999
S*I. N. C. Ind.,20190918,4979,4999,4763,4870,1.31251E+11,26952576,2720,D,4953,4999
S*I. N. C. Ind.,20190917,5009,5009,4901,4953,1.033E+11,20857311,2284,D,5016,4950
S*I. N. C. Ind.,20190916,5049,5080,4990,5016,1.65643E+11,33026212,2984,D,5004,4995
S*I. N. C. Ind.,20190915,5099,5099,4918,5004,1.46915E+11,29359946,3329,D,5101,5050
S*I. N. C. Ind.,20190914,5029,5154,5029,5101,2.44076E+11,47851877,4146,D,4952,5090
S*I. N. C. Ind.,20190911,4896,4998,4879,4952,1.35039E+11,27266907,3299,D,4856,4974
S*I. N. C. Ind.,20190908,4890,4922,4780,4856,1.31801E+11,27143157,3547,D,4809,4879
S*I. N. C. Ind.,20190907,4770,4888,4699,4809,1.91087E+11,39731681,4499,D,4659,4880
S*I. N. C. Ind.,20190904,4630,4757,4477,4659,2.54306E+11,54580409,4042,D,4593,4700
S*I. N. C. Ind.,20190903,4590,4660,4530,4593,1.05517E+11,22972688,2724,D,4561,4640
S*I. N. C. Ind.,20190902,4727,4728,4468,4561,1.40094E+11,30717666,3745,D,4659,4590
S*I. N. C. Ind.,20190901,4577,4720,4534,4659,1.99964E+11,42923781,4913,D,4530,4660
S*I. N. C. Ind.,20190831,4450,4543,4450,4530,4.80792E+11,106140511,7325,D,4327,4490
S*I. N. C. Ind.,20190828,4209,4399,4197,4327,1.44308E+11,33353039,3691,D,4261,4390
S*I. N. C. Ind.,20190827,4290,4302,4183,4261,1.21186E+11,28440622,3483,D,4208,4200
S*I. N. C. Ind.,20190826,4140,4278,4098,4208,2.00552E+11,47662632,4804,D,4105,4260
S*I. N. C. Ind.,20190825,4139,4139,4082,4105,1.14877E+11,27982944,2960,D,4119,4111
S*I. N. C. Ind.,20190824,4150,4154,4089,4119,1.50617E+11,36568566,4597,D,4156,4140
S*I. N. C. Ind.,20190821,4160,4183,4120,4156,97710733088,23511200,2589,D,4154,4183
S*I. N. C. Ind.,20190819,4161,4180,4130,4154,53049484274,12772188,1709,D,4140,4168
S*I. N. C. Ind.,20190818,4190,4198,4090,4140,74722647932,18047072,1892,D,4177,4158
S*I. N. C. Ind.,20190817,4249,4249,4145,4177,62738777654,15019836,2355,D,4237,4171
S*I. N. C. Ind.,20190814,4210,4276,4210,4237,1.07651E+11,25409144,2803,D,4138,4227
S*I. N. C. Ind.,20190813,4174,4182,4100,4138,93855481877,22679975,2560,D,4154,4181
S*I. N. C. Ind.,20190811,4138,4189,4128,4154,75349080791,18140596,1800,D,4137,4180
S*I. N. C. Ind.,20190810,4190,4190,4103,4137,64323692335,15546992,1962,D,4184,4133
S*I. N. C. Ind.,20190807,4180,4210,4155,4184,88406195519,21131899,2223,D,4161,4177
S*I. N. C. Ind.,20190806,4225,4249,4050,4161,1.70486E+11,40970556,3383,D,4213,4190
S*I. N. C. Ind.,20190805,4285,4290,4180,4213,2.21347E+11,52538821,4301,D,4314,4213
S*I. N. C. Ind.,20190804,4359,4360,4288,4314,83919150104,19451871,1780,D,4360,4334
S*I. N. C. Ind.,20190803,4397,4405,4336,4360,1.42054E+11,32579009,3010,D,4513,4346
S*I. N. C. Ind.,20190731,4500,4530,4495,4513,87621825072,19415824,2160,D,4506,4520
S*I. N. C. Ind.,20190730,4530,4530,4498,4506,84549657267,18763568,1364,D,4525,4508
S*I. N. C. Ind.,20190729,4550,4578,4500,4525,93472151957,20658495,1496,D,4510,4521
S*I. N. C. Ind.,20190728,4503,4545,4490,4510,87674460135,19441356,1711,D,4494,4540
S*I. N. C. Ind.,20190727,4581,4581,4401,4494,69934681248,15561386,1820,D,4596,4500
S*I. N. C. Ind.,20190724,4569,4657,4531,4596,1.74613E+11,37996490,3210,D,4509,4590
S*I. N. C. Ind.,20190723,4500,4598,4446,4509,4.15011E+11,92044802,7533,D,4436,4518
S*I. N. C. Ind.,20190722,4436,4436,4436,4436,4.83936E+11,109092986,2590,D,4225,4436
S*I. N. C. Ind.,20190721,4129,4300,4102,4225,1.28155E+11,30330289,2533,D,4154,4199
S*I. N. C. Ind.,20190720,4156,4238,4097,4154,99661512603,23993081,2040,D,4269,4127
S*I. N. C. Ind.,20190717,4200,0,0,4269,0,0,0,D,4269,4259
S*I. N. C. Ind.,20190716,0,0,0,4419,0,0,0,D,4419,4409
S*I. N. C. Ind.,20190715,0,0,0,4419,0,0,0,D,4419,4409
S*I. N. C. Ind.,20190714,0,0,0,4419,0,0,0,D,4419,4409
S*I. N. C. Ind.,20190713,4469,4470,4392,4419,1.56627E+11,35444212,3263,D,4473,4409
S*I. N. C. Ind.,20190710,4470,4509,4449,4473,1.52653E+11,34130348,2368,D,4471,4458
S*I. N. C. Ind.,20190709,4449,4497,4424,4471,1.11092E+11,24844671,2088,D,4481,4480
S*I. N. C. Ind.,20190708,4469,4523,4440,4481,88936153878,19847717,1686,D,4499,4448
S*I. N. C. Ind.,20190707,4450,4531,4450,4499,80132155431,17812040,1460,D,4475,4475
S*I. N. C. Ind.,20190706,4500,4525,4430,4475,1.59008E+11,35531476,2227,D,4520,4470
S*I. N. C. Ind.,20190703,4550,4599,4478,4520,1.69712E+11,37547975,2703,D,4623,4532
S*I. N. C. Ind.,20190702,4688,4690,4597,4623,98753107679,21362274,2236,D,4688,4603
S*I. N. C. Ind.,20190701,4677,4730,4610,4688,96995235945,20690290,2008,D,4716,4700
S*I. N. C. Ind.,20190630,4800,4823,4588,4716,1.31149E+11,27810839,2796,D,4719,4655
S*I. N. C. Ind.,20190626,4740,4811,4627,4719,1.48872E+11,31546437,3983,D,4599,4726
S*I. N. C. Ind.,20190625,4498,4647,4350,4599,4.24687E+11,92343074,5881,D,4426,4625
S*I. N. C. Ind.,20190624,4270,4471,4266,4426,2.73643E+11,61832408,4291,D,4259,4471
S*I. N. C. Ind.,20190623,4230,4272,4230,4259,83600300602,19630376,2367,D,4214,4263
S*I. N. C. Ind.,20190622,4189,4250,4165,4214,83894289391,19909056,1862,D,4190,4250
S*I. N. C. Ind.,20190619,4145,4246,4100,4190,2.13206E+11,50883884,3523,D,4088,4222
S*I. N. C. Ind.,20190618,4071,4139,4056,4088,98585619202,24114659,1597,D,4105,4077
S*I. N. C. Ind.,20190617,4051,4150,4051,4105,81692798941,19902137,1878,D,4099,4077
S*I. N. C. Ind.,20190616,4090,4153,4050,4099,2.24466E+11,54758130,3417,D,4079,4079
S*I. N. C. Ind.,20190615,4090,4151,4040,4079,82780088892,20292885,1585,D,4128,4048
S*I. N. C. Ind.,20190612,4090,4204,4041,4128,1.05697E+11,25603984,2070,D,4057,4128
S*I. N. C. Ind.,20190611,4020,4107,4001,4057,1.05484E+11,26001269,1898,D,4055,4090
S*I. N. C. Ind.,20190610,4052,4088,4000,4055,1.2345E+11,30442801,2142,D,4051,4015
S*I. N. C. Ind.,20190609,4035,4099,4030,4051,1.02058E+11,25194391,2156,D,4039,4040
S*I. N. C. Ind.,20190608,4040,4099,4010,4039,1.17302E+11,29041443,2059,D,4067,4060
S*I. N. C. Ind.,20190603,4049,4098,4045,4067,90865065168,22342401,1755,D,4043,4088
S*I. N. C. Ind.,20190602,4006,4070,4006,4043,89928677038,22242916,1847,D,4033,4040
S*I. N. C. Ind.,20190601,4065,4100,3996,4033,1.56802E+11,38880919,2826,D,4206,4089
S*I. N. C. Ind.,20190529,4300,4300,4120,4206,1.89842E+11,45134483,3267,D,4197,4170
S*I. N. C. Ind.,20190528,4179,4198,4170,4197,6.56603E+11,156435933,4609,D,3999,4198
S*I. N. C. Ind.,20190526,3950,4020,3930,3999,1.3987E+11,34979598,2496,D,3917,3997
S*I. N. C. Ind.,20190525,3998,3998,3873,3917,88453297758,22582036,2037,D,3953,3950
S*I. N. C. Ind.,20190522,4015,4038,3901,3953,67877905137,17172778,1581,D,3999,4038
S*I. N. C. Ind.,20190521,3901,4015,3901,3999,1.15064E+11,28773948,2480,D,3913,4000
S*I. N. C. Ind.,20190520,3918,4001,3885,3913,1.41939E+11,36269594,2097,D,3920,3910
S*I. N. C. Ind.,20190519,3947,3947,3878,3920,87117694321,22223099,1764,D,3941,3918
S*I. N. C. Ind.,20190518,3979,3994,3899,3941,99626199112,25280010,2595,D,4002,3921
S*I. N. C. Ind.,20190515,4000,4050,3978,4002,74248431150,18552461,1487,D,4048,3979
S*I. N. C. Ind.,20190514,4097,4097,3998,4048,1.25041E+11,30887061,2941,D,4056,4000
S*I. N. C. Ind.,20190513,3981,4124,3981,4056,90524060981,22321117,1707,D,3957,4042
S*I. N. C. Ind.,20190512,3902,4014,3840,3957,2.012E+11,50847683,2987,D,4007,4000
S*I. N. C. Ind.,20190511,3990,4100,3933,4007,2.40169E+11,59939548,3671,D,4128,3941
S*I. N. C. Ind.,20190508,3960,4200,3960,4128,2.52647E+11,61200265,2916,D,4006,4150
S*I. N. C. Ind.,20190507,4050,4122,3925,4006,2.19382E+11,54768708,3653,D,4123,4035
S*I. N. C. Ind.,20190506,4270,4288,4108,4123,3.64E+11,88281518,4102,D,4324,4108
S*I. N. C. Ind.,20190505,4353,4436,4240,4324,2.08926E+11,48315650,3526,D,4307,4278
S*I. N. C. Ind.,20190504,4333,4350,4270,4307,2.75099E+11,63873873,8223,D,4284,4333
S*I. N. C. Ind.,20190501,4150,4368,4140,4284,1.36862E+11,31950714,2494,D,4212,4333
S*I. N. C. Ind.,20190430,4360,4360,4125,4212,99828708497,23703457,2412,D,4167,4180
S*I. N. C. Ind.,20190429,4030,4250,4020,4167,1.99507E+11,47877628,4036,D,4048,4240
S*I. N. C. Ind.,20190428,3962,4119,3961,4048,1.34919E+11,33332496,2621,D,3954,4038
S*I. N. C. Ind.,20190427,3990,3996,3915,3954,1.10131E+11,27850417,2450,D,3958,3941
S*I. N. C. Ind.,20190424,3940,3999,3930,3958,76873737090,19421169,1779,D,3960,3949
S*I. N. C. Ind.,20190423,3950,3999,3899,3960,1.05106E+11,26542367,1781,D,3982,3953
S*I. N. C. Ind.,20190422,4058,4060,3915,3982,1.16142E+11,29170107,2626,D,4013,3965
S*I. N. C. Ind.,20190420,4015,4066,3990,4013,1.73873E+11,43325622,3726,D,4012,4030
S*I. N. C. Ind.,20190417,4043,4060,3950,4012,1.25917E+11,31382310,2673,D,4072,4020
S*I. N. C. Ind.,20190416,4130,4130,3995,4072,1.74354E+11,42822921,3119,D,4170,3997
S*I. N. C. Ind.,20190415,4071,4235,4071,4170,1.29507E+11,31058617,2449,D,4095,4130
S*I. N. C. Ind.,20190414,4056,4155,3999,4095,1.2982E+11,31703781,2932,D,4133,4127
S*I. N. C. Ind.,20190413,4200,4200,4095,4133,1.66738E+11,40342881,3336,D,4180,4104
S*I. N. C. Ind.,20190410,4039,4212,4017,4180,3.28582E+11,78610349,5632,D,4012,4180
S*I. N. C. Ind.,20190409,3950,4050,3930,4012,1.48101E+11,36915332,2884,D,3951,4033
S*I. N. C. Ind.,20190408,3860,4024,3845,3951,1.52765E+11,38663684,3262,D,3868,3995
S*I. N. C. Ind.,20190407,3855,3900,3825,3868,96412927056,24924461,3384,D,3853,3843
S*I. N. C. Ind.,20190406,3860,3881,3835,3853,58766724603,15250792,2020,D,3894,3849
S*I. N. C. Ind.,20190331,3995,3995,3852,3894,88708710234,22778488,2544,D,3942,3880
S*I. N. C. Ind.,20190330,3892,3980,3861,3942,1.2265E+11,31115565,2543,D,3834,3980
S*I. N. C. Ind.,20190327,3795,3870,3761,3834,72129565487,18813563,1761,D,3789,3820
S*I. N. C. Ind.,20190326,3839,3839,3750,3789,41675330003,10998938,1573,D,3815,3776
S*I. N. C. Ind.,20190325,3880,3880,3750,3815,55341270182,14506269,1459,D,3861,3804
S*I. N. C. Ind.,20190319,3790,3950,3770,3861,1.64418E+11,42579774,3295,D,3783,3866
S*I. N. C. Ind.,20190318,3615,3805,3601,3783,2.92504E+11,77330442,4731,D,3624,3750
S*I. N. C. Ind.,20190317,3630,3641,3601,3624,1.62688E+11,44893266,2695,D,3622,3613
S*I. N. C. Ind.,20190316,3601,3690,3555,3622,1.23762E+11,34167845,2989,D,3655,3630
S*I. N. C. Ind.,20190313,3620,3713,3570,3655,2.23978E+11,61277679,4492,D,3631,3600
S*I. N. C. Ind.,20190312,3567,3695,3522,3631,1.5223E+11,41922750,3501,D,3567,3619
S*I. N. C. Ind.,20190311,3450,3597,3450,3567,3.33358E+11,93465342,5704,D,3426,3520
S*I. N. C. Ind.,20190310,3300,3473,3251,3426,2.41784E+11,70573454,5014,D,3308,3470
S*I. N. C. Ind.,20190309,3290,3344,3281,3308,49021926297,14820735,1426,D,3333,3307
S*I. N. C. Ind.,20190306,3311,3368,3290,3333,40461167313,12140600,1332,D,3304,3340
S*I. N. C. Ind.,20190305,3312,3380,3240,3304,60773258014,18395038,1921,D,3391,3310
S*I. N. C. Ind.,20190304,3370,3420,3346,3391,76775944201,22644047,2440,D,3331,3347
S*I. N. C. Ind.,20190303,3270,3399,3255,3331,1.22192E+11,36679267,3137,D,3274,3340
S*I. N. C. Ind.,20190302,3330,3340,3240,3274,69627312970,21269542,2541,D,3318,3275
S*I. N. C. Ind.,20190227,3280,3360,3280,3318,75417198427,22730455,2464,D,3339,3312
S*I. N. C. Ind.,20190226,3325,3390,3276,3339,1.55804E+11,46655809,3750,D,3394,3340
S*I. N. C. Ind.,20190225,3350,3449,3320,3394,2.56064E+11,75457002,5697,D,3325,3401
S*I. N. C. Ind.,20190224,3290,3400,3220,3325,2.66421E+11,80133494,5886,D,3241,3320
S*I. N. C. Ind.,20190223,3200,3244,3162,3241,4.67746E+11,144324601,6041,D,3090,3244
S*I. N. C. Ind.,20190220,3002,3102,3002,3090,3.85502E+11,124757857,7356,D,2955,3102
S*I. N. C. Ind.,20190219,2830,2969,2830,2955,2.6386E+11,89298728,5601,D,2828,2960
S*I. N. C. Ind.,20190218,2770,2849,2770,2828,60924582274,21545360,1825,D,2759,2806
S*I. N. C. Ind.,20190217,2789,2800,2740,2759,32599674553,11815466,1140,D,2784,2762
S*I. N. C. Ind.,20190216,2810,2839,2740,2784,77601065670,27874524,2052,D,2787,2741
S*I. N. C. Ind.,20190213,2800,2820,2770,2787,37633903424,13505754,1360,D,2809,2790
S*I. N. C. Ind.,20190212,2820,2846,2768,2809,47440200887,16890747,1402,D,2829,2790
S*I. N. C. Ind.,20190210,2830,2854,2795,2829,62209502125,21987549,2098,D,2838,2830
S*I. N. C. Ind.,20190206,2842,2897,2810,2838,99289990913,34980585,3372,D,2798,2818
S*I. N. C. Ind.,20190205,2693,2812,2689,2798,4.76707E+11,170404299,8027,D,2679,2812
S*I. N. C. Ind.,20190204,2646,2697,2646,2679,44854891082,16744367,1359,D,2657,2682
S*I. N. C. Ind.,20190203,2620,2700,2620,2657,53488953508,20130396,1710,D,2688,2650
S*I. N. C. Ind.,20190202,2712,2735,2646,2688,27993407578,10413613,1094,D,2697,2650
S*I. N. C. Ind.,20190130,2718,2719,2680,2697,34711976970,12871860,1225,D,2693,2703
S*I. N. C. Ind.,20190129,2680,2721,2658,2693,59800737595,22203443,1782,D,2661,2679
S*I. N. C. Ind.,20190128,2690,2710,2640,2661,48473499505,18216378,1782,D,2714,2661
S*I. N. C. Ind.,20190127,2751,2760,2699,2714,42090584771,15506204,1746,D,2750,2704
S*I. N. C. Ind.,20190126,2740,2770,2728,2750,44462235439,16167485,2043,D,2718,2749
S*I. N. C. Ind.,20190123,2730,2799,2700,2718,42023340288,15463081,2079,D,2739,2707
S*I. N. C. Ind.,20190122,2756,2764,2718,2739,29464162799,10756666,1318,D,2743,2735
S*I. N. C. Ind.,20190121,2759,2840,2712,2743,38666203450,14097249,1695,D,2779,2719
S*I. N. C. Ind.,20190120,2804,2815,2758,2779,22417801260,8066736,1034,D,2803,2759
S*I. N. C. Ind.,20190119,2780,2825,2770,2803,26368039270,9407449,1434,D,2762,2770
S*I. N. C. Ind.,20190116,2780,2781,2750,2762,31155890752,11280566,1569,D,2789,2754
S*I. N. C. Ind.,20190115,2802,2810,2770,2789,20016618915,7177963,1345,D,2801,2772
S*I. N. C. Ind.,20190114,2820,2826,2770,2801,20716695616,7396548,1197,D,2792,2786
S*I. N. C. Ind.,20190113,2815,2826,2761,2792,25603649006,9170035,1461,D,2827,2795
S*I. N. C. Ind.,20190112,2850,2855,2796,2827,38560163824,13641241,1512,D,2835,2800
S*I. N. C. Ind.,20190109,2820,2860,2798,2835,39739753171,14019377,1650,D,2805,2824
S*I. N. C. Ind.,20190108,2750,2860,2735,2805,58423341148,20831910,2524,D,2727,2799
S*I. N. C. Ind.,20190107,2693,2750,2681,2727,48646352220,17836431,1825,D,2692,2725
S*I. N. C. Ind.,20190106,2701,2739,2675,2692,44766275892,16628456,1860,D,2741,2687
S*I. N. C. Ind.,20190105,2771,2788,2691,2741,52267650551,19071226,2222,D,2803,2700
S*I. N. C. Ind.,20190102,2850,2870,2755,2803,49475298160,17652503,1957,D,2860,2788
S*I. N. C. Ind.,20190101,2890,2898,2800,2860,28644952287,10014634,1394,D,2890,2833
S*I. N. C. Ind.,20181231,2906,2910,2859,2890,39656867150,13719953,1230,D,2900,2870
S*I. N. C. Ind.,20181230,2939,2949,2859,2900,61699300110,21272790,2007,D,2940,2860
S*I. N. C. Ind.,20181229,2927,2971,2901,2940,48475127928,16487139,1900,D,2899,2919
S*I. N. C. Ind.,20181226,2907,2925,2864,2899,63597239392,21934020,2027,D,2901,2910
S*I. N. C. Ind.,20181225,2975,2975,2868,2901,40119694564,13828329,1742,D,2960,2868
S*I. N. C. Ind.,20181224,2950,3000,2930,2960,1.03264E+11,34891403,3016,D,2880,2948
S*I. N. C. Ind.,20181223,0,0,0,2880,0,0,0,D,2880,2877
S*I. N. C. Ind.,20181222,0,0,0,3744,0,0,0,D,3744,3740
S*I. N. C. Ind.,20181219,0,0,0,3744,0,0,0,D,3744,3740
S*I. N. C. Ind.,20181218,0,0,0,3744,0,0,0,D,3744,3740
S*I. N. C. Ind.,20181217,3844,3859,3690,3744,1.0869E+11,29031147,3277,D,3855,3740
S*I. N. C. Ind.,20181216,3905,3915,3825,3855,58255913633,15113507,1375,D,3902,3846
S*I. N. C. Ind.,20181215,3897,3969,3851,3902,33535058088,8594282,1166,D,3905,3870
S*I. N. C. Ind.,20181212,3920,3940,3871,3905,53857775760,13793656,1452,D,3939,3900
S*I. N. C. Ind.,20181211,3989,3994,3889,3939,43365723502,11009442,1221,D,3972,3929
S*I. N. C. Ind.,20181210,3999,4010,3946,3972,54325545771,13677600,1396,D,4016,3946
S*I. N. C. Ind.,20181209,4069,4070,3977,4016,1.14272E+11,28455171,1552,D,4024,3989
S*I. N. C. Ind.,20181208,4050,4070,3995,4024,49603774256,12325774,1617,D,4028,4000
S*I. N. C. Ind.,20181205,3982,4080,3982,4028,81614266140,20263358,1752,D,4009,4035
S*I. N. C. Ind.,20181204,4040,4063,3914,4009,74013087983,18463142,2072,D,4023,4000
S*I. N. C. Ind.,20181203,4023,4023,4018,4023,2.22256E+11,55247084,2754,D,3832,4023
S*I. N. C. Ind.,20181202,3725,3869,3725,3832,1.55935E+11,40692488,2411,D,3685,3869
S*I. N. C. Ind.,20181201,3798,3820,3600,3685,1.35936E+11,36886807,2168,D,3760,3700
S*I. N. C. Ind.,20181128,3817,3865,3700,3760,48402284833,12871822,1345,D,3789,3726
S*I. N. C. Ind.,20181127,3800,3840,3726,3789,61804509536,16309580,1980,D,3745,3777
S*I. N. C. Ind.,20181126,3727,3980,3641,3745,65636932692,17526459,2090,D,3807,3740
S*I. N. C. Ind.,20181124,3900,4040,3795,3807,2.22004E+11,58309385,2996,D,3994,3795
S*I. N. C. Ind.,20181121,4037,4080,3942,3994,41440750950,10375533,1268,D,4013,3952
S*I. N. C. Ind.,20181120,4040,4082,3980,4013,55250801099,13769114,1326,D,3998,4040
S*I. N. C. Ind.,20181119,3951,4039,3942,3998,48587095924,12152749,1381,D,3914,4000
S*I. N. C. Ind.,20181118,4000,4089,3843,3914,1.16231E+11,29698502,2534,D,4045,3980
S*I. N. C. Ind.,20181117,4120,4134,3950,4045,66762364601,16506469,2259,D,4110,3987
S*I. N. C. Ind.,20181114,4140,4140,4043,4110,67154142175,16338588,1520,D,4144,4120
S*I. N. C. Ind.,20181113,4180,4180,4060,4144,91960868407,22189661,1766,D,4126,4060
S*I. N. C. Ind.,20181112,4101,4189,4099,4126,62297168351,15098151,1601,D,4073,4102
S*I. N. C. Ind.,20181111,4218,4218,4000,4073,1.43336E+11,35187768,2984,D,4210,4070
S*I. N. C. Ind.,20181110,4222,4299,4130,4210,86983981387,20658921,2170,D,4276,4205
S*I. N. C. Ind.,20181106,4266,4331,4222,4276,1.24901E+11,29211337,2376,D,4245,4243
S*I. N. C. Ind.,20181105,4259,4290,4200,4245,1.49296E+11,35166098,1878,D,4248,4238
S*I. N. C. Ind.,20181104,4295,4323,4176,4248,87750116459,20656404,1719,D,4265,4195
S*I. N. C. Ind.,20181103,4251,4300,4221,4265,90482469302,21213463,1714,D,4214,4247
S*I. N. C. Ind.,20181031,4280,4300,4162,4214,1.24966E+11,29652730,2491,D,4308,4250
S*I. N. C. Ind.,20181029,4350,4399,4280,4308,98299698701,22819152,2402,D,4302,4290
S*I. N. C. Ind.,20181028,4287,4400,4260,4302,1.73976E+11,40445155,2732,D,4286,4313
S*I. N. C. Ind.,20181027,4364,4400,4211,4286,1.25715E+11,29331413,2242,D,4364,4281
S*I. N. C. Ind.,20181024,4498,4498,4270,4364,1.4527E+11,33289282,2672,D,4472,4316
S*I. N. C. Ind.,20181023,4599,4599,4356,4472,1.81128E+11,40500913,2906,D,4579,4500
S*I. N. C. Ind.,20181022,4589,4650,4453,4579,2.11379E+11,46166259,3468,D,4595,4549
S*I. N. C. Ind.,20181021,4620,4650,4500,4595,2.59384E+11,56450940,4472,D,4519,4568
S*I. N. C. Ind.,20181020,4355,4554,4355,4519,4.11185E+11,90990081,4903,D,4338,4554
S*I. N. C. Ind.,20181017,4373,4400,4187,4338,2.45523E+11,56603614,3430,D,4378,4296
S*I. N. C. Ind.,20181016,4400,4440,4301,4378,2.14151E+11,48909790,4075,D,4365,4340
S*I. N. C. Ind.,20181015,4270,4382,4253,4365,3.39923E+11,77866492,5307,D,4174,4382
S*I. N. C. Ind.,20181014,4150,4253,4129,4174,41184363634,9866236,787,D,4129,4250
S*I. N. C. Ind.,20181013,4350,4350,4095,4129,2.98862E+11,72378397,4064,D,4310,4100
S*I. N. C. Ind.,20181010,4280,4386,4250,4310,1.74246E+11,40426610,3434,D,4250,4330
S*I. N. C. Ind.,20181009,4227,4260,4120,4250,2.91863E+11,68679780,4097,D,4058,4220
S*I. N. C. Ind.,20181008,4001,4180,3911,4058,2.3887E+11,58863707,5131,D,4015,4170
S*I. N. C. Ind.,20181007,4110,4216,3995,4015,6.67302E+11,166222959,8816,D,4205,3996
S*I. N. C. Ind.,20181006,4420,4465,4124,4205,3.50377E+11,83319911,5882,D,4341,4133
S*I. N. C. Ind.,20181003,4313,4494,4313,4341,5.27119E+11,121422403,8025,D,4539,4384
S*I. N. C. Ind.,20181002,4539,4577,4539,4539,1.99555E+11,43960939,2380,D,4777,4539
S*I. N. C. Ind.,20181001,4950,4950,4578,4777,7.76624E+11,162586784,12438,D,4740,4680
S*I. N. C. Ind.,20180930,4651,4785,4620,4740,1.73517E+12,366056937,18344,D,4558,4785
S*I. N. C. Ind.,20180929,4599,4621,4410,4558,7.29247E+11,159981725,13789,D,4580,4598
S*I. N. C. Ind.,20180926,4575,4619,4486,4580,4.465E+11,97490773,7891,D,4419,4560
S*I. N. C. Ind.,20180925,4400,4448,4305,4419,6.40004E+11,144838051,9814,D,4237,4440
S*I. N. C. Ind.,20180924,4151,4294,4140,4237,5.9077E+11,139435482,7960,D,4090,4294
S*I. N. C. Ind.,20180923,4030,4150,4010,4090,2.94546E+11,72022678,5299,D,4025,4070
S*I. N. C. Ind.,20180922,4079,4079,3960,4025,3.74704E+11,93097707,5933,D,3890,4019
S*I. N. C. Ind.,20180918,3945,3945,3841,3890,1.72778E+11,44418449,3882,D,3955,3879
S*I. N. C. Ind.,20180917,4000,4098,3880,3955,2.74949E+11,69513654,5906,D,3952,3900
S*I. N. C. Ind.,20180916,4000,4038,3876,3952,3.37915E+11,85497345,5636,D,4080,3981
S*I. N. C. Ind.,20180915,4280,4280,4012,4080,4.04205E+11,99059581,8397,D,4223,4012
S*I. N. C. Ind.,20180912,4199,4278,4160,4223,5.50813E+11,130423184,9241,D,4116,4184
S*I. N. C. Ind.,20180911,4122,4186,3954,4116,3.44603E+11,83725154,5679,D,4096,4130
S*I. N. C. Ind.,20180910,4051,4130,4037,4096,3.05986E+11,74708628,4832,D,3950,4078
S*I. N. C. Ind.,20180909,3949,4030,3888,3950,3.13107E+11,79265761,5149,D,3941,4010
S*I. N. C. Ind.,20180908,3930,4010,3894,3941,1.60816E+11,40809608,3387,D,3917,3920
S*I. N. C. Ind.,20180905,3985,3985,3880,3917,80530678735,20558099,1748,D,3972,3930
S*I. N. C. Ind.,20180904,3998,4006,3921,3972,1.53257E+11,38584046,2762,D,3857,3993
S*I. N. C. Ind.,20180903,3740,3913,3713,3857,2.00171E+11,51899388,3421,D,3727,3913
S*I. N. C. Ind.,20180902,3870,3870,3690,3727,2.57001E+11,68954498,4386,D,3877,3740
S*I. N. C. Ind.,20180901,3980,3980,3820,3877,1.58949E+11,40998062,3025,D,3963,3847
S*I. N. C. Ind.,20180829,4020,4063,3901,3963,1.7975E+11,45362180,3556,D,4012,3950
S*I. N. C. Ind.,20180828,4015,4100,3982,4012,4.36976E+11,108913878,6007,D,4191,4070
S*I. N. C. Ind.,20180827,4250,4250,4119,4191,1.7645E+11,42104109,3048,D,4140,4130
S*I. N. C. Ind.,20180826,3920,4192,3891,4140,4.63478E+11,111940435,5364,D,3993,4192
S*I. N. C. Ind.,20180825,4153,4175,3885,3993,2.38227E+11,59667149,4696,D,4084,3899
S*I. N. C. Ind.,20180821,4040,4140,3985,4084,3.25098E+11,79602170,5057,D,3981,4092
S*I. N. C. Ind.,20180820,3970,3984,3901,3981,6.15607E+11,154618787,5822,D,3795,3984
S*I. N. C. Ind.,20180819,3751,3837,3734,3795,2.69079E+11,70901862,3994,D,3656,3792
S*I. N. C. Ind.,20180818,3649,3750,3566,3656,1.61396E+11,44142905,2921,D,3708,3720
S*I. N. C. Ind.,20180815,3667,3809,3605,3708,1.65663E+11,44680304,2856,D,3709,3717
S*I. N. C. Ind.,20180814,3585,3722,3574,3709,6.4376E+11,173587086,6269,D,3545,3710
S*I. N. C. Ind.,20180813,3660,3660,3483,3545,2.37363E+11,66965182,3442,D,3666,3578
S*I. N. C. Ind.,20180812,3701,3744,3621,3666,2.69837E+11,73611841,3981,D,3744,3670
S*I. N. C. Ind.,20180811,0,0,0,3744,0,0,0,D,3744,3675
S*I. N. C. Ind.,20180808,0,0,0,3744,0,0,0,D,3744,3675
S*I. N. C. Ind.,20180807,3677,3835,3580,3744,5.87984E+11,157043961,8367,D,3656,3675
S*I. N. C. Ind.,20180806,3656,3656,3645,3656,6.98467E+11,191047908,4764,D,3482,3656
S*I. N. C. Ind.,20180805,3430,3486,3403,3482,6.73223E+11,193317780,6171,D,3320,3486
S*I. N. C. Ind.,20180804,3278,3424,3215,3320,3.33683E+11,100521518,5397,D,3308,3330
S*I. N. C. Ind.,20180801,3366,3379,3198,3308,5.9298E+11,179261339,8417,D,3322,3300
S*I. N. C. Ind.,20180731,3322,3322,3322,3322,12517149832,3767956,102,D,3164,3322
S*I. N. C. Ind.,20180730,3090,3169,3052,3164,6.12637E+11,193602457,7744,D,3019,3169
S*I. N. C. Ind.,20180729,3027,3027,2926,3019,7.01459E+11,232365603,8067,D,2883,3027
S*I. N. C. Ind.,20180728,2883,2883,2883,2883,1.78126E+11,61784832,1503,D,2746,2883
S*I. N. C. Ind.,20180727,0,0,0,2746,0,0,0,D,2746,2764
S*I. N. C. Ind.,20180726,0,0,0,2746,0,0,0,D,2746,2764
S*I. N. C. Ind.,20180725,2691,2777,2691,2746,1.71861E+11,62579661,3091,D,2671,2764
S*I. N. C. Ind.,20180724,2690,2696,2640,2671,78138291594,29251723,1612,D,2650,2640
S*I. N. C. Ind.,20180723,2660,2678,2590,2650,1.10973E+11,41879846,2940,D,2625,2651
S*I. N. C. Ind.,20180722,2625,2625,2610,2625,3.44495E+11,131238530,3150,D,2500,2625
S*I. N. C. Ind.,20180721,2498,2524,2472,2500,61799816577,24719136,1542,D,2484,2481
S*I. N. C. Ind.,20180718,2543,2587,2448,2484,1.17368E+11,47251942,2261,D,2551,2460
S*I. N. C. Ind.,20180717,2560,2600,2502,2551,57006391421,22345742,1286,D,2609,2520
S*I. N. C. Ind.,20180716,2625,2650,2564,2609,28077602110,10760476,906,D,2620,2570
S*I. N. C. Ind.,20180715,2658,2680,2590,2620,67041849742,25586754,1378,D,2645,2600
S*I. N. C. Ind.,20180714,2730,2733,2616,2645,97814584040,36974479,2395,D,2753,2617
S*I. N. C. Ind.,20180711,2800,2800,2680,2753,68427524784,24851663,1321,D,3121,2764
S*I. N. C. Ind.,20180710,0,0,0,3271,0,0,0,D,3271,3250
S*I. N. C. Ind.,20180708,0,0,0,3271,0,0,0,D,3271,3250
S*I. N. C. Ind.,20180707,0,0,0,3271,0,0,0,D,3271,3250
S*I. N. C. Ind.,20180704,3303,3309,3244,3271,1.6606E+11,50772792,2653,D,3293,3250
S*I. N. C. Ind.,20180703,3237,3310,3237,3293,88363466379,26833010,1726,D,3218,3300
S*I. N. C. Ind.,20180702,3103,3270,3103,3218,59654616560,18537242,1265,D,3146,3227
S*I. N. C. Ind.,20180701,3200,3250,3135,3146,2.22234E+11,70643108,2800,D,3300,3140
S*I. N. C. Ind.,20180630,3350,3389,3190,3300,1.27376E+11,38598756,2187,D,3350,3203
S*I. N. C. Ind.,20180627,3499,3499,3306,3350,2.67949E+11,79979815,3032,D,3479,3306
S*I. N. C. Ind.,20180626,3581,3600,3433,3479,3.37317E+11,96949949,4171,D,3613,3460
S*I. N. C. Ind.,20180625,3536,3633,3528,3613,8.4334E+11,233446746,10917,D,3460,3626
S*I. N. C. Ind.,20180624,3387,3499,3387,3460,3.1646E+11,91461394,5038,D,3333,3450
S*I. N. C. Ind.,20180623,3388,3420,3273,3333,1.92202E+11,57665987,3096,D,3430,3360
S*I. N. C. Ind.,20180620,3490,3495,3355,3430,4.4815E+11,130647343,6380,D,3475,3420
S*I. N. C. Ind.,20180619,3499,3560,3404,3475,5.69176E+11,163799671,5845,D,2898,3445
S*I. N. C. Ind.,20180618,0,0,0,2898,0,0,0,D,2898,2900
S*I. N. C. Ind.,20180617,0,0,0,2898,0,0,0,D,2898,2900
S*I. N. C. Ind.,20180613,2851,2900,2850,2898,2.85496E+11,98504992,2633,D,2762,2900
S*I. N. C. Ind.,20180612,2728,2836,2710,2762,1.34436E+11,48680197,2210,D,2716,2835
S*I. N. C. Ind.,20180611,2729,2731,2705,2716,80512690883,29640345,1153,D,2713,2711
S*I. N. C. Ind.,20180610,2710,2730,2700,2713,99146702886,36545362,1679,D,2712,2707
S*I. N. C. Ind.,20180609,2719,2747,2691,2712,1.26986E+11,46823892,2093,D,2617,2703
S*I. N. C. Ind.,20180603,2615,2633,2610,2617,32523384307,12426756,673,D,2611,2633
S*I. N. C. Ind.,20180602,2599,2625,2599,2611,61649568284,23615888,1055,D,2605,2600
S*I. N. C. Ind.,20180530,2620,2620,2590,2605,39558667359,15184507,813,D,2601,2600
S*I. N. C. Ind.,20180529,2582,2628,2576,2601,27022478986,10389835,627,D,2573,2599
S*I. N. C. Ind.,20180528,2560,2601,2557,2573,30413804051,11819554,539,D,2575,2580
S*I. N. C. Ind.,20180527,2600,2600,2565,2575,20441358078,7938864,447,D,2565,2568
S*I. N. C. Ind.,20180526,2509,2609,2509,2565,43894470642,17114557,966,D,2505,2570
S*I. N. C. Ind.,20180523,2505,2514,2500,2505,38504178069,15369058,691,D,2506,2500
S*I. N. C. Ind.,20180522,2519,2521,2499,2506,23060956046,9201630,589,D,2521,2500
S*I. N. C. Ind.,20180521,2517,2540,2510,2521,14070200818,5582217,416,D,2510,2517
S*I. N. C. Ind.,20180520,2500,2520,2499,2510,4798800744,1916923,198,D,2517,2502
S*I. N. C. Ind.,20180519,2533,2533,2510,2517,5450111080,2168228,233,D,2520,2511
S*I. N. C. Ind.,20180516,2529,2546,2510,2520,19537659261,7753786,516,D,2515,2510
S*I. N. C. Ind.,20180515,2528,2530,2510,2515,12434122367,4943149,533,D,2519,2515
S*I. N. C. Ind.,20180514,2529,2530,2513,2519,30017985233,11915052,755,D,2507,2519
S*I. N. C. Ind.,20180513,2510,2535,2497,2507,26399163179,10529564,521,D,2520,2525
S*I. N. C. Ind.,20180512,2530,2537,2494,2520,11851066857,4702422,367,D,2505,2500
S*I. N. C. Ind.,20180509,2520,2587,2451,2505,73595061194,29384198,1147,D,2497,2480
S*I. N. C. Ind.,20180508,2480,2513,2470,2497,41892697561,16778316,791,D,2468,2489
S*I. N. C. Ind.,20180507,2459,2479,2451,2468,38481518694,15591336,618,D,2463,2460
S*I. N. C. Ind.,20180506,2489,2490,2448,2463,11290506723,4583879,370,D,2494,2450
S*I. N. C. Ind.,20180505,2509,2519,2470,2494,12643999597,5070149,287,D,2519,2470
S*I. N. C. Ind.,20180501,2510,2544,2499,2519,11187021423,4441739,305,D,2515,2510
S*I. N. C. Ind.,20180430,2500,2542,2498,2515,12083567102,4804838,325,D,2508,2500
S*I. N. C. Ind.,20180429,2500,2547,2493,2508,22759451217,9073835,540,D,2492,2495
S*I. N. C. Ind.,20180428,2556,2556,2445,2492,24831550722,9963857,559,D,2538,2480
S*I. N. C. Ind.,20180425,2580,2598,2512,2538,20492387103,8074593,611,D,2588,2545
S*I. N. C. Ind.,20180424,2600,2627,2568,2588,11136216832,4303170,318,D,2609,2588
S*I. N. C. Ind.,20180423,2625,2630,2570,2609,18601502807,7130028,400,D,2615,2571
S*I. N. C. Ind.,20180422,2650,2650,2595,2615,10753718376,4111868,215,D,2651,2610
S*I. N. C. Ind.,20180421,2693,2693,2620,2651,16022863891,6044487,300,D,2661,2640
S*I. N. C. Ind.,20180418,2678,2689,2620,2661,20035798001,7528211,376,D,2677,2677
S*I. N. C. Ind.,20180417,2679,2703,2625,2677,23096228784,8627904,369,D,2680,2625
S*I. N. C. Ind.,20180416,2679,2701,2632,2680,29800405142,11119127,497,D,2673,2632
S*I. N. C. Ind.,20180415,2680,2713,2623,2673,24306578685,9093732,422,D,2693,2640
S*I. N. C. Ind.,20180411,2685,2726,2642,2693,28579632708,10611902,470,D,2680,2642
S*I. N. C. Ind.,20180410,2738,2738,2635,2680,35201609313,13135634,613,D,2732,2683
S*I. N. C. Ind.,20180409,2698,2765,2693,2732,48375511978,17704099,1053,D,2681,2765
S*I. N. C. Ind.,20180408,2683,2698,2660,2681,38597607560,14396237,654,D,2687,2668
S*I. N. C. Ind.,20180407,2659,2696,2659,2687,31890702985,11868462,569,D,2649,2668
S*I. N. C. Ind.,20180404,2648,2660,2625,2649,9626235076,3630554,272,D,2615,2650
S*I. N. C. Ind.,20180403,2626,2640,2600,2615,9659105287,3692268,286,D,2602,2627
S*I. N. C. Ind.,20180328,2600,2623,2600,2602,4773086273,1826037,183,D,2590,2610
S*I. N. C. Ind.,20180327,2587,2610,2583,2590,7555908460,2914872,267,D,2581,2600
S*I. N. C. Ind.,20180326,2630,2636,2560,2581,25616697791,9926717,600,D,2636,2572
S*I. N. C. Ind.,20180325,2610,2669,2610,2636,9874156941,3746245,177,D,2661,2621
S*I. N. C. Ind.,20180319,2640,2690,2619,2661,56055737495,21068653,741,D,2639,2663
S*I. N. C. Ind.,20180318,2644,2657,2620,2639,35881771710,13595915,645,D,2628,2630
S*I. N. C. Ind.,20180317,2630,2640,2600,2628,20176629549,7678870,364,D,2638,2630
S*I. N. C. Ind.,20180314,2648,2648,2632,2638,12582037515,4770086,291,D,2637,2639
S*I. N. C. Ind.,20180313,2640,2650,2601,2637,38056316549,14433725,569,D,2636,2621
S*I. N. C. Ind.,20180312,2647,2650,2624,2636,15898418841,6030837,391,D,2624,2630
S*I. N. C. Ind.,20180311,2632,2650,2599,2624,24173704512,9212875,577,D,2650,2649
S*I. N. C. Ind.,20180310,2660,2670,2637,2650,17400472620,6565983,408,D,2659,2638
S*I. N. C. Ind.,20180307,2665,2676,2640,2659,13700199339,5153054,443,D,2652,2646
S*I. N. C. Ind.,20180306,2651,2678,2617,2652,28648817628,10800943,692,D,2660,2651
S*I. N. C. Ind.,20180305,2697,2697,2630,2660,19115237428,7187457,523,D,2676,2640
S*I. N. C. Ind.,20180304,2689,2690,2660,2676,17535204195,6553328,403,D,2670,2670
S*I. N. C. Ind.,20180303,2685,2698,2632,2670,28632630056,10722366,599,D,2688,2650
S*I. N. C. Ind.,20180228,2691,2729,2645,2688,45966623641,17098093,732,D,2719,2670
S*I. N. C. Ind.,20180227,2733,2740,2691,2719,24845612447,9138752,512,D,2718,2700
S*I. N. C. Ind.,20180226,2700,2734,2691,2718,23657549949,8703194,480,D,2706,2733
S*I. N. C. Ind.,20180225,2720,2739,2683,2706,30141681918,11139697,589,D,2716,2700
S*I. N. C. Ind.,20180224,2740,2745,2700,2716,42272716694,15561795,823,D,2734,2719
S*I. N. C. Ind.,20180221,2740,2760,2715,2734,19664518883,7193746,472,D,2754,2738
S*I. N. C. Ind.,20180219,2761,2771,2717,2754,30890542548,11217985,668,D,2768,2770
S*I. N. C. Ind.,20180218,2779,2781,2755,2768,16533523725,5972480,434,D,2771,2770
S*I. N. C. Ind.,20180217,2780,2784,2760,2771,39241661282,14163942,850,D,2740,2765
S*I. N. C. Ind.,20180214,2720,2785,2720,2740,33995061066,12406412,713,D,2690,2750
S*I. N. C. Ind.,20180213,2680,2700,2679,2690,17777727840,6609500,449,D,2679,2698
S*I. N. C. Ind.,20180212,2688,2700,2660,2679,16273934565,6075542,416,D,2653,2666
S*I. N. C. Ind.,20180210,2656,2690,2628,2653,64476838442,24304749,1245,D,2739,2648
S*I. N. C. Ind.,20180207,2740,2752,2719,2739,43433589867,15858931,959,D,2719,2750
S*I. N. C. Ind.,20180206,2730,2730,2701,2719,17797273014,6546557,553,D,2734,2720
S*I. N. C. Ind.,20180205,2684,2760,2684,2734,47018164640,17198331,1075,D,2677,2750
S*I. N. C. Ind.,20180204,2670,2690,2666,2677,26197391797,9785407,617,D,2664,2680
S*I. N. C. Ind.,20180203,2700,2717,2632,2664,41729106760,15662365,955,D,2696,2633
S*I. N. C. Ind.,20180131,2717,2730,2677,2696,19803190800,7346714,504,D,2708,2699
S*I. N. C. Ind.,20180130,2728,2737,2696,2708,26030117573,9612042,576,D,2734,2700
S*I. N. C. Ind.,20180129,2721,2755,2701,2734,34424111629,12591430,890,D,2713,2730
S*I. N. C. Ind.,20180128,2714,2735,2690,2713,19824516275,7306898,491,D,2698,2706
S*I. N. C. Ind.,20180127,2700,2715,2686,2698,56592105746,20973313,947,D,2699,2699
S*I. N. C. Ind.,20180124,2716,2718,2675,2699,69169861840,25628885,1191,D,2730,2700
S*I. N. C. Ind.,20180123,2722,2741,2712,2730,27804847314,10186140,711,D,2703,2737
S*I. N. C. Ind.,20180122,2685,2718,2685,2703,39304921708,14538581,864,D,2662,2714
S*I. N. C. Ind.,20180121,2661,2689,2650,2662,58559813460,21999545,1277,D,2672,2669
S*I. N. C. Ind.,20180120,2670,2708,2657,2672,60317125443,22577272,1121,D,2694,2660
S*I. N. C. Ind.,20180117,2699,2718,2660,2694,52351394927,19430904,1287,D,2703,2700
S*I. N. C. Ind.,20180116,2692,2791,2666,2703,1.62054E+11,59949627,3262,D,2579,2681
S*I. N. C. Ind.,20180115,0,0,0,2579,0,0,0,D,2579,2593
S*I. N. C. Ind.,20180114,2578,2593,2578,2579,820296374,316567,12,D,2578,2593
S*I. N. C. Ind.,20180113,2555,2600,2555,2578,51127092299,19830404,1121,D,2525,2598
S*I. N. C. Ind.,20180110,2538,2543,2515,2525,36268097040,14362141,808,D,2523,2520
S*I. N. C. Ind.,20180109,2501,2550,2500,2523,42465760741,16828713,962,D,2500,2541
S*I. N. C. Ind.,20180108,2490,2515,2487,2500,64736525849,25890943,1185,D,2486,2505
S*I. N. C. Ind.,20180107,2520,2527,2456,2486,38771501417,15598107,967,D,2519,2472
S*I. N. C. Ind.,20180106,2490,2540,2485,2519,42130838604,16724424,970,D,2498,2506
S*I. N. C. Ind.,20180103,2520,2528,2488,2498,35603633895,14253162,802,D,2521,2490
S*I. N. C. Ind.,20180102,2529,2530,2506,2521,40666197370,16131436,845,D,2506,2510
S*I. N. C. Ind.,20180101,2540,2549,2482,2506,56654011467,22609854,1212,D,2474,2505
S*I. N. C. Ind.,20171231,2490,2538,2399,2474,1.49772E+11,60546342,3040,D,2509,2525
S*I. N. C. Ind.,20171230,2490,2555,2411,2509,1.09772E+11,43757502,2304,D,2471,2510
S*I. N. C. Ind.,20171227,2480,2495,2442,2471,32852932615,13293261,881,D,2465,2455
S*I. N. C. Ind.,20171226,2530,2530,2435,2465,33649976511,13652087,966,D,2534,2460
S*I. N. C. Ind.,20171225,2502,2570,2501,2534,55571331139,21928377,1577,D,2479,2516
S*I. N. C. Ind.,20171224,2520,2530,2455,2479,57806267593,23316850,1470,D,2466,2479
S*I. N. C. Ind.,20171223,2466,2466,2454,2466,2.00129E+11,81155874,2522,D,2349,2466
S*I. N. C. Ind.,20171220,2310,2404,2302,2349,66489431275,28300756,1581,D,2310,2370
S*I. N. C. Ind.,20171219,2348,2349,2299,2310,36882120148,15965850,919,D,2290,2301
S*I. N. C. Ind.,20171218,2293,2349,2240,2290,75762000742,33078717,1771,D,2302,2331
S*I. N. C. Ind.,20171217,2303,2303,2270,2302,2.25974E+11,98182533,3560,D,2194,2282
S*I. N. C. Ind.,20171216,2161,2197,2161,2194,19551581081,8911315,442,D,2093,2197
S*I. N. C. Ind.,20171215,0,0,0,2093,0,0,0,D,2093,2125
S*I. N. C. Ind.,20171214,0,0,0,2093,0,0,0,D,2093,2125
S*I. N. C. Ind.,20171213,2108,2125,2078,2093,1.00324E+11,47927890,2274,D,2079,2125
S*I. N. C. Ind.,20171212,2076,2120,2057,2079,55348915586,26624016,1199,D,2057,2070
S*I. N. C. Ind.,20171211,2061,2070,2046,2057,16285817771,7916288,484,D,2067,2060
S*I. N. C. Ind.,20171210,2064,2076,2060,2067,7165018015,3464294,282,D,2064,2067
S*I. N. C. Ind.,20171209,2074,2087,2043,2064,25341789404,12280710,733,D,2106,2043
S*I. N. C. Ind.,20171205,2141,2141,2090,2106,40720864590,19333794,1069,D,2116,2094
S*I. N. C. Ind.,20171204,2070,2173,2052,2116,1.02682E+11,48516728,2302,D,2070,2124
S*I. N. C. Ind.,20171203,2050,2082,2050,2070,13190576713,6372709,387,D,2061,2061
S*I. N. C. Ind.,20171202,2080,2080,2038,2061,10781006395,5230886,415,D,2059,2058
S*I. N. C. Ind.,20171129,2098,2098,2040,2059,24134479533,11718721,701,D,2079,2040
S*I. N. C. Ind.,20171128,2070,2152,2035,2079,50479975624,24286449,1562,D,2087,2087
S*I. N. C. Ind.,20171126,2090,2104,2030,2087,1.26918E+11,60815342,2681,D,2004,2069
S*I. N. C. Ind.,20171125,2002,2004,2000,2004,57361432542,28626343,822,D,1909,2004
S*I. N. C. Ind.,20171122,1880,1955,1870,1909,43874497184,22988518,1308,D,1871,1955
S*I. N. C. Ind.,20171121,1879,1879,1869,1871,20037758736,10708839,593,D,1870,1870
S*I. N. C. Ind.,20171120,1855,1873,1855,1870,21931866747,11729465,531,D,1866,1870
S*I. N. C. Ind.,20171118,1879,1879,1858,1866,6764792363,3620149,278,D,1860,1870
S*I. N. C. Ind.,20171115,1868,1873,1843,1860,18877064501,10149632,505,D,1848,1858
S*I. N. C. Ind.,20171114,1850,1863,1841,1848,13635418845,7376785,463,D,1842,1842
S*I. N. C. Ind.,20171113,1850,1859,1830,1842,5760017570,3133264,284,D,1848,1843
S*I. N. C. Ind.,20171112,1860,1867,1830,1848,8467126037,4585752,431,D,1860,1830
S*I. N. C. Ind.,20171111,1868,1880,1845,1860,25500753530,13706562,731,D,1890,1848
S*I. N. C. Ind.,20171108,1899,1918,1870,1890,12819100439,6783516,548,D,1898,1871
S*I. N. C. Ind.,20171107,1900,1909,1888,1898,14660434012,7725964,567,D,1910,1890
S*I. N. C. Ind.,20171106,1934,1938,1890,1910,26818815154,14039165,907,D,1941,1900
S*I. N. C. Ind.,20171105,1952,1963,1900,1941,13838218223,7129530,617,D,1963,1931
S*I. N. C. Ind.,20171104,1975,1979,1951,1963,12972124582,6607090,385,D,1977,1960
S*I. N. C. Ind.,20171101,1999,2010,1968,1977,18938443942,9580392,623,D,1987,1972
S*I. N. C. Ind.,20171031,1990,2009,1977,1987,25675126506,12924588,774,D,1977,1982
S*I. N. C. Ind.,20171030,0,0,0,1977,0,0,0,D,1977,2162
S*I. N. C. Ind.,20171029,0,0,0,2173,0,0,0,D,2173,2162
S*I. N. C. Ind.,20171028,0,0,0,2173,0,0,0,D,2173,2162
S*I. N. C. Ind.,20171025,0,0,0,2173,0,0,0,D,2173,2162
S*I. N. C. Ind.,20171024,0,0,0,2173,0,0,0,D,2173,2162
S*I. N. C. Ind.,20171023,2156,2190,2151,2173,35805004303,16476336,1041,D,2169,2162
S*I. N. C. Ind.,20171022,2170,2193,2162,2169,19029835731,8772986,585,D,2185,2164
S*I. N. C. Ind.,20171021,2200,2201,2161,2185,33736694579,15442769,965,D,2203,2185
S*I. N. C. Ind.,20171018,2220,2232,2161,2203,22514121503,10217859,729,D,2210,2201
S*I. N. C. Ind.,20171017,2200,2241,2190,2210,36756734412,16630785,980,D,2198,2207
S*I. N. C. Ind.,20171016,2165,2223,2155,2198,63404212307,28840372,1587,D,2144,2198
S*I. N. C. Ind.,20171015,2157,2160,2103,2144,45411684447,21183408,1013,D,2150,2147
S*I. N. C. Ind.,20171014,2131,2164,2130,2150,50875986231,23668305,1186,D,2090,2150
S*I. N. C. Ind.,20171011,2084,2097,2079,2090,10595772217,5070327,366,D,2090,2090
S*I. N. C. Ind.,20171010,2061,2126,2050,2090,27970642140,13385213,831,D,2048,2050
S*I. N. C. Ind.,20171009,2037,2060,2022,2048,16841085910,8222357,478,D,2019,2050
S*I. N. C. Ind.,20171008,2015,2037,2001,2019,22573596154,11179735,555,D,2023,2012
S*I. N. C. Ind.,20171007,2039,2049,2000,2023,22969035461,11352643,621,D,2010,2007
S*I. N. C. Ind.,20171004,2028,2028,1997,2010,10886775271,5417131,360,D,2004,2010
S*I. N. C. Ind.,20171003,2020,2026,1997,2004,18403091800,9182704,668,D,2021,2006
S*I. N. C. Ind.,20171002,2030,2044,2003,2021,19488409253,9640933,484,D,2013,2030
S*I. N. C. Ind.,20170927,2018,2025,2006,2013,18715754211,9299068,588,D,2021,2020
S*I. N. C. Ind.,20170926,2029,2034,2018,2021,11397040269,5638849,398,D,2021,2020
S*I. N. C. Ind.,20170925,2020,2034,2010,2021,15136853056,7488565,486,D,2029,2010
S*I. N. C. Ind.,20170924,2044,2047,2025,2029,13365890492,6586471,420,D,2038,2032
S*I. N. C. Ind.,20170923,2088,2088,2026,2038,16995726206,8341176,603,D,2091,2031
S*I. N. C. Ind.,20170920,2083,2101,2079,2091,21086535793,10086114,524,D,2083,2099
S*I. N. C. Ind.,20170919,2109,2109,2061,2083,24632078179,11825409,620,D,2087,2088
S*I. N. C. Ind.,20170918,2070,2104,2070,2087,16843636639,8071752,493,D,2055,2102
S*I. N. C. Ind.,20170917,2045,2073,2042,2055,23393820465,11384190,608,D,2053,2072
S*I. N. C. Ind.,20170916,2066,2100,2037,2053,39421803302,19202542,1250,D,2115,2037
S*I. N. C. Ind.,20170913,2150,2155,2080,2115,27205018596,12863532,859,D,2154,2090
S*I. N. C. Ind.,20170912,2159,2177,2135,2154,16679115450,7744637,633,D,2153,2155
S*I. N. C. Ind.,20170911,2112,2181,2112,2153,31969893449,14847648,993,D,2164,2159
S*I. N. C. Ind.,20170910,2164,2182,2164,2164,64291656738,29707286,1046,D,2277,2164
S*I. N. C. Ind.,20170906,2310,2310,2260,2277,22630734309,9937260,740,D,2290,2281
S*I. N. C. Ind.,20170905,2229,2318,2212,2290,65147940177,28445001,1820,D,2209,2316
S*I. N. C. Ind.,20170904,2219,2232,2195,2209,43621596677,19748083,1025,D,2204,2205
S*I. N. C. Ind.,20170903,2200,2222,2181,2204,28873910859,13099315,786,D,2207,2186
S*I. N. C. Ind.,20170902,2231,2238,2190,2207,23096281242,10464005,733,D,2202,2200
S*I. N. C. Ind.,20170830,2240,2248,2176,2202,36298682007,16487869,1219,D,2225,2182
S*I. N. C. Ind.,20170829,2186,2248,2183,2225,1.80036E+11,80907080,3921,D,2141,2222
S*I. N. C. Ind.,20170828,2129,2175,2121,2141,66714783284,31162807,1584,D,2116,2165
S*I. N. C. Ind.,20170827,2123,2133,2089,2116,41948578433,19823239,1167,D,2119,2123
S*I. N. C. Ind.,20170826,2076,2126,2076,2119,1.50702E+11,71105713,3342,D,2025,2123
S*I. N. C. Ind.,20170823,2001,2050,2001,2025,32422609074,16014526,856,D,2005,2010
S*I. N. C. Ind.,20170822,1949,2028,1947,2005,69568256763,34698428,1759,D,1932,1996
S*I. N. C. Ind.,20170821,1929,1944,1920,1932,19080277081,9876132,614,D,1916,1932
S*I. N. C. Ind.,20170820,1900,1934,1898,1916,16685405632,8710180,472,D,1909,1920
S*I. N. C. Ind.,20170819,1922,1932,1898,1909,68500238549,35886525,1465,D,1897,1900
S*I. N. C. Ind.,20170816,1900,1919,1882,1897,12872394826,6784068,424,D,1894,1900
S*I. N. C. Ind.,20170815,1874,1909,1874,1894,12452509045,6576330,433,D,1879,1900
S*I. N. C. Ind.,20170814,1885,1885,1860,1879,9609571219,5115160,360,D,1885,1880
S*I. N. C. Ind.,20170813,1893,1898,1875,1885,19577317817,10383841,511,D,1882,1880
S*I. N. C. Ind.,20170812,1908,1908,1863,1882,16813484206,8935842,551,D,1890,1890
S*I. N. C. Ind.,20170809,1869,1911,1869,1890,70126370895,37097110,1777,D,1859,1902
S*I. N. C. Ind.,20170808,1860,1870,1850,1859,25720959686,13835070,901,D,1850,1860
S*I. N. C. Ind.,20170807,1862,1862,1841,1850,13950835226,7540822,456,D,1857,1850
S*I. N. C. Ind.,20170806,1860,1866,1841,1857,13552133844,7298561,503,D,1850,1860
S*I. N. C. Ind.,20170802,1859,1865,1836,1850,25887166921,13991736,610,D,1860,1857
S*I. N. C. Ind.,20170801,1878,1878,1848,1860,38668963786,20785290,942,D,1873,1855
S*I. N. C. Ind.,20170731,1854,1885,1852,1873,53327200973,28477545,1732,D,1851,1860
S*I. N. C. Ind.,20170730,1855,1870,1829,1851,40057679788,21645130,1302,D,1854,1837
S*I. N. C. Ind.,20170729,1839,1890,1835,1854,74202040415,40013499,2102,D,1816,1850
S*I. N. C. Ind.,20170726,1816,1816,1816,1816,2.49482E+11,137380217,3059,D,1730,1816
S*I. N. C. Ind.,20170725,1770,1770,1710,1730,44903625790,25957996,1257,D,1534,1740
S*I. N. C. Ind.,20170724,0,0,0,1534,0,0,0,D,1534,1880
S*I. N. C. Ind.,20170723,0,0,0,1534,0,0,0,D,1534,1880
S*I. N. C. Ind.,20170722,0,0,0,1884,0,0,0,D,1884,1880
S*I. N. C. Ind.,20170719,0,0,0,1884,0,0,0,D,1884,1880
S*I. N. C. Ind.,20170718,0,0,0,1884,0,0,0,D,1884,1880
S*I. N. C. Ind.,20170717,1884,1911,1851,1884,62031950368,32925569,1504,D,1890,1880
S*I. N. C. Ind.,20170716,1910,1926,1878,1890,39794488352,21053056,784,D,1914,1900
S*I. N. C. Ind.,20170715,1894,1919,1886,1914,61324684429,32037240,1302,D,1890,1910
S*I. N. C. Ind.,20170712,1899,1910,1873,1890,88403569313,46779825,1622,D,1874,1892
S*I. N. C. Ind.,20170711,1884,1900,1856,1874,13388016885,7143283,382,D,1879,1860
S*I. N. C. Ind.,20170710,1843,1920,1834,1879,30836740970,16411589,889,D,1839,1869
S*I. N. C. Ind.,20170709,1830,1854,1820,1839,7690208548,4183590,283,D,1840,1825
S*I. N. C. Ind.,20170708,1841,1849,1829,1840,7425958761,4044172,264,D,1851,1829
S*I. N. C. Ind.,20170705,1835,1860,1830,1851,32559561805,17593787,844,D,1845,1840
S*I. N. C. Ind.,20170704,1850,1860,1835,1845,7222225304,3920908,239,D,1853,1835
S*I. N. C. Ind.,20170703,1853,1876,1836,1853,32232482685,17394791,856,D,1842,1836
S*I. N. C. Ind.,20170702,0,0,0,1842,0,0,0,D,1842,1832
S*I. N. C. Ind.,20170701,0,0,0,1842,0,0,0,D,1842,1832
S*I. N. C. Ind.,20170628,0,0,0,1842,0,0,0,D,1842,1832
S*I. N. C. Ind.,20170625,0,0,0,1842,0,0,0,D,1842,1832
S*I. N. C. Ind.,20170624,0,0,0,1842,0,0,0,D,1842,1832
S*I. N. C. Ind.,20170621,0,0,0,1842,0,0,0,D,1842,1832
S*I. N. C. Ind.,20170620,1820,1850,1815,1842,7065337125,3841240,192,D,1849,1832
S*I. N. C. Ind.,20170619,1840,1866,1827,1849,20321498843,10990359,430,D,1848,1830
S*I. N. C. Ind.,20170618,1831,1860,1826,1848,7486653285,4055454,227,D,1852,1830
S*I. N. C. Ind.,20170617,1861,1867,1840,1852,6798069202,3677704,270,D,1861,1840
S*I. N. C. Ind.,20170614,1852,1863,1845,1861,2852343603,1537510,119,D,1863,1851
S*I. N. C. Ind.,20170613,1833,1865,1833,1863,2434525904,1312347,119,D,1866,1850
S*I. N. C. Ind.,20170612,1864,1867,1830,1866,2327927156,1256855,135,D,1870,1830
S*I. N. C. Ind.,20170611,1859,1879,1843,1870,18408457065,9844440,441,D,1857,1860
S*I. N. C. Ind.,20170610,1850,1870,1848,1857,10883533167,5859502,362,D,1847,1855
S*I. N. C. Ind.,20170607,1855,1868,1820,1847,12851485171,6957555,404,D,1853,1833
S*I. N. C. Ind.,20170606,1847,1877,1805,1853,15295081885,8254828,504,D,1830,1831
S*I. N. C. Ind.,20170603,1833,1849,1810,1830,7295547556,4010268,377,D,1860,1816
S*I. N. C. Ind.,20170531,1869,1869,1835,1860,3338257647,1811020,149,D,1868,1842
S*I. N. C. Ind.,20170530,1849,1860,1835,1868,2623901163,1420205,127,D,1875,1847
S*I. N. C. Ind.,20170529,1851,1888,1850,1875,12963166375,6914485,450,D,1869,1851
S*I. N. C. Ind.,20170528,1876,1890,1849,1869,3333886084,1790104,163,D,1873,1850
S*I. N. C. Ind.,20170527,1855,1890,1848,1873,4142408134,2231130,207,D,1885,1860
S*I. N. C. Ind.,20170524,1868,1891,1859,1885,15733986359,8345393,295,D,1891,1860
S*I. N. C. Ind.,20170523,1895,1905,1868,1891,3312360823,1762172,134,D,1896,1869
S*I. N. C. Ind.,20170522,1888,1898,1870,1896,1054606926,560922,109,D,1898,1870
S*I. N. C. Ind.,20170521,1890,1910,1870,1898,10991406530,5791537,288,D,1880,1873
S*I. N. C. Ind.,20170520,1892,1903,1850,1880,6586658769,3513972,287,D,1892,1864
S*I. N. C. Ind.,20170517,1890,1904,1868,1892,6045757036,3196486,196,D,1893,1873
S*I. N. C. Ind.,20170516,1880,1909,1866,1893,6399071368,3389292,222,D,1901,1868
S*I. N. C. Ind.,20170515,1906,1910,1866,1901,4265411888,2251842,346,D,1907,1866
S*I. N. C. Ind.,20170514,1900,1922,1881,1907,5596731091,2945597,213,D,1916,1885
S*I. N. C. Ind.,20170513,1931,1932,1890,1916,11911223120,6217181,395,D,1918,1910
S*I. N. C. Ind.,20170510,1900,1937,1888,1918,25431233636,13260498,759,D,1912,1917
S*I. N. C. Ind.,20170509,1918,1930,1886,1912,18825579236,9844274,647,D,1911,1890
S*I. N. C. Ind.,20170508,1910,1930,1868,1911,19999688005,10467728,583,D,1905,1891
S*I. N. C. Ind.,20170507,1870,1941,1847,1905,24530555128,12879089,937,D,1902,1851
S*I. N. C. Ind.,20170506,1915,1926,1867,1902,5166114957,2732756,301,D,1915,1867
S*I. N. C. Ind.,20170503,1899,1934,1882,1915,16610520483,8672579,509,D,1904,1923
S*I. N. C. Ind.,20170502,1917,1917,1887,1904,7377420282,3881668,299,D,1915,1887
S*I. N. C. Ind.,20170501,1920,1928,1877,1915,13794960175,7203139,483,D,1905,1901
S*I. N. C. Ind.,20170430,1880,1929,1856,1905,11504966746,6039647,432,D,1887,1928
S*I. N. C. Ind.,20170429,1910,1911,1866,1887,5137135854,2733715,270,D,1896,1877
S*I. N. C. Ind.,20170426,1877,1928,1863,1896,13395932169,7064790,470,D,1885,1895
S*I. N. C. Ind.,20170424,1870,1900,1860,1885,5602262982,2967818,351,D,1881,1883
S*I. N. C. Ind.,20170423,1888,1902,1850,1881,6315073599,3381008,387,D,1905,1870
S*I. N. C. Ind.,20170422,1917,1950,1880,1905,11354290906,5961338,504,D,1933,1890
S*I. N. C. Ind.,20170419,1900,1985,1888,1933,46803539839,24210900,1276,D,1912,1900
S*I. N. C. Ind.,20170418,1900,1945,1899,1912,13261638732,6935141,613,D,1881,1900
S*I. N. C. Ind.,20170417,1865,1900,1851,1881,6164720225,3277590,295,D,1882,1879
S*I. N. C. Ind.,20170416,1880,1900,1848,1882,20257734046,10766476,804,D,1883,1890
S*I. N. C. Ind.,20170415,1882,1920,1863,1883,15790185649,8386737,686,D,1882,1863
S*I. N. C. Ind.,20170412,1895,1910,1840,1882,28608902234,15202452,985,D,1889,1899
S*I. N. C. Ind.,20170410,1890,1909,1879,1889,12183084610,6451110,644,D,1892,1881
S*I. N. C. Ind.,20170409,1910,1910,1879,1892,12039743267,6364827,668,D,1906,1890
S*I. N. C. Ind.,20170408,1918,1945,1901,1906,11545152757,6055713,609,D,1924,1902
S*I. N. C. Ind.,20170405,1936,1964,1910,1924,12070095255,6272581,509,D,1934,1920
S*I. N. C. Ind.,20170404,1935,1960,1914,1934,23316537740,12057524,794,D,1956,1956
S*I. N. C. Ind.,20170403,1972,1978,1932,1956,4185025799,2150710,276,D,1964,1940
S*I. N. C. Ind.,20170329,1977,1989,1940,1964,7513527002,3823933,312,D,1960,1960
S*I. N. C. Ind.,20170328,1988,1988,1933,1960,14979129858,7640903,493,D,1974,1938
S*I. N. C. Ind.,20170327,1952,2010,1928,1974,14160194523,7174958,453,D,1982,1950
S*I. N. C. Ind.,20170326,1998,2000,1946,1982,3727634949,1897534,212,D,1992,1956
S*I. N. C. Ind.,20170325,2020,2020,1966,1992,5535052038,2795266,243,D,2007,1980
S*I. N. C. Ind.,20170318,1957,2044,1935,2007,54343273072,27082167,1134,D,1947,2000
S*I. N. C. Ind.,20170315,1954,1979,1902,1947,20427583622,10491761,591,D,1953,1902
S*I. N. C. Ind.,20170314,1902,1990,1902,1953,12517967126,6408118,474,D,1938,1954
S*I. N. C. Ind.,20170313,1940,1971,1903,1938,13312881607,6868371,551,D,1923,1903
S*I. N. C. Ind.,20170312,1882,1942,1882,1923,15743311936,8187703,623,D,1881,1913
S*I. N. C. Ind.,20170311,1922,1950,1832,1881,88583683294,47084638,2286,D,1928,1940
S*I. N. C. Ind.,20170308,1949,1994,1891,1928,96781751931,50194544,1909,D,1990,1891
S*I. N. C. Ind.,20170307,1980,2006,1942,1990,42545809519,21382383,1063,D,2002,1979
S*I. N. C. Ind.,20170306,1990,2052,1958,2002,28925276830,14450565,771,D,1980,1970
S*I. N. C. Ind.,20170305,1958,2019,1936,1980,26273736010,13269026,858,D,2002,1970
S*I. N. C. Ind.,20170304,2027,2086,1967,2002,43796336647,21880319,1341,D,2070,1977
S*I. N. C. Ind.,20170301,2098,2098,2030,2070,49014089320,23681885,836,D,2120,2040
S*I. N. C. Ind.,20170228,0,0,0,2120,0,0,0,D,2120,2094
S*I. N. C. Ind.,20170227,0,0,0,2120,0,0,0,D,2120,2094
S*I. N. C. Ind.,20170226,0,0,0,2120,0,0,0,D,2120,2094
S*I. N. C. Ind.,20170225,0,0,0,2120,0,0,0,D,2120,2094
S*I. N. C. Ind.,20170222,0,0,0,2120,0,0,0,D,2120,2094
S*I. N. C. Ind.,20170221,0,0,0,2120,0,0,0,D,2120,2094
S*I. N. C. Ind.,20170220,0,0,0,2120,0,0,0,D,2120,2094
S*I. N. C. Ind.,20170219,0,0,0,2120,0,0,0,D,2120,2094
S*I. N. C. Ind.,20170218,2110,2140,2090,2120,42009564893,19815344,1224,D,2111,2094
S*I. N. C. Ind.,20170215,2075,2130,2075,2111,36535424189,17308236,1119,D,2102,2110
S*I. N. C. Ind.,20170214,2093,2125,2073,2102,23952584157,11394634,835,D,2092,2100
S*I. N. C. Ind.,20170213,2067,2120,2057,2092,36815865204,17602462,1111,D,2045,2090
S*I. N. C. Ind.,20170212,2069,2070,2028,2045,19072527031,9325695,759,D,2070,2035
S*I. N. C. Ind.,20170211,2069,2075,2050,2070,1.08515E+11,52418829,2328,D,1977,2070
S*I. N. C. Ind.,20170208,1940,1990,1940,1977,26462053415,13385221,796,D,1949,1990
S*I. N. C. Ind.,20170207,1936,1966,1930,1949,18913544018,9704885,536,D,1940,1960
S*I. N. C. Ind.,20170206,1934,1960,1923,1940,17527777990,9036851,583,D,1934,1947
S*I. N. C. Ind.,20170205,1930,1951,1917,1934,18814060519,9729329,745,D,1937,1940
S*I. N. C. Ind.,20170204,1969,1969,1922,1937,21926337026,11317571,933,D,2008,1939
S*I. N. C. Ind.,20170201,1981,2048,1981,2008,32610464825,16239973,1191,D,1970,1999
S*I. N. C. Ind.,20170131,1970,1998,1940,1970,38759334778,19671058,1148,D,1967,1990
S*I. N. C. Ind.,20170130,1958,1983,1950,1967,12400892185,6304873,496,D,1951,1965
S*I. N. C. Ind.,20170129,1921,1979,1921,1951,26886390345,13782433,876,D,1933,1970
S*I. N. C. Ind.,20170128,1960,1960,1900,1933,21776944486,11267128,844,D,1955,1923
S*I. N. C. Ind.,20170125,1973,1980,1945,1955,57317459424,29321482,1512,D,1972,1945
S*I. N. C. Ind.,20170124,2000,2000,1955,1972,24534327833,12439873,917,D,1996,1960
S*I. N. C. Ind.,20170123,2010,2010,1986,1996,45777704900,22930951,1177,D,1948,1990
S*I. N. C. Ind.,20170122,0,0,0,1948,0,0,0,D,1948,1945
S*I. N. C. Ind.,20170121,0,0,0,1948,0,0,0,D,1948,1945
S*I. N. C. Ind.,20170118,0,0,0,1948,0,0,0,D,1948,1945
S*I. N. C. Ind.,20170117,0,0,0,1948,0,0,0,D,1948,1945
S*I. N. C. Ind.,20170116,0,0,0,1948,0,0,0,D,1948,1945
S*I. N. C. Ind.,20170115,0,0,0,1948,0,0,0,D,1948,1945
S*I. N. C. Ind.,20170114,1950,1958,1927,1948,24020271007,12331135,827,D,1912,1945
S*I. N. C. Ind.,20170111,1908,1939,1894,1912,27364282702,14311887,932,D,1894,1894
S*I. N. C. Ind.,20170109,1893,1905,1881,1894,9857673645,5205565,366,D,1904,1890
S*I. N. C. Ind.,20170108,1936,1938,1890,1904,47918388080,25173366,925,D,1936,1900
S*I. N. C. Ind.,20170107,1941,1965,1900,1936,21354983788,11031375,798,D,1932,1932
S*I. N. C. Ind.,20170104,1935,1943,1907,1932,7862366726,4068388,322,D,1928,1938
S*I. N. C. Ind.,20170103,1920,1949,1900,1928,12670300045,6573170,461,D,1902,1921
S*I. N. C. Ind.,20170102,1880,1920,1860,1902,15538058647,8170943,548,D,1879,1876
S*I. N. C. Ind.,20170101,1900,1900,1849,1879,5579995190,3002324,366,D,1908,1863
S*I. N. C. Ind.,20161231,1930,1930,1882,1908,5302985352,2800068,324,D,1925,1891
S*I. N. C. Ind.,20161228,1937,1943,1910,1925,14361684346,7459855,381,D,1926,1916
S*I. N. C. Ind.,20161227,1950,1960,1901,1926,9153439455,4757913,457,D,1957,1916
S*I. N. C. Ind.,20161226,1945,1989,1944,1957,8103033845,4141171,390,D,1956,1949
S*I. N. C. Ind.,20161225,1986,1986,1929,1956,7303171546,3754180,353,D,1986,1940
S*I. N. C. Ind.,20161224,2000,2027,1970,1986,4698768205,2376247,297,D,1993,1970
S*I. N. C. Ind.,20161221,1970,2014,1960,1993,6145711549,3071970,305,D,1981,2014
S*I. N. C. Ind.,20161220,1985,1995,1958,1981,14859100122,7499696,584,D,2006,1988
S*I. N. C. Ind.,20161219,2030,2049,1991,2006,34607575625,17255604,1054,D,2046,2000
S*I. N. C. Ind.,20161218,2034,2075,2020,2046,20468550996,10001923,710,D,2078,2075
S*I. N. C. Ind.,20161214,2021,2080,2015,2078,2.15509E+11,103706921,518,D,2050,2050
S*I. N. C. Ind.,20161213,2085,2087,2022,2050,15457441428,7539298,615,D,2101,2040
S*I. N. C. Ind.,20161212,2111,2140,2070,2101,35470636332,16882095,505,D,2107,2087
S*I. N. C. Ind.,20161211,2139,2139,2098,2107,13991107649,6641763,497,D,2154,2111
S*I. N. C. Ind.,20161210,2150,2190,2118,2154,21679084134,10065707,759,D,2159,2127
S*I. N. C. Ind.,20161207,2106,2191,2083,2159,53712213826,24878977,1689,D,2120,2180
S*I. N. C. Ind.,20161206,2050,2138,2050,2120,72138394666,34022067,1975,D,2037,2111
S*I. N. C. Ind.,20161205,2025,2059,2021,2037,15814122021,7762431,565,D,2024,2040
S*I. N. C. Ind.,20161204,2019,2049,2000,2024,13397477342,6620231,584,D,2030,2020
S*I. N. C. Ind.,20161203,2060,2070,1997,2030,32599126428,16056615,1251,D,2101,2010
S*I. N. C. Ind.,20161129,2095,2130,2066,2101,37574347965,17885731,1374,D,2097,2104
S*I. N. C. Ind.,20161127,2109,2110,2077,2097,21362147562,10185809,861,D,2105,2100
S*I. N. C. Ind.,20161126,2100,2129,2089,2105,94888008660,45070377,2248,D,2029,2098
S*I. N. C. Ind.,20161123,2042,2050,2010,2029,9920109050,4889441,599,D,2051,2011
S*I. N. C. Ind.,20161122,2053,2090,2020,2051,16975301132,8274861,675,D,2039,2021
S*I. N. C. Ind.,20161121,2065,2071,2015,2039,11468132733,5623809,542,D,2028,2038
S*I. N. C. Ind.,20161119,1961,2103,1952,2028,43180792235,21287250,1122,D,2003,2002
S*I. N. C. Ind.,20161116,1982,2029,1974,2003,15665312970,7819364,861,D,1997,1974
S*I. N. C. Ind.,20161115,2070,2079,1971,1997,56458475940,28270174,2161,D,2074,1988
S*I. N. C. Ind.,20161114,2059,2098,2047,2074,68179957226,32873181,2035,D,2093,2059
S*I. N. C. Ind.,20161113,2125,2125,2027,2093,2.79746E+11,133679156,5347,D,2024,2050
S*I. N. C. Ind.,20161112,2024,2024,2024,2024,70772171712,34966488,810,D,1928,2024
S*I. N. C. Ind.,20161109,1843,1996,1843,1928,1.31164E+11,68016560,3331,D,1940,1980
S*I. N. C. Ind.,20161108,1968,1980,1910,1940,44680749524,23031770,1290,D,1916,1916
S*I. N. C. Ind.,20161107,1860,1937,1860,1916,1.11041E+11,57943507,2041,D,1845,1920
S*I. N. C. Ind.,20161106,1835,1858,1830,1845,10278661743,5569722,408,D,1861,1841
S*I. N. C. Ind.,20161105,1870,1888,1830,1861,21392978319,11497397,855,D,1815,1850
S*I. N. C. Ind.,20161102,1794,1839,1758,1815,16537132147,9112786,581,D,1775,1838
S*I. N. C. Ind.,20161101,1762,1822,1756,1775,14187498743,7991465,478,D,1805,1780
S*I. N. C. Ind.,20161031,1818,1850,1751,1805,13948820490,7728298,568,D,1830,1772
S*I. N. C. Ind.,20161030,1867,1869,1810,1830,19121056690,10447142,767,D,1842,1840
S*I. N. C. Ind.,20161029,1842,1842,1840,1842,97840128526,53116584,1548,D,1755,1842
S*I. N. C. Ind.,20161028,0,0,0,1755,0,0,0,D,1755,1761
S*I. N. C. Ind.,20161027,0,0,0,1755,0,0,0,D,1755,1761
S*I. N. C. Ind.,20161026,0,0,0,1755,0,0,0,D,1755,1761
S*I. N. C. Ind.,20161025,0,0,0,1755,0,0,0,D,1755,1761
S*I. N. C. Ind.,20161024,0,0,0,1755,0,0,0,D,1755,1761
S*I. N. C. Ind.,20161023,0,0,0,1755,0,0,0,D,1755,1761
S*I. N. C. Ind.,20161022,0,0,0,1755,0,0,0,D,1755,1761
S*I. N. C. Ind.,20161019,0,0,0,1755,0,0,0,D,1755,1761
S*I. N. C. Ind.,20161018,1754,1766,1736,1755,4652706655,2645518,190,D,1751,1761
S*I. N. C. Ind.,20161017,1741,1765,1741,1751,5983572265,3406103,285,D,1743,1764
S*I. N. C. Ind.,20161016,1726,1755,1720,1743,6602702690,3789831,283,D,1745,1741
S*I. N. C. Ind.,20161015,1740,1762,1713,1745,10392113976,5954345,374,D,1736,1740
S*I. N. C. Ind.,20161012,0,0,0,1736,0,0,0,D,1736,1740
S*I. N. C. Ind.,20161010,1750,1753,1722,1736,8708925528,5008246,319,D,1724,1740
S*I. N. C. Ind.,20161009,1698,1750,1698,1724,26541680182,15393395,744,D,1682,1740
S*I. N. C. Ind.,20161008,1658,1704,1655,1682,9553935320,5677197,356,D,1668,1704
S*I. N. C. Ind.,20161005,1659,1677,1656,1668,4202802785,2525095,175,D,1671,1658
S*I. N. C. Ind.,20161004,1689,1689,1658,1671,4010473039,2405037,190,D,1674,1680
S*I. N. C. Ind.,20161003,1684,1684,1659,1674,5405570927,3250304,251,D,1686,1663
S*I. N. C. Ind.,20161002,1696,1696,1675,1686,6488783907,3863261,267,D,1698,1678
S*I. N. C. Ind.,20161001,1687,1716,1675,1698,15607463133,9190124,563,D,1670,1698
S*I. N. C. Ind.,20160928,1662,1680,1660,1670,7881327341,4719019,304,D,1669,1663
S*I. N. C. Ind.,20160927,1660,1682,1655,1669,19405988772,11625003,544,D,1651,1668
S*I. N. C. Ind.,20160926,1645,1663,1640,1651,8824313311,5346578,290,D,1656,1650
S*I. N. C. Ind.,20160925,1675,1683,1644,1656,8269407418,5002217,305,D,1667,1650
S*I. N. C. Ind.,20160924,1649,1685,1640,1667,15254039282,9150570,482,D,1639,1668
S*I. N. C. Ind.,20160921,1611,1698,1595,1639,22410150601,13676820,798,D,1636,1598
S*I. N. C. Ind.,20160919,1634,1642,1626,1636,2375645050,1454691,120,D,1637,1628
S*I. N. C. Ind.,20160918,1629,1639,1612,1637,6621123388,4054251,173,D,1644,1634
S*I. N. C. Ind.,20160917,1660,1660,1623,1644,1821767223,1109604,149,D,1644,1629
S*I. N. C. Ind.,20160914,1620,1670,1582,1644,13168130276,8010389,462,D,1658,1667
S*I. N. C. Ind.,20160913,1625,1650,1620,1658,1455603455,893854,144,D,1663,1620
S*I. N. C. Ind.,20160911,1601,1677,1601,1663,11994709321,7214587,324,D,1636,1625
S*I. N. C. Ind.,20160910,1658,1670,1588,1636,6585031610,4065006,327,D,1671,1591
S*I. N. C. Ind.,20160907,1673,1683,1643,1671,5006007981,2999738,236,D,1673,1672
S*I. N. C. Ind.,20160906,1685,1685,1650,1673,1133819167,682150,118,D,1674,1670
S*I. N. C. Ind.,20160905,1635,1688,1632,1674,6081738443,3631191,354,D,1672,1680
S*I. N. C. Ind.,20160904,1650,1650,1640,1672,1981831623,1205101,113,D,1679,1642
S*I. N. C. Ind.,20160903,1660,1693,1644,1679,4728790327,2858307,189,D,1703,1650
S*I. N. C. Ind.,20160831,1665,1717,1654,1703,21929014981,12875905,279,D,1691,1659
S*I. N. C. Ind.,20160830,1684,1699,1632,1691,23402733372,13838953,291,D,1683,1657
S*I. N. C. Ind.,20160829,1650,1695,1644,1683,6369772334,3785201,250,D,1684,1659
S*I. N. C. Ind.,20160828,1651,1697,1638,1684,21010204730,12474559,267,D,1679,1653
S*I. N. C. Ind.,20160827,1645,1698,1641,1679,6448569396,3851525,234,D,1687,1652
S*I. N. C. Ind.,20160824,1665,1704,1620,1687,25577116454,15158118,358,D,1671,1680
S*I. N. C. Ind.,20160823,1689,1689,1636,1671,6678586790,4019345,276,D,1689,1650
S*I. N. C. Ind.,20160822,1690,1700,1660,1689,2877883559,1727043,147,D,1698,1660
S*I. N. C. Ind.,20160821,1670,1714,1620,1698,22326708486,13148140,328,D,1665,1679
S*I. N. C. Ind.,20160820,1670,1680,1640,1665,4095893092,2484356,293,D,1676,1644
S*I. N. C. Ind.,20160817,1699,1700,1640,1676,5212627298,3147355,283,D,1700,1640
S*I. N. C. Ind.,20160816,1670,1717,1645,1700,27878238616,16394561,406,D,1672,1714
S*I. N. C. Ind.,20160815,1700,1700,1649,1672,8991009552,5388108,438,D,1730,1670
S*I. N. C. Ind.,20160814,1750,1750,1695,1730,5450174177,3181920,357,D,1752,1702
S*I. N. C. Ind.,20160813,1751,1770,1692,1752,34593345093,19749556,517,D,1755,1702
S*I. N. C. Ind.,20160810,1740,1790,1737,1755,8191099182,4656304,381,D,1737,1750
S*I. N. C. Ind.,20160809,1714,1759,1713,1737,11961389893,6886647,610,D,1713,1745
S*I. N. C. Ind.,20160808,1760,1760,1701,1713,15224767663,8889754,613,D,1779,1706
S*I. N. C. Ind.,20160807,1799,1820,1735,1779,37070730328,20840707,976,D,1773,1750
S*I. N. C. Ind.,20160806,1754,1820,1710,1773,56725568540,31986039,1378,D,1735,1800
S*I. N. C. Ind.,20160803,1675,1749,1675,1735,23703821225,13663402,684,D,1666,1749
S*I. N. C. Ind.,20160802,1667,1697,1650,1666,59328508530,35612317,1324,D,1659,1670
S*I. N. C. Ind.,20160801,1630,1669,1630,1659,34232238097,20636081,807,D,1668,1630
S*I. N. C. Ind.,20160731,1605,1713,1605,1668,24227452678,14521117,1023,D,1637,1630
S*I. N. C. Ind.,20160727,1579,1655,1573,1637,75160375791,45904528,1851,D,1577,1600
S*I. N. C. Ind.,20160726,1560,1588,1532,1577,32021900679,20306550,563,D,1588,1562
S*I. N. C. Ind.,20160725,1590,1590,1550,1588,1.59351E+11,100378309,3531,D,1515,1553
S*I. N. C. Ind.,20160724,1515,1515,1515,1515,17529037830,11570322,314,D,1443,1515
S*I. N. C. Ind.,20160723,1420,1491,1420,1443,1.09201E+11,75673933,2096,D,1344,1491
S*I. N. C. Ind.,20160720,0,0,0,1344,0,0,0,D,1344,1582
S*I. N. C. Ind.,20160719,0,0,0,1344,0,0,0,D,1344,1582
S*I. N. C. Ind.,20160718,0,0,0,1397,0,0,0,D,1397,1582
S*I. N. C. Ind.,20160717,0,0,0,1397,0,0,0,D,1397,1582
S*I. N. C. Ind.,20160716,0,0,0,1397,0,0,0,D,1397,1582
S*I. N. C. Ind.,20160713,0,0,0,1397,0,0,0,D,1397,1582
S*I. N. C. Ind.,20160712,0,0,0,1397,0,0,0,D,1397,1582
S*I. N. C. Ind.,20160711,0,0,0,1597,0,0,0,D,1597,1582
S*I. N. C. Ind.,20160710,0,0,0,1597,0,0,0,D,1597,1582
S*I. N. C. Ind.,20160709,0,0,0,1597,0,0,0,D,1597,1582
S*I. N. C. Ind.,20160705,1585,1612,1575,1597,6991192649,4406779,380,D,1622,1582
S*I. N. C. Ind.,20160704,1590,1641,1580,1622,25685588742,15832064,379,D,1598,1597
S*I. N. C. Ind.,20160703,1619,1619,1582,1598,12003380687,7512375,435,D,1603,1589
S*I. N. C. Ind.,20160702,1601,1630,1580,1603,5810704162,3625922,312,D,1604,1580
S*I. N. C. Ind.,20160629,1600,1610,1575,1604,2344441433,1480185,160,D,1611,1585
S*I. N. C. Ind.,20160628,1635,1635,1595,1611,8307370758,5169628,437,D,1635,1595
S*I. N. C. Ind.,20160626,1600,1638,1596,1635,3169231578,1976806,133,D,1651,1619
S*I. N. C. Ind.,20160625,1634,1662,1589,1651,18476771116,11194595,196,D,1646,1600
S*I. N. C. Ind.,20160622,1654,1655,1615,1646,1518513973,920916,154,D,1646,1650
S*I. N. C. Ind.,20160621,1572,1654,1572,1646,22090929084,13420325,189,D,1630,1654
S*I. N. C. Ind.,20160620,1610,1610,1580,1630,3739863514,2345912,203,D,1652,1580
S*I. N. C. Ind.,20160619,1588,1664,1588,1652,22049490869,13347601,287,D,1632,1610
S*I. N. C. Ind.,20160618,1600,1630,1583,1632,1391527088,874303,113,D,1639,1589
S*I. N. C. Ind.,20160615,1587,1654,1565,1639,28070706702,17122240,280,D,1622,1607
S*I. N. C. Ind.,20160614,1600,1636,1569,1622,2588428558,1637677,164,D,1637,1588
S*I. N. C. Ind.,20160613,1557,1651,1557,1637,31253045022,19096672,355,D,1603,1651
S*I. N. C. Ind.,20160612,1523,1628,1520,1603,26510849744,16536700,353,D,1581,1560
S*I. N. C. Ind.,20160611,1540,1560,1525,1581,2605813704,1696050,184,D,1598,1529
S*I. N. C. Ind.,20160608,1550,1610,1530,1598,18748087281,11732686,217,D,1574,1551
S*I. N. C. Ind.,20160607,1550,1575,1550,1574,1067302635,685693,90,D,1576,1551
S*I. N. C. Ind.,20160606,1533,1625,1525,1576,11533663857,7317194,337,D,1567,1625
S*I. N. C. Ind.,20160605,1539,1580,1531,1567,2486576017,1604257,225,D,1573,1549
S*I. N. C. Ind.,20160601,1540,1540,1521,1573,1274012364,832943,158,D,1580,1530
S*I. N. C. Ind.,20160531,1550,1550,1522,1580,2514437969,1640144,221,D,1597,1540
S*I. N. C. Ind.,20160530,1585,1585,1544,1597,3533004346,2264390,208,D,1618,1544
S*I. N. C. Ind.,20160529,1575,1638,1539,1618,27514003561,17000660,398,D,1606,1580
S*I. N. C. Ind.,20160528,1650,1650,1570,1606,6762980638,4249187,360,D,1640,1580
S*I. N. C. Ind.,20160525,1630,1656,1610,1640,5229024200,3214660,243,D,1656,1620
S*I. N. C. Ind.,20160524,1689,1689,1624,1656,6779478034,4140444,360,D,1701,1630
S*I. N. C. Ind.,20160523,1659,1679,1657,1701,1940895678,1165619,143,D,1710,1657
S*I. N. C. Ind.,20160521,1699,1699,1656,1710,1731799037,1036239,127,D,1718,1667
S*I. N. C. Ind.,20160518,1645,1741,1632,1718,22317774284,12988473,354,D,1691,1741
S*I. N. C. Ind.,20160517,1643,1690,1643,1691,2498579755,1512148,198,D,1705,1645
S*I. N. C. Ind.,20160516,1662,1675,1646,1705,3032985591,1832150,180,D,1728,1650
S*I. N. C. Ind.,20160515,1655,1747,1629,1728,28528475495,16511410,355,D,1713,1667
S*I. N. C. Ind.,20160514,1695,1700,1662,1713,1573876154,940361,172,D,1721,1662
S*I. N. C. Ind.,20160511,1640,1728,1611,1721,1.57362E+11,91422603,529,D,1695,1700
S*I. N. C. Ind.,20160510,1655,1660,1634,1695,2053547620,1248933,187,D,1709,1640
S*I. N. C. Ind.,20160509,1675,1700,1660,1709,3459302316,2072648,236,D,1731,1664
S*I. N. C. Ind.,20160508,1688,1736,1640,1731,93774594375,54164050,319,D,1708,1736
S*I. N. C. Ind.,20160507,1700,1720,1650,1708,4162280877,2473430,302,D,1727,1650
S*I. N. C. Ind.,20160504,1700,1700,1685,1727,2423261850,1432535,199,D,1739,1689
S*I. N. C. Ind.,20160503,1713,1744,1688,1739,66692183901,38358544,456,D,1736,1699
S*I. N. C. Ind.,20160502,1733,1733,1699,1736,4633701597,2711363,285,D,1762,1706
S*I. N. C. Ind.,20160501,1738,1775,1719,1762,2707094403,1561167,198,D,1773,1720
S*I. N. C. Ind.,20160430,1775,1795,1736,1773,16685329616,9411994,450,D,1793,1736
S*I. N. C. Ind.,20160427,1766,1797,1763,1793,1764221044,998067,145,D,1799,1766
S*I. N. C. Ind.,20160426,1766,1799,1761,1799,1.32368E+11,73596764,247,D,1799,1767
S*I. N. C. Ind.,20160425,1810,1810,1765,1799,3768882417,2116641,215,D,1810,1766
S*I. N. C. Ind.,20160424,1781,1811,1764,1810,1.25976E+11,69587254,198,D,1811,1804
S*I. N. C. Ind.,20160423,1805,1820,1778,1811,38858841653,21455645,278,D,1800,1785
S*I. N. C. Ind.,20160420,1755,1822,1751,1800,40057604676,22255390,425,D,1787,1760
S*I. N. C. Ind.,20160419,1794,1794,1730,1787,94616874642,52945770,258,D,1788,1738
S*I. N. C. Ind.,20160418,1721,1800,1721,1788,17707057924,9901440,497,D,1761,1789
S*I. N. C. Ind.,20160417,1727,1770,1671,1761,26859982333,15252758,302,D,1736,1730
S*I. N. C. Ind.,20160416,1778,1778,1727,1736,20082156387,11570625,562,D,1817,1727
S*I. N. C. Ind.,20160413,1749,1855,1722,1817,50657389828,27877944,719,D,1784,1778
S*I. N. C. Ind.,20160412,1784,1800,1700,1784,28767486379,16125698,478,D,1769,1800
S*I. N. C. Ind.,20160411,1703,1820,1680,1769,19610668834,11084722,575,D,1739,1820
S*I. N. C. Ind.,20160410,1721,1775,1674,1739,20150901711,11588454,846,D,1720,1710
S*I. N. C. Ind.,20160409,1799,1799,1694,1720,16374472235,9520095,803,D,1783,1716
S*I. N. C. Ind.,20160406,1799,1809,1774,1783,15822978205,8874660,437,D,1839,1780
S*I. N. C. Ind.,20160405,1824,1850,1774,1839,49952540672,27159724,501,D,1841,1791
S*I. N. C. Ind.,20160404,1840,1850,1783,1841,27684116402,15034898,339,D,1840,1789
S*I. N. C. Ind.,20160403,1785,1860,1732,1840,38415298095,20874564,721,D,1795,1801
S*I. N. C. Ind.,20160402,1793,1840,1720,1795,16399391638,9134048,827,D,1771,1826
S*I. N. C. Ind.,20160330,1760,1800,1755,1771,11622140246,6562383,604,D,1799,1761
S*I. N. C. Ind.,20160329,1770,1795,1752,1799,2490626841,1407224,189,D,1808,1758
S*I. N. C. Ind.,20160328,1769,1808,1751,1808,3491794456,1948404,212,D,1816,1792
S*I. N. C. Ind.,20160327,1850,1869,1770,1816,5745704779,3178878,313,D,1826,1796
S*I. N. C. Ind.,20160326,1750,1830,1730,1826,11149257171,6105223,451,D,1743,1830
S*I. N. C. Ind.,20160316,1738,1790,1732,1743,12924461853,7413636,697,D,1823,1790
S*I. N. C. Ind.,20160315,1860,1870,1805,1823,11513149235,6317210,539,D,1900,1805
S*I. N. C. Ind.,20160314,1929,1929,1860,1900,22787244087,11991178,855,D,1852,1860
S*I. N. C. Ind.,20160312,1785,1855,1741,1852,67901079329,36658218,1563,D,1767,1854
S*I. N. C. Ind.,20160309,1750,1790,1740,1767,6819961488,3875896,371,D,1782,1760
S*I. N. C. Ind.,20160308,1790,1810,1748,1782,13061222717,7328666,554,D,1791,1750
S*I. N. C. Ind.,20160307,1825,1839,1748,1791,31401418626,17536102,1307,D,1838,1790
S*I. N. C. Ind.,20160306,1879,1879,1800,1838,30265128868,16462871,1138,D,1793,1810
S*I. N. C. Ind.,20160305,1792,1793,1785,1793,51684978381,28828319,896,D,1708,1793
S*I. N. C. Ind.,20160302,1720,1741,1680,1708,31800169719,18615541,1002,D,1700,1740
S*I. N. C. Ind.,20160301,1720,1730,1690,1700,21436457622,12613095,686,D,1690,1699
S*I. N. C. Ind.,20160229,1688,1730,1650,1690,24291142097,14374635,818,D,1680,1728
S*I. N. C. Ind.,20160228,1720,1720,1650,1680,15497039179,9222647,584,D,1722,1690
S*I. N. C. Ind.,20160227,1691,1755,1680,1722,20720435761,12032805,872,D,1672,1699
S*I. N. C. Ind.,20160224,1637,1718,1620,1672,26767013245,16010587,1049,D,1637,1689
S*I. N. C. Ind.,20160223,1638,1678,1585,1637,19428128897,11866697,816,D,1625,1669
S*I. N. C. Ind.,20160222,1627,1657,1600,1625,14056503064,8647944,595,D,1630,1639
S*I. N. C. Ind.,20160221,1599,1657,1540,1630,35808707027,21973333,821,D,1593,1578
S*I. N. C. Ind.,20160220,1600,1609,1542,1593,18114091358,11374485,540,D,1563,1568
S*I. N. C. Ind.,20160217,1521,1601,1500,1563,14132868583,9044541,642,D,1541,1550
S*I. N. C. Ind.,20160216,1591,1618,1520,1541,31011325919,20126114,1060,D,1599,1530
S*I. N. C. Ind.,20160215,1536,1639,1536,1599,31749101845,19854062,935,D,1567,1582
S*I. N. C. Ind.,20160214,1525,1600,1490,1567,52702809048,33628694,701,D,1542,1549
S*I. N. C. Ind.,20160213,1599,1600,1514,1542,17726433144,11493894,758,D,1591,1570
S*I. N. C. Ind.,20160210,1580,1650,1560,1591,11836078446,7439544,579,D,1636,1568
S*I. N. C. Ind.,20160209,1643,1655,1540,1636,34714172346,21222775,1407,D,1577,1540
S*I. N. C. Ind.,20160208,1566,1644,1526,1577,28547745314,18098951,1330,D,1580,1620
S*I. N. C. Ind.,20160207,1593,1617,1555,1580,17008370719,10766759,905,D,1593,1560
S*I. N. C. Ind.,20160206,1619,1619,1551,1593,33161928274,20822468,1183,D,1546,1570
S*I. N. C. Ind.,20160203,1557,1578,1500,1546,29121497153,18840862,1035,D,1536,1539
S*I. N. C. Ind.,20160202,1536,1539,1490,1536,79338524061,51660217,2235,D,1466,1525
S*I. N. C. Ind.,20160201,1413,1471,1403,1466,35081393060,23926149,845,D,1401,1471
S*I. N. C. Ind.,20160131,1395,1415,1363,1401,15738580281,11232670,653,D,1403,1398
S*I. N. C. Ind.,20160130,1400,1420,1372,1403,11766371067,8383618,536,D,1399,1390
S*I. N. C. Ind.,20160127,1398,1438,1386,1399,40773787007,29139133,1638,D,1434,1400
S*I. N. C. Ind.,20160126,1449,1449,1396,1434,1.25236E+11,87331743,3307,D,1380,1401
S*I. N. C. Ind.,20160125,1380,1380,1380,1380,14764359180,10698811,221,D,1315,1380
S*I. N. C. Ind.,20160124,1320,1328,1290,1315,24545308793,18668546,834,D,1265,1328
S*I. N. C. Ind.,20160123,1220,1297,1220,1265,23084574343,18252775,1022,D,1236,1297
S*I. N. C. Ind.,20160120,1235,1250,1210,1236,4649914591,3806732,407,D,1247,1212
S*I. N. C. Ind.,20160119,1230,1253,1210,1247,12536130352,10056414,679,D,1207,1249
S*I. N. C. Ind.,20160118,1209,1232,1160,1207,7738078795,6412927,570,D,1207,1229
S*I. N. C. Ind.,20160117,1233,1234,1181,1207,12531923898,10386543,989,D,1192,1190
S*I. N. C. Ind.,20160116,1140,1195,1140,1192,23926032897,20070041,994,D,1139,1195
S*I. N. C. Ind.,20160113,1131,1155,1104,1139,6490008674,5751606,667,D,1161,1140
S*I. N. C. Ind.,20160112,1160,1160,1130,1161,2856749311,2501784,293,D,1169,1140
S*I. N. C. Ind.,20160111,1150,1178,1145,1169,2353029574,2032131,291,D,1172,1150
S*I. N. C. Ind.,20160110,1153,1169,1141,1172,4843005026,4188050,271,D,1188,1141
S*I. N. C. Ind.,20160109,1182,1190,1151,1188,2056199368,1761520,291,D,1193,1151
S*I. N. C. Ind.,20160106,1199,1200,1180,1193,2040089834,1719270,278,D,1195,1182
S*I. N. C. Ind.,20160105,1167,1195,1167,1195,1783673052,1506768,203,D,1198,1182
S*I. N. C. Ind.,20160104,1173,1186,1165,1198,1544959507,1315798,180,D,1203,1165
S*I. N. C. Ind.,20160103,1180,1182,1170,1203,1339487064,1140291,152,D,1208,1175
S*I. N. C. Ind.,20160102,1190,1190,1170,1208,814572747,689950,138,D,1211,1179
S*I. N. C. Ind.,20151230,1197,1200,1180,1211,858721340,720628,144,D,1213,1200
S*I. N. C. Ind.,20151228,1216,1224,1200,1213,1365225710,1129629,150,D,1214,1200
S*I. N. C. Ind.,20151227,1210,1242,1202,1214,969259295,798571,152,D,1214,1213
S*I. N. C. Ind.,20151226,1211,1250,1186,1214,6487570787,5301948,342,D,1197,1249
S*I. N. C. Ind.,20151223,1198,1219,1180,1197,6374600304,5278915,329,D,1177,1217
S*I. N. C. Ind.,20151222,1170,1200,1154,1177,5225629061,4382726,308,D,1159,1200
S*I. N. C. Ind.,20151221,1181,1199,1101,1159,3039698237,2575454,266,D,1149,1193
S*I. N. C. Ind.,20151220,1150,1226,1110,1149,6697428725,5865309,385,D,1168,1226
S*I. N. C. Ind.,20151219,1180,1200,1151,1168,7517558000,6501075,392,D,1211,1151
S*I. N. C. Ind.,20151216,1195,1195,1170,1211,1798432833,1529116,141,D,1219,1179
S*I. N. C. Ind.,20151215,1185,1198,1180,1219,1117491696,940225,109,D,1223,1181
S*I. N. C. Ind.,20151214,1185,1195,1170,1223,640837728,542582,101,D,1226,1180
S*I. N. C. Ind.,20151213,1196,1210,1178,1226,2012295319,1696631,214,D,1237,1184
S*I. N. C. Ind.,20151209,1210,1219,1200,1237,1164110501,966390,155,D,1241,1205
S*I. N. C. Ind.,20151208,1204,1220,1197,1241,2930924429,2442782,289,D,1260,1199
S*I. N. C. Ind.,20151207,1211,1219,1204,1260,442937607,365552,104,D,1262,1204
S*I. N. C. Ind.,20151206,1250,1250,1211,1262,648328090,530994,89,D,1265,1220
S*I. N. C. Ind.,20151205,1241,1250,1229,1265,559217459,453092,98,D,1267,1231
S*I. N. C. Ind.,20151201,1230,1251,1226,1267,1682765609,1355938,88,D,1273,1250
S*I. N. C. Ind.,20151130,1237,1250,1222,1273,1841520223,1487942,158,D,1282,1240
S*I. N. C. Ind.,20151129,1240,1255,1238,1282,1060642250,851918,116,D,1287,1243
S*I. N. C. Ind.,20151128,1260,1270,1250,1287,874278674,695886,94,D,1290,1250
S*I. N. C. Ind.,20151125,1284,1284,1260,1290,957313003,756833,93,D,1293,1261
S*I. N. C. Ind.,20151124,1290,1290,1265,1293,403915510,317129,39,D,1294,1280
S*I. N. C. Ind.,20151123,1274,1300,1255,1294,15025969138,11612129,161,D,1287,1265
S*I. N. C. Ind.,20151122,1270,1275,1260,1287,855874912,676643,115,D,1289,1260
S*I. N. C. Ind.,20151121,1290,1298,1262,1289,6742099174,5234709,301,D,1291,1270
S*I. N. C. Ind.,20151118,1264,1304,1264,1291,5354867376,4130950,218,D,1284,1300
S*I. N. C. Ind.,20151117,1260,1295,1250,1284,2584228386,2016715,179,D,1285,1262
S*I. N. C. Ind.,20151116,1280,1289,1251,1285,2423114649,1909503,217,D,1291,1260
S*I. N. C. Ind.,20151115,1287,1318,1242,1291,4555305646,3578848,345,D,1307,1269
S*I. N. C. Ind.,20151114,1312,1320,1300,1307,6759000875,5175102,448,D,1310,1301
S*I. N. C. Ind.,20151111,1300,1340,1281,1310,6196732238,4691923,304,D,1294,1321
S*I. N. C. Ind.,20151110,1300,1320,1284,1294,5466876878,4208652,240,D,1288,1300
S*I. N. C. Ind.,20151109,1300,1310,1280,1288,3768375297,2909942,215,D,1284,1300
S*I. N. C. Ind.,20151108,1293,1303,1271,1284,6979859321,5407307,313,D,1270,1273
S*I. N. C. Ind.,20151107,1251,1300,1250,1270,5296923072,4134507,408,D,1258,1300
S*I. N. C. Ind.,20151104,1275,1275,1248,1258,4963661158,3952496,308,D,1260,1253
S*I. N. C. Ind.,20151103,1255,1279,1250,1260,5229057068,4152485,369,D,1260,1277
S*I. N. C. Ind.,20151102,1269,1280,1250,1260,8883571586,7049650,682,D,1355,1257
S*I. N. C. Ind.,20151101,0,0,0,1355,0,0,0,D,1355,1345
S*I. N. C. Ind.,20151031,0,0,0,1355,0,0,0,D,1355,1345
S*I. N. C. Ind.,20151028,0,0,0,1355,0,0,0,D,1355,1345
S*I. N. C. Ind.,20151027,0,0,0,1355,0,0,0,D,1355,1345
S*I. N. C. Ind.,20151026,0,0,0,1355,0,0,0,D,1355,1345
S*I. N. C. Ind.,20151025,0,0,0,1355,0,0,0,D,1355,1345
S*I. N. C. Ind.,20151021,0,0,0,1355,0,0,0,D,1355,1345
S*I. N. C. Ind.,20151020,0,0,0,1355,0,0,0,D,1355,1345
S*I. N. C. Ind.,20151019,1350,1360,1342,1355,1906229170,1412682,118,D,1356,1345
S*I. N. C. Ind.,20151018,1390,1400,1331,1356,4028766596,2963812,320,D,1353,1331
S*I. N. C. Ind.,20151017,1359,1389,1359,1353,3061137746,2225171,277,D,1343,1387
S*I. N. C. Ind.,20151014,1355,1379,1350,1343,2602280497,1910940,251,D,1337,1360
S*I. N. C. Ind.,20151013,1332,1365,1332,1337,2649359601,1953000,226,D,1331,1345
S*I. N. C. Ind.,20151012,1330,1377,1300,1331,2788631371,2075356,281,D,1327,1330
S*I. N. C. Ind.,20151011,1375,1375,1288,1327,3696739228,2818665,327,D,1335,1319
S*I. N. C. Ind.,20151010,1300,1338,1300,1335,10945411074,8199084,650,D,1275,1338
S*I. N. C. Ind.,20151007,1295,1310,1295,1275,2505144422,1923643,226,D,1266,1300
S*I. N. C. Ind.,20151006,1281,1300,1250,1266,4269942922,3329493,270,D,1255,1273
S*I. N. C. Ind.,20151005,1280,1283,1260,1255,1550834679,1217701,193,D,1252,1260
S*I. N. C. Ind.,20151004,1266,1285,1238,1252,8325831567,6635808,395,D,1241,1250
S*I. N. C. Ind.,20151003,1256,1280,1231,1241,3419622656,2737985,254,D,1237,1240
S*I. N. C. Ind.,20150930,1277,1277,1245,1237,1871688012,1483586,213,D,1231,1266
S*I. N. C. Ind.,20150929,1264,1270,1223,1231,3049997298,2436904,308,D,1222,1269
S*I. N. C. Ind.,20150928,1203,1289,1180,1222,7132164811,5858871,417,D,1233,1289
S*I. N. C. Ind.,20150927,1210,1233,1191,1233,5.39289E+11,437463292,296,D,1210,1220
S*I. N. C. Ind.,20150926,1200,1200,1172,1210,2711491765,2284181,248,D,1219,1190
S*I. N. C. Ind.,20150923,1247,1247,1185,1219,2303083737,1889767,142,D,1298,1200
S*I. N. C. Ind.,20150922,0,0,0,1298,0,0,0,D,1298,1340
S*I. N. C. Ind.,20150921,0,0,0,1298,0,0,0,D,1298,1340
S*I. N. C. Ind.,20150920,0,0,0,1378,0,0,0,D,1378,1340
S*I. N. C. Ind.,20150919,0,0,0,1378,0,0,0,D,1378,1340
S*I. N. C. Ind.,20150916,0,0,0,1378,0,0,0,D,1378,1340
S*I. N. C. Ind.,20150915,1361,1390,1337,1378,3803723519,2812388,373,D,1394,1340
S*I. N. C. Ind.,20150914,1350,1440,1327,1394,9903464444,7102220,562,D,1396,1385
S*I. N. C. Ind.,20150913,1330,1410,1283,1396,34892008593,24988232,421,D,1343,1350
S*I. N. C. Ind.,20150912,1345,1345,1310,1343,1762137812,1325219,209,D,1346,1318
S*I. N. C. Ind.,20150909,1340,1350,1330,1346,5517052773,4117094,351,D,1354,1330
S*I. N. C. Ind.,20150908,1350,1352,1320,1354,3860791195,2911410,313,D,1373,1320
S*I. N. C. Ind.,20150907,1370,1388,1330,1373,3763630258,2770957,299,D,1382,1355
S*I. N. C. Ind.,20150906,1398,1400,1370,1382,29716854597,21509411,210,D,1363,1395
S*I. N. C. Ind.,20150905,1375,1410,1360,1363,4360260521,3176287,232,D,1356,1394
S*I. N. C. Ind.,20150902,1355,1400,1340,1356,4106298781,2991355,337,D,1346,1380
S*I. N. C. Ind.,20150901,1339,1361,1310,1346,2257840565,1682059,183,D,1347,1355
S*I. N. C. Ind.,20150831,1383,1383,1304,1347,6988900964,5210598,381,D,1358,1306
S*I. N. C. Ind.,20150830,1388,1390,1359,1358,4842883970,3524879,337,D,1344,1360
S*I. N. C. Ind.,20150829,1357,1371,1340,1344,6565648618,4802093,461,D,1306,1371
S*I. N. C. Ind.,20150826,1300,1352,1254,1306,7451632354,5693982,543,D,1293,1352
S*I. N. C. Ind.,20150825,1326,1326,1257,1293,4549454536,3599303,407,D,1323,1257
S*I. N. C. Ind.,20150824,1298,1350,1279,1323,4356911314,3319894,448,D,1333,1306
S*I. N. C. Ind.,20150823,1338,1338,1318,1333,7468820437,5662654,549,D,1387,1318
S*I. N. C. Ind.,20150822,1372,1386,1344,1387,4279103643,3161613,415,D,1414,1344
S*I. N. C. Ind.,20150819,1436,1436,1375,1414,3934794290,2833037,320,D,1432,1382
S*I. N. C. Ind.,20150818,1410,1410,1389,1432,2522413130,1808440,225,D,1446,1391
S*I. N. C. Ind.,20150817,1455,1455,1403,1446,2719172701,1916835,220,D,1457,1410
S*I. N. C. Ind.,20150816,1460,1460,1410,1457,3123440026,2199940,318,D,1476,1420
S*I. N. C. Ind.,20150815,1495,1495,1430,1476,4280462274,2964176,455,D,1501,1435
S*I. N. C. Ind.,20150812,1500,1504,1464,1501,3533317497,2401271,354,D,1518,1480
S*I. N. C. Ind.,20150810,1530,1531,1500,1518,12650994790,8335711,480,D,1509,1509
S*I. N. C. Ind.,20150809,1510,1521,1481,1509,11264420342,7466975,550,D,1492,1500
S*I. N. C. Ind.,20150808,1500,1520,1460,1492,10015096892,6712867,526,D,1507,1487
S*I. N. C. Ind.,20150805,1477,1535,1477,1507,12674467960,8410088,803,D,1475,1505
S*I. N. C. Ind.,20150804,1535,1535,1467,1475,29315403374,19872515,1423,D,1544,1479
S*I. N. C. Ind.,20150803,1570,1575,1520,1544,11425286595,7402113,818,D,1554,1523
S*I. N. C. Ind.,20150802,1551,1580,1551,1554,51742650788,33304906,2057,D,1632,1570
S*I. N. C. Ind.,20150801,1699,1699,1621,1632,12130951222,7435057,671,D,1706,1621
S*I. N. C. Ind.,20150729,1738,1738,1680,1706,4281530469,2509967,258,D,1837,1699
S*I. N. C. Ind.,20150728,0,0,0,1837,0,0,0,D,1837,1800
S*I. N. C. Ind.,20150727,0,0,0,1837,0,0,0,D,1837,1800
S*I. N. C. Ind.,20150726,0,0,0,1837,0,0,0,D,1837,1800
S*I. N. C. Ind.,20150725,0,0,0,1837,0,0,0,D,1837,1800
S*I. N. C. Ind.,20150722,0,0,0,1837,0,0,0,D,1837,1800
S*I. N. C. Ind.,20150721,0,0,0,1837,0,0,0,D,1837,1800
S*I. N. C. Ind.,20150720,0,0,0,1837,0,0,0,D,1837,1800
S*I. N. C. Ind.,20150719,0,0,0,1837,0,0,0,D,1837,1800
S*I. N. C. Ind.,20150715,0,0,0,1837,0,0,0,D,1837,1800
S*I. N. C. Ind.,20150714,1897,1897,1800,1837,13641874171,7425220,606,D,1867,1800
S*I. N. C. Ind.,20150713,1855,1889,1830,1867,23707126853,12697000,778,D,1806,1856
S*I. N. C. Ind.,20150712,1838,1870,1785,1806,5843011539,3227528,316,D,1800,1793
S*I. N. C. Ind.,20150711,1741,1843,1741,1800,9037933909,5021870,577,D,1802,1780
S*I. N. C. Ind.,20150707,1808,1850,1787,1802,22431010234,12448676,833,D,1771,1800
S*I. N. C. Ind.,20150706,1750,1809,1724,1771,7137312901,4010625,375,D,1752,1780
S*I. N. C. Ind.,20150705,1768,1768,1741,1752,9870560314,5635229,580,D,1759,1750
S*I. N. C. Ind.,20150704,1700,1772,1696,1759,26713974033,15188652,1062,D,1688,1730
S*I. N. C. Ind.,20150701,1710,1746,1670,1688,23824129242,14114538,917,D,1757,1670
S*I. N. C. Ind.,20150630,1800,1800,1720,1757,9081040167,5169362,497,D,1849,1728
S*I. N. C. Ind.,20150629,0,0,0,1849,0,0,0,D,1849,1819
S*I. N. C. Ind.,20150628,0,0,0,1849,0,0,0,D,1849,1819
S*I. N. C. Ind.,20150627,0,0,0,1849,0,0,0,D,1849,1819
S*I. N. C. Ind.,20150624,0,0,0,1849,0,0,0,D,1849,1819
S*I. N. C. Ind.,20150623,0,0,0,1849,0,0,0,D,1849,1819
S*I. N. C. Ind.,20150622,0,0,0,1849,0,0,0,D,1849,1819
S*I. N. C. Ind.,20150621,1823,1850,1817,1849,1506782714,822258,121,D,1852,1819
S*I. N. C. Ind.,20150620,1885,1885,1800,1852,2858120273,1551635,159,D,1856,1849
S*I. N. C. Ind.,20150617,1848,1900,1840,1856,5050772314,2716685,307,D,1852,1847
S*I. N. C. Ind.,20150616,1830,1840,1788,1852,1878759483,1040006,135,D,1863,1840
S*I. N. C. Ind.,20150615,1860,1860,1800,1863,1543993002,851712,110,D,1873,1800
S*I. N. C. Ind.,20150614,1880,1880,1830,1873,1821693125,987087,124,D,1879,1830
S*I. N. C. Ind.,20150613,1880,1891,1845,1879,1152419673,616343,109,D,1880,1880
S*I. N. C. Ind.,20150610,1878,1900,1832,1880,2615114352,1392705,116,D,1881,1870
S*I. N. C. Ind.,20150609,1870,1891,1800,1881,1632170147,888123,118,D,1890,1830
S*I. N. C. Ind.,20150608,1887,1950,1842,1890,5212215302,2754186,481,D,1887,1842
S*I. N. C. Ind.,20150607,1899,1899,1838,1887,2839485534,1514475,168,D,1892,1838
S*I. N. C. Ind.,20150606,1860,1900,1851,1892,2741270505,1447898,137,D,1892,1900
S*I. N. C. Ind.,20150602,1910,1930,1886,1892,4940808128,2596162,474,D,1882,1904
S*I. N. C. Ind.,20150601,1890,1910,1825,1882,5203565994,2767741,914,D,1885,1908
S*I. N. C. Ind.,20150531,1880,1900,1840,1885,1067774834,571392,154,D,1887,1840
S*I. N. C. Ind.,20150530,1900,1900,1820,1887,2837354581,1520260,264,D,1895,1890
S*I. N. C. Ind.,20150527,1902,1946,1865,1895,2664571084,1403375,307,D,1894,1866
S*I. N. C. Ind.,20150526,1931,1940,1889,1894,2312816651,1210182,200,D,1889,1899
S*I. N. C. Ind.,20150525,1920,1945,1900,1889,1493476275,779353,171,D,1884,1920
S*I. N. C. Ind.,20150524,1850,1950,1806,1884,4837495166,2587862,203,D,1898,1950
S*I. N. C. Ind.,20150523,1907,1919,1826,1898,1150604948,618050,124,D,1903,1850
S*I. N. C. Ind.,20150520,1880,1970,1835,1903,4050633461,2122023,259,D,1899,1880
S*I. N. C. Ind.,20150519,1830,1870,1830,1899,1045197158,566227,99,D,1906,1839
S*I. N. C. Ind.,20150518,1870,1880,1841,1906,1777863045,956085,152,D,1917,1846
S*I. N. C. Ind.,20150517,1949,1949,1850,1917,1496804913,803956,142,D,1927,1863
S*I. N. C. Ind.,20150513,1928,1928,1880,1927,1481923533,782625,129,D,1933,1880
S*I. N. C. Ind.,20150512,1953,1959,1870,1933,2333016175,1226413,169,D,1943,1887
S*I. N. C. Ind.,20150511,1885,1916,1884,1943,2582455266,1363543,177,D,1962,1884
S*I. N. C. Ind.,20150510,1920,1920,1920,1962,4539855360,2364508,108,D,2000,1920
S*I. N. C. Ind.,20150509,1995,1995,1931,2000,1372616719,709930,67,D,2011,1931
S*I. N. C. Ind.,20150506,1957,2000,1955,2011,3223582881,1641566,221,D,2036,1971
S*I. N. C. Ind.,20150505,1961,1970,1961,2036,762358971,388671,71,D,2042,1961
S*I. N. C. Ind.,20150504,1974,1986,1974,2042,1629360690,825269,114,D,2056,1974
S*I. N. C. Ind.,20150503,2050,2070,1989,2056,2344484915,1166210,173,D,2071,1989
S*I. N. C. Ind.,20150429,2008,2032,2001,2071,1697412027,844560,128,D,2084,2001
S*I. N. C. Ind.,20150428,2010,2025,2008,2084,851903469,423902,56,D,2091,2008
S*I. N. C. Ind.,20150427,2028,2030,2025,2091,1990973930,982938,130,D,2109,2025
S*I. N. C. Ind.,20150426,2070,2070,2039,2109,1703781900,832887,180,D,2123,2040
S*I. N. C. Ind.,20150425,2100,2100,2064,2123,2926387889,1413843,206,D,2146,2070
S*I. N. C. Ind.,20150422,2088,2120,2088,2146,3227939900,1545413,189,D,2174,2088
S*I. N. C. Ind.,20150421,2141,2173,2100,2174,1841741063,871289,99,D,2187,2100
S*I. N. C. Ind.,20150420,2149,2229,2149,2187,14187684111,6487873,722,D,2144,2166
S*I. N. C. Ind.,20150419,2047,2169,2047,2144,10341410359,4824467,485,D,2086,2150
S*I. N. C. Ind.,20150418,2051,2100,2045,2086,4085065854,1959003,186,D,2087,2100
S*I. N. C. Ind.,20150415,1998,2150,1998,2087,6380286053,3050968,478,D,2079,2080
S*I. N. C. Ind.,20150414,2090,2090,2028,2079,3830238263,1884166,309,D,2112,2031
S*I. N. C. Ind.,20150413,2150,2155,2064,2112,11173514742,5291514,600,D,2150,2100
S*I. N. C. Ind.,20150412,2110,2140,2110,2150,5132878080,2431470,169,D,2197,2110
S*I. N. C. Ind.,20150411,2210,2210,2137,2197,4545413557,2099830,247,D,2226,2137
S*I. N. C. Ind.,20150408,2138,2250,2130,2226,13293057154,5971544,600,D,2210,2201
S*I. N. C. Ind.,20150407,2240,2245,2209,2210,19138328971,8659539,536,D,2301,2209
S*I. N. C. Ind.,20150406,2333,2333,2175,2301,62573008946,27199678,1315,D,2244,2270
S*I. N. C. Ind.,20150405,2244,2244,2244,2244,12347847864,5502606,135,D,2158,2244
S*I. N. C. Ind.,20150404,2158,2158,2158,2158,10743190822,4978309,114,D,2075,2158
S*I. N. C. Ind.,20150331,2040,2095,2030,2075,10248902201,4935677,421,D,2049,2030
S*I. N. C. Ind.,20150330,2095,2095,1981,2049,6736773948,3297420,325,D,2059,2035
S*I. N. C. Ind.,20150329,2000,2064,1986,2059,31275540573,15188910,840,D,1985,2060
S*I. N. C. Ind.,20150328,1982,2000,1951,1985,9257741385,4653332,411,D,1944,1985
S*I. N. C. Ind.,20150325,1920,1947,1920,1944,13045749305,6710697,829,D,1873,1947
S*I. N. C. Ind.,20150318,1840,1874,1830,1873,16810278863,8976021,682,D,1802,1874
S*I. N. C. Ind.,20150317,1800,1835,1755,1802,4790494546,2656287,329,D,1801,1801
S*I. N. C. Ind.,20150316,1802,1802,1769,1801,24744966699,13742343,603,D,1733,1802
S*I. N. C. Ind.,20150315,1730,1769,1710,1733,7691607198,4411317,384,D,1701,1769
S*I. N. C. Ind.,20150314,1676,1740,1676,1701,6333658249,3719696,339,D,1698,1740
S*I. N. C. Ind.,20150311,1699,1720,1687,1698,6520524972,3838669,424,D,1698,1690
S*I. N. C. Ind.,20150310,1705,1720,1675,1698,2492288455,1469486,208,D,1699,1680
S*I. N. C. Ind.,20150309,1692,1720,1680,1699,2922726565,1712400,328,D,1696,1700
S*I. N. C. Ind.,20150308,1674,1720,1670,1696,3195529147,1882962,179,D,1696,1685
S*I. N. C. Ind.,20150307,1699,1738,1670,1696,1748601515,1032232,227,D,1697,1680
S*I. N. C. Ind.,20150304,1680,1716,1650,1697,3263018227,1948873,232,D,1709,1690
S*I. N. C. Ind.,20150303,1718,1718,1658,1709,41929553948,24533958,322,D,1727,1670
S*I. N. C. Ind.,20150302,1683,1720,1680,1727,2070837196,1219448,157,D,1735,1701
S*I. N. C. Ind.,20150301,0,0,0,1735,0,0,0,D,1735,1676
S*I. N. C. Ind.,20150228,0,0,0,1735,0,0,0,D,1735,1676
S*I. N. C. Ind.,20150225,0,0,0,1735,0,0,0,D,1735,1676
S*I. N. C. Ind.,20150224,0,0,0,1735,0,0,0,D,1735,1676
S*I. N. C. Ind.,20150223,0,0,0,1735,0,0,0,D,1735,1676
S*I. N. C. Ind.,20150222,0,0,0,1735,0,0,0,D,1735,1676
S*I. N. C. Ind.,20150221,0,0,0,1735,0,0,0,D,1735,1676
S*I. N. C. Ind.,20150218,1702,1749,1671,1735,3958394205,2296802,201,D,1738,1676
S*I. N. C. Ind.,20150217,1740,1770,1697,1738,8043440148,4726026,657,D,1767,1697
S*I. N. C. Ind.,20150216,1730,1769,1721,1767,5560312170,3214469,333,D,1783,1723
S*I. N. C. Ind.,20150215,1724,1794,1723,1783,21230828781,11909576,1124,D,1759,1746
S*I. N. C. Ind.,20150214,1740,1800,1720,1759,4341770537,2459085,262,D,1757,1730
S*I. N. C. Ind.,20150210,1740,1788,1700,1757,33157420779,18871685,423,D,1754,1772
S*I. N. C. Ind.,20150209,1722,1735,1706,1754,6136586481,3590766,331,D,1777,1706
S*I. N. C. Ind.,20150208,1785,1790,1725,1777,5159590168,2953087,438,D,1788,1740
S*I. N. C. Ind.,20150207,1837,1837,1784,1788,4788050915,2660370,335,D,1784,1784
S*I. N. C. Ind.,20150204,1800,1828,1758,1784,11487979601,6381008,639,D,1758,1800
S*I. N. C. Ind.,20150203,1690,1779,1690,1758,19147195631,10888567,911,D,1711,1778
S*I. N. C. Ind.,20150202,1680,1750,1661,1711,11317225736,6645265,687,D,1726,1670
S*I. N. C. Ind.,20150201,1720,1752,1678,1726,5502019936,3242435,395,D,1739,1698
S*I. N. C. Ind.,20150131,1778,1778,1700,1739,10434933858,6022626,694,D,1748,1720
S*I. N. C. Ind.,20150128,1742,1797,1742,1748,39045499512,22333229,1416,D,1814,1765
S*I. N. C. Ind.,20150127,1770,1770,1770,1814,7390456230,4175399,103,D,1843,1770
S*I. N. C. Ind.,20150126,1772,1772,1772,1843,528500772,298251,29,D,1845,1772
S*I. N. C. Ind.,20150125,1774,1774,1774,1845,517573370,291755,35,D,1847,1774
S*I. N. C. Ind.,20150124,1775,1775,1775,1847,350976075,197733,19,D,1848,1775
S*I. N. C. Ind.,20150121,1776,1776,1776,1848,540044304,304079,34,D,1850,1776
S*I. N. C. Ind.,20150120,1777,1777,1777,1850,162851388,91644,19,D,1851,1777
S*I. N. C. Ind.,20150119,1778,1778,1778,1851,207186784,116528,16,D,1852,1778
S*I. N. C. Ind.,20150118,1788,1788,1788,1852,2569801212,1437249,75,D,1862,1788
S*I. N. C. Ind.,20150117,1818,1818,1818,1862,7966975950,4382275,170,D,1893,1818
S*I. N. C. Ind.,20150114,1825,1825,1825,1893,1994949475,1093123,117,D,1901,1825
S*I. N. C. Ind.,20150113,1926,1940,1855,1901,9844802168,5266669,360,D,1932,1920
S*I. N. C. Ind.,20150112,1930,1977,1900,1932,11025777135,5687903,509,D,1925,1952
S*I. N. C. Ind.,20150111,1873,1900,1873,1925,6502860775,3470558,225,D,1951,1900
S*I. N. C. Ind.,20150110,1960,1960,1900,1951,7077434847,3722360,304,D,1979,1900
S*I. N. C. Ind.,20150107,1952,2039,1940,1979,13271353432,6784666,523,D,2020,1980
S*I. N. C. Ind.,20150106,2021,2061,2017,2020,22660086884,11216128,492,D,2101,2017
S*I. N. C. Ind.,20150105,2021,2021,2021,2101,1074749611,531791,48,D,2105,2021
S*I. N. C. Ind.,20150104,2028,2028,2028,2105,1672803912,824854,96,D,2112,2028
S*I. N. C. Ind.,20150103,2033,2033,2033,2112,1171786639,576383,73,D,2117,2033
S*I. N. C. Ind.,20141231,2050,2060,2039,2117,1473587401,722526,107,D,2123,2039
S*I. N. C. Ind.,20141230,2064,2070,2050,2123,3230367817,1574210,357,D,2135,2055
S*I. N. C. Ind.,20141229,2082,2110,2063,2135,3975538651,1916513,345,D,2148,2069
S*I. N. C. Ind.,20141228,2081,2118,2081,2148,2713822460,1289930,298,D,2154,2108
S*I. N. C. Ind.,20141227,2110,2129,2101,2154,1867613142,883481,171,D,2158,2118
S*I. N. C. Ind.,20141224,2180,2180,2120,2158,2875579948,1346511,343,D,2161,2140
S*I. N. C. Ind.,20141222,2110,2220,2080,2161,6368938618,2920551,385,D,2154,2154
S*I. N. C. Ind.,20141220,2153,2199,2153,2154,24806515654,11514959,579,D,2242,2158
S*I. N. C. Ind.,20141217,2155,2155,2155,2242,421220610,195462,72,D,2244,2155
S*I. N. C. Ind.,20141216,2250,2255,2180,2244,16835268488,7501341,313,D,2321,2200
S*I. N. C. Ind.,20141215,0,0,0,2321,0,0,0,D,2321,2630
S*I. N. C. Ind.,20141214,0,0,0,2321,0,0,0,D,2321,2630
S*I. N. C. Ind.,20141210,0,0,0,2321,0,0,0,D,2321,2630
S*I. N. C. Ind.,20141209,0,0,0,2321,0,0,0,D,2321,2630
S*I. N. C. Ind.,20141208,0,0,0,2321,0,0,0,D,2321,2630
S*I. N. C. Ind.,20141207,0,0,0,2321,0,0,0,D,2321,2630
S*I. N. C. Ind.,20141206,0,0,0,2321,0,0,0,D,2321,2630
S*I. N. C. Ind.,20141203,0,0,0,2321,0,0,0,D,2321,2630
S*I. N. C. Ind.,20141202,0,0,0,2321,0,0,0,D,2321,2630
S*I. N. C. Ind.,20141201,0,0,0,2639,0,0,0,D,2639,2630
S*I. N. C. Ind.,20141130,0,0,0,2639,0,0,0,D,2639,2630
S*I. N. C. Ind.,20141129,0,0,0,2639,0,0,0,D,2639,2630
S*I. N. C. Ind.,20141126,2629,2700,2603,2639,21306040308,8138123,965,D,2711,2630
S*I. N. C. Ind.,20141125,2696,2796,2696,2711,24657390541,9144052,719,D,2808,2696
S*I. N. C. Ind.,20141124,2851,2889,2781,2808,3.47008E+11,123586178,726,D,2778,2887
S*I. N. C. Ind.,20141123,2700,2850,2670,2778,17024754419,6069352,757,D,2741,2840
S*I. N. C. Ind.,20141122,2740,2740,2670,2741,2607280078,968987,210,D,2746,2690
S*I. N. C. Ind.,20141119,2738,2738,2675,2746,6169245734,2290030,304,D,2760,2690
S*I. N. C. Ind.,20141118,2730,2737,2695,2760,5165137568,1904362,272,D,2770,2700
S*I. N. C. Ind.,20141117,2750,2760,2687,2770,8824631428,3259602,547,D,2798,2687
S*I. N. C. Ind.,20141116,2799,2799,2707,2798,6793851654,2489713,467,D,2819,2730
S*I. N. C. Ind.,20141115,2800,2800,2742,2819,9747605384,3549432,474,D,2856,2742
S*I. N. C. Ind.,20141112,2870,2870,2800,2856,12008194183,4267410,553,D,2885,2800
S*I. N. C. Ind.,20141111,2889,2930,2850,2885,15387522712,5360770,495,D,2901,2854
S*I. N. C. Ind.,20141110,2887,2887,2822,2901,8041062528,2812280,385,D,2916,2875
S*I. N. C. Ind.,20141109,2898,2899,2834,2916,11679828039,4085912,674,D,2952,2860
S*I. N. C. Ind.,20141108,3000,3000,2870,2952,12186976831,4207251,653,D,2989,2872
S*I. N. C. Ind.,20141105,2960,3059,2899,2989,21306593903,7104614,767,D,2969,2990
S*I. N. C. Ind.,20141102,3059,3059,2950,2969,14363031658,4802445,670,D,2950,2951
S*I. N. C. Ind.,20141101,2903,2970,2903,2950,26639488475,8981771,535,D,2856,2970
S*I. N. C. Ind.,20141029,2800,2903,2758,2856,32251997863,11292160,984,D,2792,2903
S*I. N. C. Ind.,20141028,2830,2830,2760,2792,26187501338,9365036,572,D,2759,2774
S*I. N. C. Ind.,20141027,2685,2778,2658,2759,31352608275,11363527,1195,D,2672,2775
S*I. N. C. Ind.,20141026,2690,2700,2614,2672,34279240635,12827890,1461,D,2653,2653
S*I. N. C. Ind.,20141025,2598,2658,2580,2653,47836201784,18033678,1085,D,2556,2658
S*I. N. C. Ind.,20141022,2558,2558,2500,2556,75063361888,29369342,1299,D,2460,2558
S*I. N. C. Ind.,20141021,2405,2466,2405,2460,30057250724,12220378,599,D,2372,2466
S*I. N. C. Ind.,20141020,2347,2374,2315,2372,38927576989,16412453,937,D,2283,2374
S*I. N. C. Ind.,20141019,2280,2329,2255,2283,15944460468,6985969,636,D,2283,2320
S*I. N. C. Ind.,20141018,2281,2299,2269,2283,9040119086,3969055,329,D,2287,2270
S*I. N. C. Ind.,20141015,2300,2300,2256,2287,7232610821,3186049,333,D,2295,2260
S*I. N. C. Ind.,20141014,2300,2304,2250,2295,3266484832,1436532,337,D,2298,2270
S*I. N. C. Ind.,20141012,2280,2305,2266,2298,32478092155,14135979,375,D,2300,2291
S*I. N. C. Ind.,20141011,2310,2320,2250,2300,5809100338,2543547,447,D,2305,2250
S*I. N. C. Ind.,20141008,2368,2368,2298,2305,26606168162,11544818,992,D,2368,2303
S*I. N. C. Ind.,20141007,2362,2370,2327,2368,6186051116,2653461,301,D,2380,2330
S*I. N. C. Ind.,20141006,2370,2380,2333,2380,3748266632,1593856,202,D,2385,2338
S*I. N. C. Ind.,20141004,2392,2392,2329,2385,3280224154,1401060,221,D,2392,2350
S*I. N. C. Ind.,20141001,2386,2397,2329,2392,6333145037,2681547,359,D,2403,2380
S*I. N. C. Ind.,20140930,2401,2401,2341,2403,5324589813,2252858,318,D,2414,2345
S*I. N. C. Ind.,20140929,2419,2419,2348,2414,3176571815,1338222,214,D,2420,2359
S*I. N. C. Ind.,20140928,2413,2418,2359,2420,3372828569,1413049,275,D,2425,2359
S*I. N. C. Ind.,20140927,2432,2432,2366,2425,4461079358,1862600,354,D,2431,2366
S*I. N. C. Ind.,20140924,2432,2445,2405,2431,5951232563,2455951,220,D,2434,2419
S*I. N. C. Ind.,20140923,2440,2442,2400,2434,8219979485,3390202,242,D,2439,2400
S*I. N. C. Ind.,20140922,2440,2450,2400,2439,53046898922,21748569,651,D,2430,2422
S*I. N. C. Ind.,20140921,2420,2440,2416,2430,2708337273,1117926,169,D,2431,2417
S*I. N. C. Ind.,20140920,2437,2438,2392,2431,14661719962,6042872,758,D,2438,2400
S*I. N. C. Ind.,20140917,2418,2422,2380,2438,4773592706,1978689,248,D,2444,2390
S*I. N. C. Ind.,20140916,2448,2448,2373,2444,3765616195,1560887,235,D,2450,2379
S*I. N. C. Ind.,20140915,2443,2445,2399,2450,8733788532,3588502,269,D,2459,2428
S*I. N. C. Ind.,20140914,2450,2450,2371,2459,3961101345,1632711,273,D,2465,2399
S*I. N. C. Ind.,20140913,2451,2451,2377,2465,2638539450,1104159,192,D,2474,2380
S*I. N. C. Ind.,20140910,2420,2500,2395,2474,72508505884,29312251,1394,D,2422,2488
S*I. N. C. Ind.,20140909,2450,2494,2415,2422,6290832407,2559496,355,D,2410,2420
S*I. N. C. Ind.,20140908,2400,2475,2354,2410,5598966190,2294251,371,D,2401,2420
S*I. N. C. Ind.,20140907,2383,2383,2331,2401,5522667765,2352701,235,D,2417,2350
S*I. N. C. Ind.,20140906,2385,2396,2337,2417,4914595211,2091845,229,D,2434,2355
S*I. N. C. Ind.,20140903,2390,2410,2358,2434,7434225687,3122437,317,D,2456,2359
S*I. N. C. Ind.,20140902,2400,2410,2375,2456,3919692274,1637550,193,D,2467,2410
S*I. N. C. Ind.,20140901,2400,2401,2385,2467,4347960111,1817352,286,D,2482,2385
S*I. N. C. Ind.,20140831,2400,2418,2400,2482,2767680982,1152321,228,D,2492,2406
S*I. N. C. Ind.,20140830,2435,2445,2406,2492,4585227670,1890191,268,D,2506,2408
S*I. N. C. Ind.,20140827,2454,2505,2441,2506,2663794965,1079801,209,D,2511,2500
S*I. N. C. Ind.,20140826,2440,2480,2440,2511,3387883544,1379982,230,D,2519,2470
S*I. N. C. Ind.,20140825,2520,2520,2426,2519,2475146454,1013102,188,D,2527,2450
S*I. N. C. Ind.,20140824,2461,2480,2448,2527,6024432901,2456633,290,D,2550,2452
S*I. N. C. Ind.,20140823,2495,2495,2456,2550,2107897216,854433,251,D,2557,2459
S*I. N. C. Ind.,20140820,2490,2510,2461,2557,1582459397,637448,149,D,2562,2487
S*I. N. C. Ind.,20140819,2480,2500,2469,2562,1927721399,778015,161,D,2569,2469
S*I. N. C. Ind.,20140818,2500,2510,2480,2569,1814316853,726889,173,D,2574,2480
S*I. N. C. Ind.,20140817,2499,2529,2487,2574,4264353097,1710992,287,D,2590,2488
S*I. N. C. Ind.,20140816,2569,2569,2496,2590,2980010795,1188211,305,D,2600,2496
S*I. N. C. Ind.,20140813,2540,2608,2530,2600,1296128598,509655,129,D,2603,2530
S*I. N. C. Ind.,20140812,2522,2628,2522,2603,20984424170,8047082,455,D,2587,2560
S*I. N. C. Ind.,20140811,2560,2577,2510,2587,4856890037,1910654,286,D,2597,2540
S*I. N. C. Ind.,20140810,2530,2587,2510,2597,4609775750,1816606,317,D,2609,2520
S*I. N. C. Ind.,20140809,2580,2580,2525,2609,5583946099,2208105,310,D,2630,2525
S*I. N. C. Ind.,20140806,2562,2597,2550,2630,2513232997,980386,182,D,2637,2580
S*I. N. C. Ind.,20140805,2600,2600,2566,2637,3469510250,1345428,183,D,2646,2580
S*I. N. C. Ind.,20140804,2655,2655,2589,2646,4388485459,1676771,279,D,2652,2589
S*I. N. C. Ind.,20140803,2619,2619,2565,2652,4450942318,1718838,276,D,2664,2610
S*I. N. C. Ind.,20140802,2688,2688,2585,2664,7603617205,2934038,389,D,2692,2585
S*I. N. C. Ind.,20140728,2690,2720,2670,2692,21599211468,8017147,1246,D,2685,2710
S*I. N. C. Ind.,20140727,2685,2750,2633,2685,10650753730,3939094,489,D,2673,2684
S*I. N. C. Ind.,20140726,2610,2678,2610,2673,39517582438,14784579,1016,D,2575,2678
S*I. N. C. Ind.,20140723,2591,2616,2522,2575,7791799335,3045844,376,D,2582,2550
S*I. N. C. Ind.,20140722,2570,2617,2520,2582,9513887069,3712548,615,D,2593,2550
S*I. N. C. Ind.,20140721,2654,2654,2575,2593,9168899125,3519654,426,D,2587,2590
S*I. N. C. Ind.,20140720,2500,2613,2500,2587,24360876144,9385608,921,D,2513,2612
S*I. N. C. Ind.,20140716,2553,2558,2511,2513,14822177142,5798166,345,D,2460,2558
S*I. N. C. Ind.,20140715,2380,2475,2380,2460,7297894934,2966493,213,D,2377,2475
S*I. N. C. Ind.,20140714,0,0,0,2777,0,0,0,D,2777,2780
S*I. N. C. Ind.,20140713,0,0,0,2777,0,0,0,D,2777,2780
S*I. N. C. Ind.,20140712,0,0,0,2777,0,0,0,D,2777,2780
S*I. N. C. Ind.,20140709,2799,2820,2751,2777,9872830348,3547841,527,D,2774,2780
S*I. N. C. Ind.,20140708,2745,2864,2720,2774,8358735781,2957824,478,D,2754,2800
S*I. N. C. Ind.,20140707,2700,2782,2665,2754,4704028333,1706849,241,D,2754,2740
S*I. N. C. Ind.,20140706,2860,2860,2660,2754,7030872639,2549021,475,D,2752,2700
S*I. N. C. Ind.,20140705,2830,2837,2746,2752,6788772373,2397126,251,D,2728,2837
S*I. N. C. Ind.,20140702,2652,2727,2650,2728,6749077015,2492658,396,D,2735,2717
S*I. N. C. Ind.,20140701,2664,2701,2664,2735,11172161929,4174471,646,D,2774,2666
S*I. N. C. Ind.,20140630,2679,2684,2679,2774,4159586140,1552660,128,D,2790,2679
S*I. N. C. Ind.,20140629,2684,2684,2684,2790,1248398184,465126,59,D,2795,2684
S*I. N. C. Ind.,20140628,2740,2750,2701,2795,4942116832,1824604,268,D,2813,2701
S*I. N. C. Ind.,20140625,2785,2804,2712,2813,3663405314,1342653,209,D,2825,2720
S*I. N. C. Ind.,20140624,2789,2899,2698,2825,24386531481,8621350,514,D,2810,2785
S*I. N. C. Ind.,20140623,2800,2800,2748,2810,13183123108,4795217,348,D,2862,2748
S*I. N. C. Ind.,20140622,2768,2800,2761,2862,1568211173,565264,209,D,2867,2764
S*I. N. C. Ind.,20140621,2889,2889,2766,2867,4263244701,1512822,347,D,2875,2767
S*I. N. C. Ind.,20140618,2850,2888,2813,2875,15662293187,5542541,476,D,2930,2880
S*I. N. C. Ind.,20140617,2900,2900,2832,2930,5081844806,1789224,256,D,2949,2875
S*I. N. C. Ind.,20140616,2910,2930,2843,2949,3714291402,1293172,221,D,2960,2845
S*I. N. C. Ind.,20140615,2873,2880,2873,2960,8032804097,2795741,443,D,2992,2877
S*I. N. C. Ind.,20140614,2990,2990,2880,2992,2959129075,1012660,159,D,3000,2880
S*I. N. C. Ind.,20140611,2921,2950,2906,3000,6881241200,2366611,355,D,3027,2906
S*I. N. C. Ind.,20140610,2970,2970,2922,3027,4357752098,1485002,285,D,3042,2922
S*I. N. C. Ind.,20140609,2999,2999,2963,3042,6131690971,2061112,317,D,3059,2963
S*I. N. C. Ind.,20140608,2964,3001,2964,3059,8008527997,2687974,420,D,3086,2973
S*I. N. C. Ind.,20140607,3112,3112,3000,3086,8451260203,2782827,380,D,3104,3008
S*I. N. C. Ind.,20140603,3041,3110,3040,3104,4386419721,1431574,304,D,3110,3070
S*I. N. C. Ind.,20140602,3096,3118,3034,3110,3897854159,1272203,259,D,3116,3079
S*I. N. C. Ind.,20140601,3081,3118,3010,3116,7823035949,2557208,550,D,3134,3038
S*I. N. C. Ind.,20140531,3140,3140,3081,3134,6219908509,1996419,299,D,3138,3120
S*I. N. C. Ind.,20140528,3146,3146,3076,3138,6030217826,1943510,324,D,3146,3140
S*I. N. C. Ind.,20140526,3190,3190,3092,3146,8720877952,2780262,487,D,3150,3110
S*I. N. C. Ind.,20140525,3147,3185,3102,3150,9395603339,3007308,343,D,3161,3102
S*I. N. C. Ind.,20140524,3198,3200,3150,3161,5244253346,1653098,358,D,3159,3154
S*I. N. C. Ind.,20140521,3190,3200,3150,3159,37575903818,11894123,553,D,3156,3181
S*I. N. C. Ind.,20140520,3164,3185,3151,3156,9542225908,3010417,348,D,3151,3175
S*I. N. C. Ind.,20140519,3189,3189,3111,3151,5145257498,1640741,320,D,3154,3145
S*I. N. C. Ind.,20140518,3200,3200,3130,3154,9268477305,2923106,415,D,3148,3148
S*I. N. C. Ind.,20140517,3140,3240,3120,3148,23585378211,7512549,568,D,3168,3157
S*I. N. C. Ind.,20140514,3156,3217,3110,3168,25914792265,8125996,721,D,3094,3217
S*I. N. C. Ind.,20140512,3139,3170,3091,3094,15168003692,4831964,552,D,3055,3120
S*I. N. C. Ind.,20140511,3210,3210,3050,3055,3.09926E+11,101464606,4642,D,3175,3100
S*I. N. C. Ind.,20140510,3249,3250,3161,3175,11044543632,3472490,342,D,3172,3171
S*I. N. C. Ind.,20140507,3200,3260,3150,3172,52422459218,16527883,625,D,3193,3218
S*I. N. C. Ind.,20140506,3242,3245,3179,3193,46151289332,14451717,592,D,3238,3180
S*I. N. C. Ind.,20140505,3259,3298,3221,3238,5301580411,1631883,238,D,3236,3240
S*I. N. C. Ind.,20140504,3240,3299,3172,3236,15090635380,4653416,636,D,3230,3250
S*I. N. C. Ind.,20140503,3242,3270,3173,3230,11389226422,3551510,355,D,3242,3230
S*I. N. C. Ind.,20140430,3190,3270,3170,3242,8118707472,2516871,300,D,3247,3230
S*I. N. C. Ind.,20140429,3201,3250,3147,3247,10672582224,3355829,413,D,3278,3210
S*I. N. C. Ind.,20140428,3260,3275,3196,3278,15691937967,4866367,549,D,3324,3200
S*I. N. C. Ind.,20140427,3370,3389,3252,3324,7412069990,2241272,475,D,3328,3252
S*I. N. C. Ind.,20140426,3310,3400,3310,3328,14617352581,4325826,691,D,3292,3375
S*I. N. C. Ind.,20140423,3302,3303,3272,3292,3.41778E+11,103826240,425,D,3268,3290
S*I. N. C. Ind.,20140422,3340,3340,3278,3268,16679382475,5010462,707,D,3212,3299
S*I. N. C. Ind.,20140421,3200,3287,3180,3212,18009396578,5527243,535,D,3161,3287
S*I. N. C. Ind.,20140420,3159,3220,3151,3161,4798837917,1512280,250,D,3159,3185
S*I. N. C. Ind.,20140419,3180,3180,3082,3159,6979491429,2231578,255,D,3167,3082
S*I. N. C. Ind.,20140416,3140,3230,3140,3167,10575740967,3314566,467,D,3156,3198
S*I. N. C. Ind.,20140415,3100,3238,3070,3156,12670114785,4096832,639,D,3197,3150
S*I. N. C. Ind.,20140414,3122,3188,3112,3197,11575897099,3713040,347,D,3241,3112
S*I. N. C. Ind.,20140413,3200,3210,3155,3241,13668655064,4294485,631,D,3281,3155
S*I. N. C. Ind.,20140412,3299,3320,3194,3281,8126409754,2518838,365,D,3298,3235
S*I. N. C. Ind.,20140409,3300,3370,3260,3298,5890226961,1787157,334,D,3298,3288
S*I. N. C. Ind.,20140408,3300,3388,3281,3298,10508279083,3119786,559,D,3268,3358
S*I. N. C. Ind.,20140407,3315,3327,3243,3268,7104535802,2157088,504,D,3261,3282
S*I. N. C. Ind.,20140406,3350,3359,3231,3261,8928633643,2725027,428,D,3255,3260
S*I. N. C. Ind.,20140405,3340,3360,3281,3255,8987889219,2703178,544,D,3231,3331
S*I. N. C. Ind.,20140331,3290,3317,3250,3231,13220040547,4007644,738,D,3190,3317
S*I. N. C. Ind.,20140330,3219,3260,3160,3190,6168355218,1915509,387,D,3183,3255
S*I. N. C. Ind.,20140329,3158,3234,3152,3183,3249279977,1022258,329,D,3184,3200
S*I. N. C. Ind.,20140326,3210,3219,3130,3184,5709420952,1805571,325,D,3188,3178
S*I. N. C. Ind.,20140325,3200,3246,3141,3188,3450042379,1079908,308,D,3187,3200
S*I. N. C. Ind.,20140319,3269,3269,3161,3187,2.94623E+11,92434467,713,D,3240,3179
S*I. N. C. Ind.,20140318,3300,3325,3173,3240,20457431164,6353078,807,D,3270,3180
S*I. N. C. Ind.,20140317,3289,3332,3150,3270,37066571957,11336851,1308,D,3265,3250
S*I. N. C. Ind.,20140316,3339,3339,3219,3265,31287404219,9605478,1345,D,3353,3219
S*I. N. C. Ind.,20140315,3350,3425,3280,3353,14621090933,4401271,835,D,3375,3280
S*I. N. C. Ind.,20140312,3330,3400,3270,3375,10589914601,3171463,492,D,3390,3345
S*I. N. C. Ind.,20140311,3304,3399,3304,3390,16777405502,5032372,504,D,3441,3394
S*I. N. C. Ind.,20140310,3330,3350,3325,3441,5582382511,1678497,242,D,3463,3325
S*I. N. C. Ind.,20140309,3380,3400,3349,3463,6773999510,2017259,354,D,3488,3359
S*I. N. C. Ind.,20140308,3530,3549,3400,3488,5984667851,1728149,380,D,3493,3450
S*I. N. C. Ind.,20140305,3411,3598,3411,3493,22678452435,6460171,693,D,3464,3486
S*I. N. C. Ind.,20140304,3356,3450,3356,3464,8562597459,2528521,357,D,3489,3400
S*I. N. C. Ind.,20140303,3411,3449,3401,3489,13753480259,4039553,544,D,3542,3401
S*I. N. C. Ind.,20140302,3525,3525,3445,3542,14143879618,4076170,589,D,3588,3510
S*I. N. C. Ind.,20140301,3530,3570,3525,3588,16097125985,4547159,859,D,3625,3550
S*I. N. C. Ind.,20140226,3538,3570,3538,3625,15405902235,4351986,588,D,3685,3554
S*I. N. C. Ind.,20140225,3631,3631,3581,3685,12006813275,3346621,643,D,3730,3581
S*I. N. C. Ind.,20140224,3675,3690,3618,3730,10328471863,2839827,571,D,3764,3669
S*I. N. C. Ind.,20140223,3750,3750,3680,3764,13129967234,3546328,728,D,3796,3721
S*I. N. C. Ind.,20140222,3700,3805,3700,3796,47655767924,12555210,967,D,3825,3805
S*I. N. C. Ind.,20140219,3770,3850,3720,3825,29034303314,7603883,622,D,3842,3831
S*I. N. C. Ind.,20140218,3849,3849,3720,3842,9512476191,2540843,405,D,3874,3770
S*I. N. C. Ind.,20140217,3947,3950,3771,3874,1.33456E+11,34450108,913,D,3850,3870
S*I. N. C. Ind.,20140216,3750,3938,3740,3850,83787006713,21760315,2625,D,3787,3839
S*I. N. C. Ind.,20140215,3657,3779,3657,3787,7731980647,2091406,435,D,3809,3719
S*I. N. C. Ind.,20140212,3680,3758,3679,3809,5943429695,1614689,244,D,3832,3679
S*I. N. C. Ind.,20140210,3802,3870,3684,3832,7.03777E+11,183641645,1682,D,3837,3684
S*I. N. C. Ind.,20140209,3673,3848,3673,3837,1.35967E+12,354321351,458,D,3826,3800
S*I. N. C. Ind.,20140208,3753,3770,3753,3826,21003730826,5596470,428,D,3909,3753
S*I. N. C. Ind.,20140205,3899,3899,3778,3909,6851636103,1810222,443,D,3935,3783
S*I. N. C. Ind.,20140204,3900,3949,3850,3935,25662111575,6577343,466,D,3990,3893
S*I. N. C. Ind.,20140203,3950,3950,3870,3990,8595109177,2211281,441,D,4018,3870
S*I. N. C. Ind.,20140202,4100,4100,3896,4018,11882358032,3031454,445,D,4058,3945
S*I. N. C. Ind.,20140201,4154,4154,4084,4058,15572865181,3769365,655,D,4017,4090
S*I. N. C. Ind.,20140129,3999,4070,3960,4017,39937375397,9928439,828,D,3914,4070
S*I. N. C. Ind.,20140128,3902,3999,3880,3914,9318491639,2361253,479,D,3904,3959
S*I. N. C. Ind.,20140127,4000,4000,3783,3904,14507341193,3733957,598,D,3915,3929
S*I. N. C. Ind.,20140126,4019,4019,3800,3915,13902501055,3552129,517,D,3915,3849
S*I. N. C. Ind.,20140125,3829,4034,3772,3915,33764128311,8606388,683,D,3879,3950
S*I. N. C. Ind.,20140122,3780,3830,3768,3879,12047104523,3193117,502,D,3925,3819
S*I. N. C. Ind.,20140121,3850,3990,3809,3925,18579969605,4795195,611,D,3967,3838
S*I. N. C. Ind.,20140120,3970,4000,3936,3967,35562041720,9012892,981,D,4099,3936
S*I. N. C. Ind.,20140118,4199,4199,4045,4099,55555323338,13553832,4262,D,4205,4100
S*I. N. C. Ind.,20140115,4279,4280,4119,4205,22911370913,5547671,685,D,4290,4168
S*I. N. C. Ind.,20140114,4350,4355,4181,4290,20259869444,4742177,592,D,4305,4221
S*I. N. C. Ind.,20140113,4320,4350,4260,4305,35723748700,8292022,1193,D,4295,4295
S*I. N. C. Ind.,20140112,4379,4380,4293,4295,61226895462,14256565,1288,D,4471,4293
S*I. N. C. Ind.,20140111,4490,4490,4414,4471,36377823785,8201766,1077,D,4597,4414
S*I. N. C. Ind.,20140108,4651,4651,4484,4597,27368393575,6010251,760,D,4655,4500
S*I. N. C. Ind.,20140107,4750,4750,4580,4655,26402916958,5709645,636,D,4692,4650
S*I. N. C. Ind.,20140106,4680,4750,4650,4692,48828331100,10408253,930,D,4741,4650
S*I. N. C. Ind.,20140105,4780,4789,4685,4741,47202944282,9959694,749,D,4775,4685
S*I. N. C. Ind.,20140104,4749,4850,4700,4775,1.13631E+11,23795240,10282,D,4743,4795
S*I. N. C. Ind.,20140101,4698,4770,4661,4743,67997644965,14335301,927,D,4713,4750
S*I. N. C. Ind.,20131230,4799,4799,4600,4713,35142197253,7486042,695,D,4759,4708
S*I. N. C. Ind.,20131229,4800,4820,4629,4759,68954232902,14488124,1112,D,4803,4800
S*I. N. C. Ind.,20131228,4902,4920,4740,4803,52253567377,10878870,1172,D,4821,4740
S*I. N. C. Ind.,20131225,4813,4885,4630,4821,99591129516,20659722,2296,D,4698,4700
S*I. N. C. Ind.,20131224,4550,4711,4500,4698,1.3187E+11,28069578,1520,D,4530,4711
S*I. N. C. Ind.,20131222,4565,4579,4451,4530,27620027013,6090441,585,D,4523,4550
S*I. N. C. Ind.,20131221,4510,4619,4450,4523,1.19231E+11,26363357,1442,D,4632,4480
S*I. N. C. Ind.,20131218,4640,4690,4510,4632,1.19363E+11,25769125,1605,D,4583,4570
S*I. N. C. Ind.,20131217,4421,4679,4421,4583,1.32843E+11,28986884,2619,D,4577,4601
S*I. N. C. Ind.,20131216,4587,4588,4363,4577,1.73669E+11,37946690,2724,D,4412,4420
S*I. N. C. Ind.,20131215,4240,4427,4240,4412,1.31746E+11,29861605,1652,D,4257,4427
S*I. N. C. Ind.,20131214,4158,4289,4158,4257,24481136860,5800809,860,D,4302,4256
S*I. N. C. Ind.,20131211,4310,4351,4233,4302,1.30177E+11,30262272,1716,D,4292,4251
S*I. N. C. Ind.,20131210,4181,4348,4170,4292,1.3119E+11,30564286,3221,D,4181,4300
S*I. N. C. Ind.,20131209,4160,4201,4131,4181,42533789778,10177062,1119,D,4224,4160
S*I. N. C. Ind.,20131208,4278,4278,4186,4224,46522565330,11014086,1211,D,4254,4210
S*I. N. C. Ind.,20131207,4218,4301,4164,4254,44500833534,10460291,1308,D,4245,4240
S*I. N. C. Ind.,20131204,4380,4380,4161,4245,67364848008,15869918,1863,D,4241,4161
S*I. N. C. Ind.,20131203,4250,4256,4150,4241,2.14463E+11,50570311,3566,D,4093,4256
S*I. N. C. Ind.,20131202,4015,4105,3955,4093,1.42237E+11,34752041,3044,D,3948,4105
S*I. N. C. Ind.,20131201,3815,3950,3815,3948,1.54124E+11,39040476,1587,D,3799,3950
S*I. N. C. Ind.,20131130,3830,3831,3770,3799,23476425705,6179251,1020,D,3830,3820
S*I. N. C. Ind.,20131127,3800,3870,3760,3830,14014439509,3675978,794,D,3873,3852
S*I. N. C. Ind.,20131126,3910,3910,3812,3873,15445070074,4011654,700,D,3951,3850
S*I. N. C. Ind.,20131125,3990,4009,3860,3951,39167163756,9913937,1532,D,3866,3899
S*I. N. C. Ind.,20131124,3800,3877,3799,3866,38969577530,10079831,1904,D,3728,3877
S*I. N. C. Ind.,20131123,3740,3800,3710,3728,19064256995,5114354,860,D,3727,3725
S*I. N. C. Ind.,20131120,3709,3820,3670,3727,12677959698,3397941,727,D,3718,3719
S*I. N. C. Ind.,20131119,3715,3738,3670,3718,11669823315,3143513,868,D,3727,3704
S*I. N. C. Ind.,20131118,3711,3750,3662,3727,7395755589,1994338,559,D,3739,3709
S*I. N. C. Ind.,20131117,3885,3885,3661,3739,20415280135,5460036,844,D,3813,3762
S*I. N. C. Ind.,20131116,3803,3892,3802,3813,15095389028,3946892,651,D,3776,3880
S*I. N. C. Ind.,20131112,3780,3869,3750,3776,22542192252,5970609,795,D,3790,3830
S*I. N. C. Ind.,20131111,3763,3800,3741,3790,8475219071,2253278,665,D,3811,3800
S*I. N. C. Ind.,20131110,3800,3898,3760,3811,13726987460,3609355,671,D,3828,3789
S*I. N. C. Ind.,20131109,3900,3900,3800,3828,17499587066,4575153,744,D,3851,3803
S*I. N. C. Ind.,20131106,3870,3890,3820,3851,23314729256,6054355,663,D,3841,3890
S*I. N. C. Ind.,20131105,3879,3879,3792,3841,10963466781,2856035,486,D,3843,3855
S*I. N. C. Ind.,20131104,3855,3890,3784,3843,27648565581,7194780,536,D,3857,3868
S*I. N. C. Ind.,20131103,3860,3919,3820,3857,77958848995,20214629,602,D,3833,3830
S*I. N. C. Ind.,20131102,3878,3900,3811,3833,4.63268E+11,120854769,641,D,3836,3830
S*I. N. C. Ind.,20131030,3870,3870,3810,3836,15183382788,3970316,681,D,3872,3850
S*I. N. C. Ind.,20131029,3870,3900,3811,3872,15402839924,3988510,788,D,3907,3820
S*I. N. C. Ind.,20131028,3900,3900,3835,3907,8986405830,2327935,637,D,3944,3858
S*I. N. C. Ind.,20131027,4000,4000,3850,3944,13573252855,3466216,625,D,3999,3870
S*I. N. C. Ind.,20131026,4002,4080,3951,3999,23465283699,5868202,915,D,4078,3972
S*I. N. C. Ind.,20131023,4075,4099,4000,4078,57127132965,14009195,748,D,4116,4044
S*I. N. C. Ind.,20131022,4188,4250,4060,4116,61622931935,14971743,802,D,4138,4110
S*I. N. C. Ind.,20131021,4101,4209,4050,4138,29474747960,7122093,920,D,4048,4120
S*I. N. C. Ind.,20131020,4070,4150,3962,4048,24946502575,6162882,1097,D,4069,4051
S*I. N. C. Ind.,20131019,4000,4072,3961,4069,1.67126E+11,41073991,2120,D,3916,4045
S*I. N. C. Ind.,20131015,3949,4000,3850,3916,16147427901,4122508,861,D,3915,3879
S*I. N. C. Ind.,20131014,3960,3960,3881,3915,25567169870,6531299,752,D,4019,3900
S*I. N. C. Ind.,20131013,4050,4062,3908,4019,55024450673,13691583,1393,D,3906,3927
S*I. N. C. Ind.,20131012,3910,4021,3875,3906,4.41222E+11,112966830,1229,D,3867,4019
S*I. N. C. Ind.,20131009,3860,3910,3850,3867,1.53049E+12,395747655,984,D,3796,3900
S*I. N. C. Ind.,20131008,3740,3840,3740,3796,1.34562E+12,354477628,657,D,3772,3800
S*I. N. C. Ind.,20131007,3782,3795,3701,3772,11562828800,3080558,596,D,3798,3769
S*I. N. C. Ind.,20131006,3840,3840,3770,3798,17435797581,4598496,815,D,3844,3790
S*I. N. C. Ind.,20131005,3920,3920,3800,3844,17310083992,4514131,800,D,3906,3840
S*I. N. C. Ind.,20131002,3958,3958,3860,3906,28633493485,7331392,1110,D,3984,3909
S*I. N. C. Ind.,20131001,3950,4044,3907,3984,24771199124,6217022,717,D,3925,4000
S*I. N. C. Ind.,20130930,3900,3970,3900,3925,16522438216,4208706,833,D,3922,3966
S*I. N. C. Ind.,20130929,3965,3965,3880,3922,15606092919,3975254,803,D,3908,3931
S*I. N. C. Ind.,20130928,3900,3950,3860,3908,28167060366,7206622,1042,D,3842,3930
S*I. N. C. Ind.,20130925,3829,3888,3753,3842,2.08434E+11,54245784,673,D,3838,3800
S*I. N. C. Ind.,20130924,3848,3910,3705,3838,7851410035,2046079,497,D,3839,3830
S*I. N. C. Ind.,20130923,3720,3880,3720,3839,5.91671E+11,154117155,843,D,3746,3870
S*I. N. C. Ind.,20130922,3897,3897,3703,3746,15673859172,4214091,867,D,3857,3740
S*I. N. C. Ind.,20130921,3850,3862,3803,3857,25943339304,6726270,1124,D,3714,3857
S*I. N. C. Ind.,20130918,3600,3750,3600,3714,18523447831,4981677,821,D,3627,3749
S*I. N. C. Ind.,20130917,3639,3720,3600,3627,9180380232,2519372,502,D,3612,3620
S*I. N. C. Ind.,20130916,3648,3648,3569,3612,12696368274,3536988,480,D,3659,3620
S*I. N. C. Ind.,20130915,3699,3750,3560,3659,18568498273,5074657,709,D,3648,3600
S*I. N. C. Ind.,20130914,3660,3662,3601,3648,36752831536,10073713,1122,D,3522,3662
S*I. N. C. Ind.,20130911,3589,3589,3589,3522,9662858506,2692354,192,D,3451,3589
S*I. N. C. Ind.,20130910,3465,3466,3450,3451,16049701554,4630746,291,D,3333,3466
S*I. N. C. Ind.,20130909,3455,3455,3290,3333,10692958263,3201961,597,D,3323,3319
S*I. N. C. Ind.,20130908,3312,3418,3312,3323,5323081513,1575215,450,D,3299,3385
S*I. N. C. Ind.,20130907,3297,3349,3297,3299,48622283029,14737744,871,D,3434,3321
S*I. N. C. Ind.,20130904,3567,3567,3431,3434,19110871154,5565906,849,D,3573,3431
S*I. N. C. Ind.,20130903,3604,3605,3500,3573,20150695413,5639530,839,D,3467,3599
S*I. N. C. Ind.,20130901,3449,3544,3449,3467,8853712919,2507178,602,D,3408,3544
S*I. N. C. Ind.,20130831,3370,3450,3370,3408,12592202955,3694301,736,D,3407,3440
S*I. N. C. Ind.,20130828,3410,3430,3405,3407,44525708848,13070687,1247,D,3546,3405
S*I. N. C. Ind.,20130827,3689,3740,3455,3546,58633293316,16534950,2156,D,3598,3455
S*I. N. C. Ind.,20130826,3600,3700,3530,3598,17180171515,4782687,821,D,3668,3700
S*I. N. C. Ind.,20130825,3720,3728,3600,3668,14242282342,3906084,861,D,3735,3602
S*I. N. C. Ind.,20130824,3750,3750,3700,3735,15256657531,4102512,775,D,3796,3724
S*I. N. C. Ind.,20130821,3700,3875,3700,3796,31673794039,8343766,1057,D,3726,3712
S*I. N. C. Ind.,20130820,3850,3850,3709,3726,27436889899,7363492,1163,D,3863,3710
S*I. N. C. Ind.,20130819,3869,3899,3810,3863,20713903745,5361864,848,D,3852,3840
S*I. N. C. Ind.,20130818,3884,3908,3770,3852,29605551490,7686704,1163,D,3872,3869
S*I. N. C. Ind.,20130817,3883,3884,3800,3872,46920298854,12118756,1549,D,3735,3850
S*I. N. C. Ind.,20130814,3700,3832,3611,3735,1.36833E+11,36632800,1291,D,3725,3735
S*I. N. C. Ind.,20130813,3840,3840,3608,3725,65590020047,17606106,2078,D,3758,3710
S*I. N. C. Ind.,20130812,3748,3791,3665,3758,64730639772,17223997,2222,D,3646,3791
S*I. N. C. Ind.,20130811,3646,3646,3550,3646,63514935333,17422470,1211,D,3506,3646
S*I. N. C. Ind.,20130807,3470,3549,3404,3506,28419882190,8105212,1193,D,3477,3520
S*I. N. C. Ind.,20130806,3479,3558,3380,3477,36745024956,10566899,1846,D,3465,3400
S*I. N. C. Ind.,20130805,3560,3560,3380,3465,41726863132,12042678,2064,D,3451,3420
S*I. N. C. Ind.,20130804,3372,3466,3372,3451,43237433727,12528820,1112,D,3333,3466
S*I. N. C. Ind.,20130803,3328,3338,3250,3333,73654761152,22099789,2118,D,3210,3338
S*I. N. C. Ind.,20130731,3230,3246,3160,3210,35202019427,10967439,1464,D,3196,3211
S*I. N. C. Ind.,20130729,3138,3237,3138,3196,26822483440,8392070,1221,D,3116,3185
S*I. N. C. Ind.,20130728,3136,3145,3100,3116,31198235918,10013107,786,D,3172,3131
S*I. N. C. Ind.,20130727,3230,3230,3080,3172,23726928009,7480583,1443,D,3129,3090
S*I. N. C. Ind.,20130724,3050,3136,3035,3129,56113627117,17933009,1381,D,3016,3136
S*I. N. C. Ind.,20130723,3001,3060,3000,3016,13614462370,4511153,821,D,3004,3027
S*I. N. C. Ind.,20130722,3000,3055,2982,3004,12232603959,4070814,745,D,3002,2982
S*I. N. C. Ind.,20130721,3060,3061,2975,3002,10878071361,3625615,754,D,3007,3000
S*I. N. C. Ind.,20130720,3000,3049,2983,3007,17549563211,5836616,899,D,2996,3000
S*I. N. C. Ind.,20130717,3000,3025,2969,2996,11303909951,3781016,828,D,3011,2969
S*I. N. C. Ind.,20130716,3050,3050,2970,3011,8187243920,2730912,619,D,3025,2979
S*I. N. C. Ind.,20130715,3040,3117,3003,3025,36812620306,12171455,681,D,3041,3040
S*I. N. C. Ind.,20130714,3003,3052,2979,3041,8388663292,2799073,659,D,3092,3000
S*I. N. C. Ind.,20130713,3160,3160,3041,3092,9160371137,2986528,708,D,3125,3045
S*I. N. C. Ind.,20130710,3060,3170,3060,3125,16772175457,5366481,918,D,3072,3100
S*I. N. C. Ind.,20130709,3090,3090,3050,3072,13824767703,4509326,998,D,3112,3060
S*I. N. C. Ind.,20130708,3159,3159,3094,3112,15233886385,4906605,838,D,3222,3094
S*I. N. C. Ind.,20130707,3295,3330,3160,3222,29140348292,9043367,1570,D,3263,3165
S*I. N. C. Ind.,20130706,3235,3296,3160,3263,37430598732,11470463,1948,D,3170,3268
S*I. N. C. Ind.,20130703,3120,3210,3080,3170,19549471141,6167536,1108,D,3133,3151
S*I. N. C. Ind.,20130702,3180,3180,3074,3133,19405024800,6194572,1371,D,3196,3100
S*I. N. C. Ind.,20130701,3220,3220,3150,3196,38916915266,12176830,1989,D,3108,3170
S*I. N. C. Ind.,20130630,3049,3131,3039,3108,79712806608,25646064,2651,D,3011,3131
S*I. N. C. Ind.,20130629,3049,3049,2988,3011,39279799878,13045891,1939,D,2985,3017
S*I. N. C. Ind.,20130626,2943,3019,2943,2985,36712104093,12300659,2065,D,2953,3000
S*I. N. C. Ind.,20130625,3000,3039,2942,2953,26975118130,9135003,1418,D,3064,2942
S*I. N. C. Ind.,20130623,3060,3144,3050,3064,30862873832,10074126,1781,D,3177,3050
S*I. N. C. Ind.,20130622,3219,3219,3175,3177,22988363283,7234984,776,D,3307,3175
S*I. N. C. Ind.,20130619,3360,3360,3270,3307,1.77844E+12,537708746,1690,D,3365,3288
S*I. N. C. Ind.,20130618,3366,3366,3240,3365,3.95622E+12,1175627539,4533,D,3237,3366
S*I. N. C. Ind.,20130617,3230,3299,3125,3237,66416810201,20518996,3077,D,3175,3290
S*I. N. C. Ind.,20130616,3200,3280,3118,3175,63574080561,20021644,2462,D,2872,3150
S*I. N. C. Ind.,20130615,0,0,0,2872,0,0,0,D,2872,5750
S*I. N. C. Ind.,20130612,0,0,0,2872,0,0,0,D,2872,5750
S*I. N. C. Ind.,20130611,0,0,0,2872,0,0,0,D,2872,5750
S*I. N. C. Ind.,20130610,0,0,0,2872,0,0,0,D,2872,5750
S*I. N. C. Ind.,20130609,0,0,0,4774,0,0,0,D,4774,5750
S*I. N. C. Ind.,20130608,0,0,0,5794,0,0,0,D,5794,5750
S*I. N. C. Ind.,20130603,0,0,0,5794,0,0,0,D,5794,5750
S*I. N. C. Ind.,20130602,5900,5900,5704,5794,79537612181,13727705,1848,D,5896,5750
S*I. N. C. Ind.,20130601,6150,6150,5742,5896,21617285834,3688678,820,D,5981,5830
S*I. N. C. Ind.,20130529,5982,5982,5900,5981,49203542416,8226761,917,D,5752,5982
S*I. N. C. Ind.,20130528,5787,5831,5682,5752,23053132106,3976841,483,D,5607,5831
S*I. N. C. Ind.,20130527,5659,5659,5586,5607,21835133214,3900515,555,D,5633,5608
S*I. N. C. Ind.,20130526,5799,5799,5581,5633,21189155098,3770263,469,D,5667,5605
S*I. N. C. Ind.,20130525,5590,5780,5590,5667,17561474591,3066028,321,D,5580,5699
S*I. N. C. Ind.,20130522,5467,5600,5450,5580,11624039431,2089979,271,D,5593,5578
S*I. N. C. Ind.,20130521,5557,5614,5450,5593,9026033611,1623245,319,D,5607,5600
S*I. N. C. Ind.,20130520,5599,5610,5455,5607,10775496109,1933651,364,D,5627,5600
S*I. N. C. Ind.,20130519,5448,5630,5448,5627,10844097129,1954621,256,D,5674,5600
S*I. N. C. Ind.,20130518,5591,5600,5506,5674,8062179033,1461296,337,D,5735,5506
S*I. N. C. Ind.,20130515,5690,5805,5581,5735,11763742527,2088646,400,D,5804,5668
S*I. N. C. Ind.,20130514,5750,5750,5648,5804,10196985160,1803137,413,D,5883,5660
S*I. N. C. Ind.,20130513,5899,5899,5716,5883,9456893800,1646525,387,D,5948,5740
S*I. N. C. Ind.,20130512,6051,6051,5770,5948,11436125914,1932364,482,D,5966,5830
S*I. N. C. Ind.,20130511,5832,6039,5832,5966,1.34998E+11,22626435,448,D,5860,5900
S*I. N. C. Ind.,20130508,5752,5850,5705,5860,11177808500,1937137,439,D,5913,5820
S*I. N. C. Ind.,20130507,6000,6000,5748,5913,12042312199,2075926,449,D,5987,5900
S*I. N. C. Ind.,20130506,6010,6098,5950,5987,22598029160,3778338,619,D,6004,5955
S*I. N. C. Ind.,20130505,6045,6045,5831,6004,36494854630,6078901,1040,D,5813,6020
S*I. N. C. Ind.,20130504,5800,5898,5730,5813,20627863868,3506798,324,D,5672,5898
S*I. N. C. Ind.,20130501,5668,5708,5601,5672,33352384021,5879702,680,D,5680,5650
S*I. N. C. Ind.,20130430,5770,5770,5602,5680,14907003104,2626360,498,D,5684,5641
S*I. N. C. Ind.,20130429,5500,5803,5452,5684,19954239777,3478549,795,D,5580,5760
S*I. N. C. Ind.,20130428,5610,5610,5400,5580,8834426931,1599134,469,D,5604,5499
S*I. N. C. Ind.,20130427,5562,5629,5560,5604,31127356835,5554980,694,D,5547,5620
S*I. N. C. Ind.,20130424,5639,5639,5500,5547,23009137833,4148610,724,D,5551,5548
S*I. N. C. Ind.,20130423,5669,5669,5480,5551,23579285778,4247441,805,D,5547,5555
S*I. N. C. Ind.,20130422,5465,5613,5450,5547,25256124745,4535225,913,D,5398,5552
S*I. N. C. Ind.,20130421,5327,5549,5220,5398,35918293706,6654052,1009,D,5336,5440
S*I. N. C. Ind.,20130420,5401,5401,5330,5336,46426828045,8701125,979,D,5552,5344
S*I. N. C. Ind.,20130417,5601,5620,5451,5552,18958915522,3434853,676,D,5615,5469
S*I. N. C. Ind.,20130416,5680,5680,5525,5615,21655030508,3868392,738,D,5663,5600
S*I. N. C. Ind.,20130415,5630,5727,5582,5663,22767337683,4012553,617,D,5624,5678
S*I. N. C. Ind.,20130413,5702,5749,5613,5624,35769535738,6359956,914,D,5846,5650
S*I. N. C. Ind.,20130410,5928,5928,5776,5846,21960253099,3770568,749,D,5905,5830
S*I. N. C. Ind.,20130409,5970,5980,5865,5905,30016692586,5082806,699,D,5900,5882
S*I. N. C. Ind.,20130408,5997,5997,5850,5900,28112697769,4774853,620,D,6041,5901
S*I. N. C. Ind.,20130407,5998,6000,5900,6041,13374784272,2251863,389,D,6119,5960
S*I. N. C. Ind.,20130406,6109,6109,5970,6119,9683213850,1615087,415,D,6174,5972
S*I. N. C. Ind.,20130403,6200,6200,6072,6174,9643404355,1575769,366,D,6197,6130
S*I. N. C. Ind.,20130331,6210,6295,6152,6197,6728784494,1085601,337,D,6197,6225
S*I. N. C. Ind.,20130330,6204,6206,6120,6197,8209790723,1329049,337,D,6204,6170
S*I. N. C. Ind.,20130327,6270,6270,6110,6204,33992630867,5479364,923,D,6029,6137
S*I. N. C. Ind.,20130326,6102,6102,6102,6029,21907613970,3590235,109,D,5868,6102
S*I. N. C. Ind.,20130325,6059,6059,6059,5868,5637087594,930366,98,D,5826,6059
S*I. N. C. Ind.,20130318,5829,5946,5740,5826,28458767227,4878392,597,D,5718,5946
S*I. N. C. Ind.,20130317,5769,5769,5688,5718,35043303119,6128811,649,D,5895,5749
S*I. N. C. Ind.,20130316,6019,6019,5772,5895,9691107427,1659191,443,D,5920,5772
S*I. N. C. Ind.,20130313,5900,6001,5870,5920,53944596815,9111579,792,D,5805,5880
S*I. N. C. Ind.,20130312,5801,5850,5700,5805,96071927555,16551131,1053,D,5776,5770
S*I. N. C. Ind.,20130311,5900,5910,5712,5776,58036234041,10047341,577,D,5896,5719
S*I. N. C. Ind.,20130310,5690,6007,5690,5896,64361592908,10915762,883,D,5778,5850
S*I. N. C. Ind.,20130309,5960,5960,5716,5778,89987184773,15575088,1025,D,5954,5716
S*I. N. C. Ind.,20130306,6000,6099,5872,5954,31924270010,5361903,546,D,6006,5872
S*I. N. C. Ind.,20130305,5952,6011,5900,6006,24778358157,4134989,500,D,6056,6011
S*I. N. C. Ind.,20130304,6130,6200,5953,6056,41884657927,6916633,645,D,6115,5982
S*I. N. C. Ind.,20130303,6100,6150,6080,6115,3.46298E+11,56634875,641,D,6116,6140
S*I. N. C. Ind.,20130302,6380,6380,6102,6116,42735828917,6987436,971,D,6356,6140
S*I. N. C. Ind.,20130227,6452,6504,6353,6356,15654283801,2431293,515,D,6284,6430
S*I. N. C. Ind.,20130226,6205,6451,6205,6284,12861415514,2004961,441,D,6203,6451
S*I. N. C. Ind.,20130225,6112,6200,6112,6203,13228399857,2150533,368,D,6240,6165
S*I. N. C. Ind.,20130224,6172,6300,6172,6240,50638796035,8115413,769,D,6314,6200
S*I. N. C. Ind.,20130223,6470,6470,6310,6314,1.40622E+11,22271374,1737,D,6572,6310
S*I. N. C. Ind.,20130220,6599,6649,6400,6572,12440310341,1892957,238,D,6930,6649
S*I. N. C. Ind.,20130219,0,0,0,6930,0,0,0,D,6930,6858
S*I. N. C. Ind.,20130218,6920,6991,6830,6930,23841619728,3444324,525,D,6947,6858
S*I. N. C. Ind.,20130217,6950,6997,6900,6947,32273489620,4653810,565,D,7050,6905
S*I. N. C. Ind.,20130216,7017,7057,6950,7050,4.03753E+11,57271904,723,D,7057,7000
S*I. N. C. Ind.,20130213,7050,7080,7000,7057,22660066411,3219675,608,D,7089,7030
S*I. N. C. Ind.,20130212,7100,7230,7050,7089,3.75019E+11,52901669,584,D,7052,7080
S*I. N. C. Ind.,20130211,7100,7100,6970,7052,25036575012,3552519,540,D,7060,7070
S*I. N. C. Ind.,20130209,7179,7179,6990,7060,22828931857,3251125,536,D,7124,7040
S*I. N. C. Ind.,20130206,6955,7200,6955,7124,3.74983E+11,52634750,619,D,7005,7120
S*I. N. C. Ind.,20130205,6882,7138,6880,7005,3.62114E+11,51691076,428,D,7006,6950
S*I. N. C. Ind.,20130204,7010,7050,6882,7006,21145908858,3057408,534,D,7134,6900
S*I. N. C. Ind.,20130203,7151,7300,7050,7134,12381040483,1736261,543,D,7135,7081
S*I. N. C. Ind.,20130202,7080,7143,7060,7135,52497363065,7357482,887,D,6869,7140
S*I. N. C. Ind.,20130130,7000,7000,6791,6869,15616273970,2272373,354,D,6866,6939
S*I. N. C. Ind.,20130128,6700,7000,6700,6866,25155773474,3660333,605,D,6850,6934
S*I. N. C. Ind.,20130127,6999,6999,6807,6850,3.07912E+11,44953115,919,D,7090,6840
S*I. N. C. Ind.,20130126,7275,7275,7000,7090,31832740101,4482410,781,D,7016,7000
S*I. N. C. Ind.,20130123,6906,7017,6906,7016,1.29567E+11,18467068,898,D,6748,7017
S*I. N. C. Ind.,20130122,6820,6900,6735,6748,58257497235,8633375,966,D,7015,6780
S*I. N. C. Ind.,20130121,7240,7240,6911,7015,38834299158,5535848,1133,D,7197,6968
S*I. N. C. Ind.,20130120,7153,7259,7130,7197,81452040429,11317741,1379,D,7393,7151
S*I. N. C. Ind.,20130119,7393,7450,7393,7393,1.65969E+11,22448784,1293,D,7701,7393
S*I. N. C. Ind.,20130116,7768,7819,7605,7701,87062664626,11305503,1377,D,7853,7605
S*I. N. C. Ind.,20130115,7890,7998,7715,7853,1.75621E+11,22364749,1412,D,7854,7740
S*I. N. C. Ind.,20130114,7790,7999,7743,7854,1.75973E+11,22404300,1533,D,7813,7806
S*I. N. C. Ind.,20130113,7701,7890,7701,7813,1.124E+11,14385670,985,D,7736,7777
S*I. N. C. Ind.,20130109,7790,7850,7685,7736,39557212396,5114267,929,D,7813,7720
S*I. N. C. Ind.,20130108,7821,7929,7775,7813,31099226004,3965868,754,D,7723,7780
S*I. N. C. Ind.,20130107,7600,7790,7546,7723,49731786545,6439556,1008,D,7662,7750
S*I. N. C. Ind.,20130106,7899,7899,7578,7662,48970738687,6391781,990,D,7860,7599
S*I. N. C. Ind.,20130102,8000,8000,7791,7860,43010146365,5471940,1147,D,8041,7897
S*I. N. C. Ind.,20130101,8151,8195,7991,8041,51257101227,6374680,1158,D,8051,8000
S*I. N. C. Ind.,20121231,7850,8138,7850,8051,75986862017,9437978,1426,D,7825,8138
S*I. N. C. Ind.,20121230,7980,8001,7770,7825,73838165616,9436213,1324,D,8093,7800
S*I. N. C. Ind.,20121229,8230,8230,7970,8093,82989588775,10254977,1331,D,8240,8000
S*I. N. C. Ind.,20121226,8050,8367,7930,8240,1.86535E+11,22639032,2294,D,8047,8150
S*I. N. C. Ind.,20121225,8250,8250,7758,8047,1.36742E+11,16993094,2189,D,8081,8031
S*I. N. C. Ind.,20121224,8080,8082,8001,8081,3.08764E+11,38210537,2508,D,7772,8082
S*I. N. C. Ind.,20121223,7700,7864,7700,7772,8.5191E+11,109619416,2677,D,7562,7864
S*I. N. C. Ind.,20121222,7601,7800,7496,7562,2.96603E+11,39221798,1176,D,7698,7610
S*I. N. C. Ind.,20121219,7498,7812,7370,7698,93553123391,12152299,1411,D,7512,7590
S*I. N. C. Ind.,20121218,7530,7649,7352,7512,65514348826,8720991,1147,D,7467,7490
S*I. N. C. Ind.,20121217,7300,7473,7275,7467,1.78132E+11,23855065,1380,D,7186,7473
S*I. N. C. Ind.,20121216,7120,7300,7103,7186,1.32747E+11,18471858,1024,D,7131,7202
S*I. N. C. Ind.,20121215,7077,7247,7077,7131,1.71297E+11,24020290,672,D,7154,7135
S*I. N. C. Ind.,20121212,7290,7290,7020,7154,57353279796,8016723,854,D,7286,7100
S*I. N. C. Ind.,20121211,7350,7390,7230,7286,39489466942,5420231,827,D,7267,7250
S*I. N. C. Ind.,20121210,7250,7450,7204,7267,1.50571E+11,20720801,920,D,7262,7273
S*I. N. C. Ind.,20121209,7280,7339,7140,7262,1.25598E+12,172953665,1065,D,7287,7280
S*I. N. C. Ind.,20121208,7200,7359,7174,7287,2.82545E+11,38774821,2245,D,7076,7200
S*I. N. C. Ind.,20121205,6900,7170,6890,7076,4.82778E+11,68232195,1666,D,6943,7027
S*I. N. C. Ind.,20121204,6900,6975,6880,6943,1.89142E+11,27243565,756,D,6872,6930
S*I. N. C. Ind.,20121203,6850,6980,6725,6872,43838510364,6379179,769,D,6873,6877
S*I. N. C. Ind.,20121202,6700,6896,6700,6873,1.6613E+11,24170813,1571,D,6631,6789
S*I. N. C. Ind.,20121201,6560,6700,6533,6631,64875137774,9783075,860,D,6493,6665
S*I. N. C. Ind.,20121128,6501,6540,6400,6493,90074264360,13873000,814,D,6534,6500
S*I. N. C. Ind.,20121127,6550,6599,6490,6534,51964509054,7953395,697,D,6472,6490
S*I. N. C. Ind.,20121126,6217,6512,6217,6472,55747608225,8613587,749,D,6262,6502
S*I. N. C. Ind.,20121121,6250,6350,6230,6262,15248500364,2431669,340,D,6255,6261
S*I. N. C. Ind.,20121120,6100,6350,6090,6255,38645552274,6177946,478,D,6217,6260
S*I. N. C. Ind.,20121119,6396,6396,6161,6217,34598860882,5565105,624,D,6411,6181
S*I. N. C. Ind.,20121118,6430,6450,6379,6411,57434094044,8959353,685,D,6493,6405
S*I. N. C. Ind.,20121117,6599,6599,6381,6493,19231608661,2971537,414,D,6522,6460
S*I. N. C. Ind.,20121114,6580,6600,6501,6522,9.8087E+11,150394401,3585,D,6519,6590
S*I. N. C. Ind.,20121113,6470,6580,6440,6519,78118674815,11983829,1315,D,6468,6550
S*I. N. C. Ind.,20121112,6400,6495,6310,6468,1.09102E+12,168679427,907,D,6470,6473
S*I. N. C. Ind.,20121111,6500,6537,6391,6470,95874907319,14819370,1114,D,6598,6470
S*I. N. C. Ind.,20121110,6700,6798,6380,6598,1.73696E+11,26326804,2066,D,6631,6536
S*I. N. C. Ind.,20121107,6632,6632,6602,6631,1.90092E+11,28666299,1499,D,6377,6632
S*I. N. C. Ind.,20121106,6420,6490,6289,6377,3.10303E+11,48660270,2794,D,6104,6490
S*I. N. C. Ind.,20121105,0,0,0,6104,0,0,0,D,6104,6195
S*I. N. C. Ind.,20121104,0,0,0,6104,0,0,0,D,6104,6195
S*I. N. C. Ind.,20121031,0,0,0,6104,0,0,0,D,6104,6195
S*I. N. C. Ind.,20121030,0,0,0,6104,0,0,0,D,6104,6195
S*I. N. C. Ind.,20121029,0,0,0,6104,0,0,0,D,6104,6195
S*I. N. C. Ind.,20121028,0,0,0,6104,0,0,0,D,6104,6195
S*I. N. C. Ind.,20121027,0,0,0,6104,0,0,0,D,6104,6195
S*I. N. C. Ind.,20121024,0,0,0,6104,0,0,0,D,6104,6195
S*I. N. C. Ind.,20121023,0,0,0,6104,0,0,0,D,6104,6195
S*I. N. C. Ind.,20121022,0,0,0,6104,0,0,0,D,6104,6195
S*I. N. C. Ind.,20121021,0,0,0,6104,0,0,0,D,6104,6195
S*I. N. C. Ind.,20121020,6195,6195,6195,6104,19909918455,3213869,102,D,5957,6195
S*I. N. C. Ind.,20121017,5800,6013,5800,5957,70644402309,11858133,1305,D,5782,6013
S*I. N. C. Ind.,20121016,5580,5812,5578,5782,88049924691,15229226,1273,D,5589,5799
S*I. N. C. Ind.,20121015,5482,5613,5479,5589,58738050043,10510038,934,D,5398,5600
S*I. N. C. Ind.,20121014,5120,5483,5120,5398,37482176662,6943434,771,D,5273,5460
S*I. N. C. Ind.,20121013,5400,5400,5220,5273,38837939470,7364864,758,D,5435,5226
S*I. N. C. Ind.,20121010,5461,5480,5404,5435,54326927665,9995023,685,D,5513,5465
S*I. N. C. Ind.,20121009,5598,5598,5460,5513,37096410206,6728531,889,D,5527,5505
S*I. N. C. Ind.,20121008,5520,5599,5452,5527,83897036549,15179922,1215,D,5409,5550
S*I. N. C. Ind.,20121007,5301,5490,5301,5409,79635834466,14721824,1372,D,5311,5480
S*I. N. C. Ind.,20121006,5400,5432,5236,5311,49140199155,9253221,878,D,5407,5256
S*I. N. C. Ind.,20121003,5410,5410,5312,5407,1.62585E+11,30069105,1572,D,5202,5371
S*I. N. C. Ind.,20121002,5200,5388,5060,5202,68564115209,13180494,1209,D,5250,5312
S*I. N. C. Ind.,20121001,5440,5440,5224,5250,36455816557,6944086,858,D,5441,5224
S*I. N. C. Ind.,20120930,5536,5536,5201,5441,1.25996E+11,23156876,1576,D,5324,5400
S*I. N. C. Ind.,20120929,5319,5325,5223,5324,81796388564,15364969,916,D,5121,5325
S*I. N. C. Ind.,20120926,4988,5129,4988,5121,75636474838,14770494,848,D,4932,5129
S*I. N. C. Ind.,20120925,4852,4988,4852,4932,25150869422,5098154,524,D,4874,4980
S*I. N. C. Ind.,20120924,4810,4900,4809,4874,22185311301,4554001,505,D,4887,4850
S*I. N. C. Ind.,20120923,5020,5020,4770,4887,29520374521,6041007,743,D,4859,4780
S*I. N. C. Ind.,20120922,4700,4922,4700,4859,49090695923,10104032,841,D,4733,4922
S*I. N. C. Ind.,20120919,4700,4789,4650,4733,17623806767,3741022,442,D,4789,4660
S*I. N. C. Ind.,20120918,4810,4929,4730,4789,29033775106,6063030,672,D,4762,4744
S*I. N. C. Ind.,20120917,4680,4788,4621,4762,49787051857,10454767,960,D,4604,4788
S*I. N. C. Ind.,20120916,4621,4630,4558,4604,2.84986E+11,61896720,1025,D,4619,4627
S*I. N. C. Ind.,20120915,4621,4621,4556,4619,1.00597E+11,21779178,913,D,4444,4580
S*I. N. C. Ind.,20120911,4442,4449,4370,4444,2.66596E+11,59984232,832,D,4278,4447
S*I. N. C. Ind.,20120910,4198,4354,4187,4278,18155677100,4223174,489,D,4187,4354
S*I. N. C. Ind.,20120909,4249,4250,4083,4187,10614824814,2562405,380,D,4230,4190
S*I. N. C. Ind.,20120908,4190,4262,4140,4230,30590801226,7232115,624,D,4099,4210
S*I. N. C. Ind.,20120905,4103,4103,4020,4099,2.28958E+11,55863051,457,D,3946,4035
S*I. N. C. Ind.,20120904,4020,4050,4002,3946,7334873312,1814585,207,D,3895,4050
S*I. N. C. Ind.,20120903,3890,3989,3866,3895,9018543330,2270733,299,D,3836,3989
S*I. N. C. Ind.,20120902,3899,3920,3830,3836,10488108844,2712872,392,D,3803,3900
S*I. N. C. Ind.,20120827,3811,3811,3811,3803,18714224191,4910581,187,D,3665,3811
S*I. N. C. Ind.,20120826,3807,3807,3807,3665,493147359,129537,15,D,3661,3807
S*I. N. C. Ind.,20120825,3803,3803,3803,3661,600862591,157997,15,D,3657,3803
S*I. N. C. Ind.,20120822,3796,3796,3796,3657,923141648,243188,23,D,3650,3796
S*I. N. C. Ind.,20120821,3750,3786,3750,3650,1338481616,354398,59,D,3641,3786
S*I. N. C. Ind.,20120818,3623,3750,3623,3641,2290830662,618880,126,D,3633,3750
S*I. N. C. Ind.,20120815,3607,3670,3600,3633,4915471436,1356840,124,D,3636,3622
S*I. N. C. Ind.,20120814,3598,3698,3580,3636,2931416311,809291,136,D,3639,3609
S*I. N. C. Ind.,20120813,3600,3640,3570,3639,2.05528E+11,56477305,121,D,3566,3570
S*I. N. C. Ind.,20120812,3600,3650,3575,3566,5058318739,1405050,149,D,3553,3575
S*I. N. C. Ind.,20120811,3579,3646,3560,3553,3110134221,865559,168,D,3545,3645
S*I. N. C. Ind.,20120808,3499,3548,3456,3545,4540336630,1300832,203,D,3563,3519
S*I. N. C. Ind.,20120807,3512,3520,3470,3563,4138749381,1187646,139,D,3586,3470
S*I. N. C. Ind.,20120806,3488,3578,3488,3586,2854529189,808199,154,D,3596,3559
S*I. N. C. Ind.,20120805,3543,3550,3543,3596,11764389084,3320254,239,D,3690,3543
S*I. N. C. Ind.,20120804,3725,3725,3578,3690,4865844785,1357955,159,D,3727,3578
S*I. N. C. Ind.,20120801,3797,3797,3700,3727,3443356906,924864,131,D,3728,3700
S*I. N. C. Ind.,20120731,3680,3779,3680,3728,59516100300,15964555,176,D,3719,3771
S*I. N. C. Ind.,20120730,3718,3785,3718,3719,21383025188,5750004,486,D,3872,3718
S*I. N. C. Ind.,20120729,3799,3799,3744,3872,3565900092,951964,112,D,3900,3744
S*I. N. C. Ind.,20120728,3885,3885,3769,3900,4098447029,1078481,155,D,3926,3789
S*I. N. C. Ind.,20120725,3860,3870,3848,3926,3483789793,903040,146,D,3940,3870
S*I. N. C. Ind.,20120724,3888,3888,3853,3940,1715135650,443887,124,D,3947,3862
S*I. N. C. Ind.,20120723,3899,3899,3860,3947,1660544596,428364,111,D,3953,3890
S*I. N. C. Ind.,20120722,3900,3940,3870,3953,4961587212,1271172,197,D,3969,3899
S*I. N. C. Ind.,20120721,3970,3970,3906,3969,1213161854,308767,81,D,3971,3919
S*I. N. C. Ind.,20120718,3944,3999,3910,3971,9195850848,2314371,211,D,3970,3980
S*I. N. C. Ind.,20120717,3980,3998,3886,3970,26122815793,6580706,303,D,4004,3937
S*I. N. C. Ind.,20120716,3999,3999,3922,4004,3152555992,799082,116,D,4015,3928
S*I. N. C. Ind.,20120715,4007,4040,3970,4015,4603661497,1151307,169,D,4019,3972
S*I. N. C. Ind.,20120714,4041,4085,4021,4019,5351318796,1324605,186,D,4012,4030
S*I. N. C. Ind.,20120711,3990,4095,3990,4012,10416559212,2581486,237,D,3990,4095
S*I. N. C. Ind.,20120710,3961,3995,3950,3990,27132893112,6799886,390,D,4000,3988
S*I. N. C. Ind.,20120709,3999,3999,3971,4000,10375895766,2603286,235,D,4015,3984
S*I. N. C. Ind.,20120708,3995,4000,3950,4015,10781855608,2702805,265,D,4042,4000
S*I. N. C. Ind.,20120707,4040,4040,3960,4042,6961960278,1742881,191,D,4066,4000
S*I. N. C. Ind.,20120704,4070,4079,4008,4066,75139744098,18479623,423,D,4036,4055
S*I. N. C. Ind.,20120703,4022,4115,4022,4036,30147640356,7469502,414,D,3959,4039
S*I. N. C. Ind.,20120702,0,0,0,3959,0,0,0,D,3959,4590
S*I. N. C. Ind.,20120701,0,0,0,3959,0,0,0,D,3959,4590
S*I. N. C. Ind.,20120630,0,0,0,3959,0,0,0,D,3959,4590
S*I. N. C. Ind.,20120627,0,0,0,3959,0,0,0,D,3959,4590
S*I. N. C. Ind.,20120626,0,0,0,3959,0,0,0,D,3959,4590
S*I. N. C. Ind.,20120625,0,0,0,4659,0,0,0,D,4659,4590
S*I. N. C. Ind.,20120624,0,0,0,4659,0,0,0,D,4659,4590
S*I. N. C. Ind.,20120623,0,0,0,4659,0,0,0,D,4659,4590
S*I. N. C. Ind.,20120620,4697,4719,4560,4659,45975363396,9868149,765,D,4717,4590
S*I. N. C. Ind.,20120619,4700,4725,4694,4717,12239360560,2603211,300,D,4733,4700
S*I. N. C. Ind.,20120617,4727,4728,4700,4733,10575628743,2241020,254,D,4744,4720
S*I. N. C. Ind.,20120616,4728,4747,4725,4744,6575666622,1390064,246,D,4749,4736
S*I. N. C. Ind.,20120613,4700,4760,4700,4749,14980786482,3158174,319,D,4757,4750
S*I. N. C. Ind.,20120612,4770,4770,4691,4757,4.8448E+11,101837916,393,D,4757,4705
S*I. N. C. Ind.,20120611,4762,4770,4703,4757,25239175003,5305780,470,D,4639,4760
S*I. N. C. Ind.,20120610,0,0,0,4639,0,0,0,D,4639,4580
S*I. N. C. Ind.,20120609,0,0,0,4639,0,0,0,D,4639,4580
S*I. N. C. Ind.,20120606,0,0,0,4639,0,0,0,D,4639,4580
S*I. N. C. Ind.,20120605,0,0,0,4639,0,0,0,D,4639,4580
S*I. N. C. Ind.,20120602,0,0,0,4639,0,0,0,D,4639,4580
S*I. N. C. Ind.,20120530,4600,4650,4579,4639,7076331247,1541139,159,D,4659,4580
S*I. N. C. Ind.,20120529,4585,4650,4582,4659,2545860563,552738,140,D,4665,4620
S*I. N. C. Ind.,20120528,4665,4680,4573,4665,7104787403,1537716,151,D,4684,4608
S*I. N. C. Ind.,20120527,4652,4690,4650,4684,4034559079,866695,137,D,4690,4690
S*I. N. C. Ind.,20120526,4734,4734,4621,4690,2512939694,540361,128,D,4695,4656
S*I. N. C. Ind.,20120523,4701,4780,4701,4695,7084823661,1493454,197,D,4676,4721
S*I. N. C. Ind.,20120522,4750,4790,4680,4676,3101564777,655241,157,D,4668,4700
S*I. N. C. Ind.,20120521,4611,4745,4610,4668,69366367440,14858835,170,D,4666,4733
S*I. N. C. Ind.,20120520,4560,4620,4550,4666,2901317886,632403,133,D,4677,4600
S*I. N. C. Ind.,20120519,4640,4641,4580,4677,3722654960,811033,163,D,4693,4580
S*I. N. C. Ind.,20120516,4680,4680,4600,4693,5442589873,1173858,169,D,4709,4650
S*I. N. C. Ind.,20120515,4740,4740,4681,4709,16239925709,3461002,431,D,4741,4691
S*I. N. C. Ind.,20120514,4692,4799,4680,4741,8233204980,1737776,236,D,4742,4738
S*I. N. C. Ind.,20120513,4700,4710,4670,4742,8206862931,1751488,214,D,4771,4685
S*I. N. C. Ind.,20120512,4735,4768,4675,4771,9550009081,2029882,236,D,4813,4675
S*I. N. C. Ind.,20120509,4750,4792,4723,4813,9117622544,1910329,214,D,4836,4770
S*I. N. C. Ind.,20120508,4800,4810,4761,4836,6399906761,1333525,197,D,4848,4800
S*I. N. C. Ind.,20120507,4850,4850,4790,4848,8196219553,1705459,259,D,4868,4790
S*I. N. C. Ind.,20120506,4850,4897,4801,4868,9563223413,1976442,203,D,4886,4837
S*I. N. C. Ind.,20120505,4899,4899,4850,4886,7510903941,1542969,217,D,4894,4853
S*I. N. C. Ind.,20120502,4965,4966,4845,4894,11269867468,2304176,225,D,4896,4910
S*I. N. C. Ind.,20120501,4930,4940,4888,4896,9244677121,1887119,223,D,4894,4888
S*I. N. C. Ind.,20120430,4870,4945,4870,4894,6038645578,1230272,205,D,4890,4945
S*I. N. C. Ind.,20120429,4947,4947,4870,4890,7741733923,1581396,267,D,4888,4940
S*I. N. C. Ind.,20120428,4993,5000,4852,4888,41002592688,8388097,3195,D,4975,4959
S*I. N. C. Ind.,20120424,4940,4980,4920,4975,10255631261,2065095,275,D,4980,4970
S*I. N. C. Ind.,20120423,4971,4980,4930,4980,13606377875,2748768,324,D,5013,4944
S*I. N. C. Ind.,20120422,5000,5000,4961,5013,6784286330,1361916,239,D,5024,4980
S*I. N. C. Ind.,20120421,5011,5050,4972,5024,7762945580,1545585,259,D,5024,4993
S*I. N. C. Ind.,20120418,5020,5075,5010,5024,14042327942,2788802,351,D,5011,5026
S*I. N. C. Ind.,20120417,5004,5046,5001,5011,36403465584,7264496,331,D,5030,5042
S*I. N. C. Ind.,20120416,5099,5099,4963,5030,31380800953,6238694,535,D,5143,5061
S*I. N. C. Ind.,20120415,5200,5200,5122,5143,24102637812,4679492,551,D,5075,5140
S*I. N. C. Ind.,20120414,5021,5100,5021,5075,9459656143,1865932,344,D,5078,5057
S*I. N. C. Ind.,20120411,5020,5079,5015,5078,14513008762,2873423,415,D,5112,5075
S*I. N. C. Ind.,20120410,5090,5219,5051,5112,37825421631,7399458,920,D,5049,5086
S*I. N. C. Ind.,20120409,4995,5090,4995,5049,32569015873,6450660,578,D,5003,5040
S*I. N. C. Ind.,20120408,4901,5045,4901,5003,46343128155,9263411,677,D,4931,4980
S*I. N. C. Ind.,20120407,4900,4985,4851,4931,12521761095,2552050,346,D,4955,4944
S*I. N. C. Ind.,20120404,4900,5068,4873,4955,12699582372,2565063,293,D,4959,4905
S*I. N. C. Ind.,20120403,4950,4950,4867,4959,9092696543,1856153,259,D,4993,4904
S*I. N. C. Ind.,20120402,5096,5096,4910,4993,7205814066,1444505,259,D,4995,4929
S*I. N. C. Ind.,20120328,5001,5050,4983,4995,13613360023,2713740,366,D,4972,5050
S*I. N. C. Ind.,20120327,4901,5020,4901,4972,12321867426,2465889,375,D,4949,5020
S*I. N. C. Ind.,20120326,5000,5000,4862,4949,4839633006,984224,240,D,4956,4900
S*I. N. C. Ind.,20120325,5105,5108,4913,4956,14691439974,2949475,403,D,4923,5000
S*I. N. C. Ind.,20120324,4866,4993,4857,4923,18531340081,3727038,272,D,4801,4993
S*I. N. C. Ind.,20120318,4800,4859,4790,4801,2.84789E+11,59323544,655,D,4776,4800
S*I. N. C. Ind.,20120317,4760,4850,4760,4776,28153130554,5895174,286,D,4718,4820
S*I. N. C. Ind.,20120314,4688,4840,4688,4718,10301413490,2152850,282,D,4671,4730
S*I. N. C. Ind.,20120313,4600,4689,4600,4671,8005316169,1718364,202,D,4677,4682
S*I. N. C. Ind.,20120312,4686,4689,4600,4677,85191642135,18216129,243,D,4686,4610
S*I. N. C. Ind.,20120311,4700,4745,4600,4686,14933413398,3188468,400,D,4689,4670
S*I. N. C. Ind.,20120310,4680,4730,4678,4689,14774996699,3135156,255,D,4654,4680
S*I. N. C. Ind.,20120307,4590,4770,4581,4654,22196018881,4766530,358,D,4620,4700
S*I. N. C. Ind.,20120306,4588,4588,4556,4620,9848781902,2157740,258,D,4659,4558
S*I. N. C. Ind.,20120305,4670,4670,4560,4659,6511103500,1419736,265,D,4686,4589
S*I. N. C. Ind.,20120304,4695,4735,4623,4686,8876372256,1893560,311,D,4685,4650
S*I. N. C. Ind.,20120303,4720,4789,4679,4685,6045832751,1285349,310,D,4679,4686
S*I. N. C. Ind.,20120229,4717,4717,4611,4679,20386367015,4330162,526,D,4536,4680
S*I. N. C. Ind.,20120228,4554,4655,4554,4536,8598623192,1850961,215,D,4476,4655
S*I. N. C. Ind.,20120227,4450,4586,4450,4476,7728157003,1705975,308,D,4449,4560
S*I. N. C. Ind.,20120226,4388,4459,4365,4449,10194040315,2304036,487,D,4468,4458
S*I. N. C. Ind.,20120225,4460,4460,4385,4468,9418372231,2136317,378,D,4510,4400
S*I. N. C. Ind.,20120222,4520,4520,4413,4510,7486594951,1683024,433,D,4540,4459
S*I. N. C. Ind.,20120221,4522,4629,4500,4540,12801598726,2819535,278,D,4595,4520
S*I. N. C. Ind.,20120220,0,0,0,4595,0,0,0,D,4595,4540
S*I. N. C. Ind.,20120219,0,0,0,4595,0,0,0,D,4595,4540
S*I. N. C. Ind.,20120218,4570,4599,4502,4595,2136427152,471328,93,D,4601,4540
S*I. N. C. Ind.,20120215,4620,4630,4560,4601,21470789184,4676529,598,D,4691,4560
S*I. N. C. Ind.,20120214,4700,4700,4585,4691,9777914437,2119196,429,D,4744,4611
S*I. N. C. Ind.,20120213,4753,4849,4671,4744,8608788383,1810139,348,D,4738,4730
S*I. N. C. Ind.,20120212,4870,4884,4725,4738,8712733174,1809500,423,D,4697,4810
S*I. N. C. Ind.,20120208,4650,4780,4620,4697,1.9234E+11,40951444,501,D,4691,4780
S*I. N. C. Ind.,20120207,4701,4702,4631,4691,11557044349,2483589,486,D,4725,4653
S*I. N. C. Ind.,20120206,4730,4776,4623,4725,16619294749,3549109,633,D,4815,4731
S*I. N. C. Ind.,20120205,4900,4900,4795,4815,24168257230,5026046,712,D,4994,4795
S*I. N. C. Ind.,20120204,4949,5000,4926,4994,6426687534,1293475,339,D,5003,4934
S*I. N. C. Ind.,20120201,4975,5000,4901,5003,4523217396,910620,226,D,5010,4942
S*I. N. C. Ind.,20120131,4990,5050,4953,5010,13346128142,2677751,349,D,5037,5002
S*I. N. C. Ind.,20120130,5089,5089,4960,5037,11223953945,2246715,314,D,5068,4981
S*I. N. C. Ind.,20120129,5136,5136,5060,5068,6459603309,1269948,289,D,5062,5070
S*I. N. C. Ind.,20120128,5160,5175,5093,5062,11002047333,2149596,489,D,5022,5104
S*I. N. C. Ind.,20120125,5030,5068,4953,5022,16296854285,3262627,580,D,5066,5050
S*I. N. C. Ind.,20120123,5112,5139,5018,5066,14288067501,2833058,470,D,5092,5069
S*I. N. C. Ind.,20120121,5131,5160,5079,5092,11123114034,2178768,420,D,5082,5098
S*I. N. C. Ind.,20120118,5000,5149,4990,5082,18640218672,3666759,589,D,5077,5070
S*I. N. C. Ind.,20120117,5140,5190,4981,5077,16975470118,3362477,576,D,5130,4981
S*I. N. C. Ind.,20120116,5174,5200,5070,5130,11204848521,2177763,553,D,5120,5100
S*I. N. C. Ind.,20120115,5052,5138,5052,5120,34623951307,6762254,964,D,4941,5138
S*I. N. C. Ind.,20120111,4979,5009,4890,4941,11390048173,2302003,459,D,4935,4940
S*I. N. C. Ind.,20120110,5000,5037,4902,4935,16943963708,3413493,559,D,4880,4933
S*I. N. C. Ind.,20120109,4769,4884,4760,4880,29315741593,6007351,579,D,4697,4884
S*I. N. C. Ind.,20120108,4700,4760,4651,4697,7906648824,1673109,327,D,4684,4740
S*I. N. C. Ind.,20120107,4719,4793,4676,4684,15215162279,3215873,620,D,4609,4709
S*I. N. C. Ind.,20120104,4610,4610,4560,4609,25128820358,5452306,385,D,4433,4610
S*I. N. C. Ind.,20120103,4500,4560,4500,4433,6828319028,1500510,205,D,4385,4560
S*I. N. C. Ind.,20120102,4400,4470,4388,4385,5270356217,1188587,281,D,4371,4466
S*I. N. C. Ind.,20120101,4403,4414,4382,4371,3541460294,805256,185,D,4366,4400
S*I. N. C. Ind.,20111231,4379,4420,4370,4366,3905733297,887544,218,D,4359,4412
S*I. N. C. Ind.,20111228,4303,4390,4303,4359,3349878489,766855,142,D,4357,4390
S*I. N. C. Ind.,20111227,4374,4399,4320,4357,2548588174,583368,144,D,4355,4330
S*I. N. C. Ind.,20111226,4337,4400,4337,4355,2787243435,636360,230,D,4352,4393
S*I. N. C. Ind.,20111225,4408,4430,4335,4352,3719246493,850743,288,D,4348,4360
S*I. N. C. Ind.,20111224,4357,4444,4340,4348,5785093081,1312965,327,D,4329,4425
S*I. N. C. Ind.,20111221,4300,4479,4288,4329,12639869618,2919601,358,D,4308,4340
S*I. N. C. Ind.,20111220,4295,4320,4285,4308,3018512948,702664,148,D,4313,4289
S*I. N. C. Ind.,20111219,4300,4319,4270,4313,6067426352,1412806,243,D,4342,4295
S*I. N. C. Ind.,20111218,4254,4350,4231,4342,3420594103,794741,203,D,4362,4320
S*I. N. C. Ind.,20111217,4250,4299,4231,4362,2108308585,496501,188,D,4394,4254
S*I. N. C. Ind.,20111214,4400,4400,4281,4394,2636352130,607539,158,D,4413,4300
S*I. N. C. Ind.,20111213,4364,4450,4363,4413,2560764867,579190,178,D,4410,4386
S*I. N. C. Ind.,20111212,4300,4470,4262,4410,4177555148,954778,169,D,4434,4400
S*I. N. C. Ind.,20111211,4440,4441,4323,4434,5027845448,1151708,222,D,4502,4339
S*I. N. C. Ind.,20111210,4570,4585,4414,4502,8502415537,1879421,432,D,4409,4420
S*I. N. C. Ind.,20111207,4400,4413,4395,4409,15137643805,3432983,379,D,4244,4413
S*I. N. C. Ind.,20111204,4259,4298,4259,4244,7036961851,1640461,179,D,4133,4298
S*I. N. C. Ind.,20111203,4179,4238,4141,4133,5509312940,1319183,268,D,4075,4237
S*I. N. C. Ind.,20111130,4158,4158,3951,4075,3575560107,889443,220,D,4110,4030
S*I. N. C. Ind.,20111129,4000,4115,4000,4110,11494516940,2796793,337,D,3957,4115
S*I. N. C. Ind.,20111128,3939,4000,3873,3957,8100687461,2048564,357,D,3978,4000
S*I. N. C. Ind.,20111127,4070,4070,3961,3978,10164174214,2555299,405,D,4126,3961
S*I. N. C. Ind.,20111126,4084,4170,4071,4126,7726521936,1882917,319,D,4225,4090
S*I. N. C. Ind.,20111123,4280,4280,4200,4225,10914018082,2583488,393,D,4374,4200
S*I. N. C. Ind.,20111122,4450,4450,4300,4374,7543404521,1737210,263,D,4469,4326
S*I. N. C. Ind.,20111121,4490,4490,4445,4469,4323355338,969926,164,D,4478,4458
S*I. N. C. Ind.,20111120,4500,4500,4460,4478,2173532797,485462,143,D,4478,4489
S*I. N. C. Ind.,20111119,4490,4519,4440,4478,3211291214,717953,151,D,4481,4500
S*I. N. C. Ind.,20111116,4497,4500,4466,4481,2103746985,469640,122,D,4481,4490
S*I. N. C. Ind.,20111114,4500,4520,4450,4481,2061784927,459337,126,D,4479,4499
S*I. N. C. Ind.,20111113,4500,4510,4420,4479,2452536365,547145,191,D,4478,4489
S*I. N. C. Ind.,20111112,4530,4550,4500,4478,1838367244,405771,142,D,4467,4519
S*I. N. C. Ind.,20111109,4401,4589,4400,4467,2483155282,548785,186,D,4449,4531
S*I. N. C. Ind.,20111108,4460,4460,4399,4449,5926255832,1346384,364,D,4514,4415
S*I. N. C. Ind.,20111106,4500,4500,4412,4514,4785209087,1078480,264,D,4581,4490
S*I. N. C. Ind.,20111105,4586,4586,4500,4581,3565044856,788699,224,D,4612,4515
S*I. N. C. Ind.,20111102,4620,4630,4585,4612,7807764147,1696843,234,D,4643,4602
S*I. N. C. Ind.,20111101,4600,4639,4560,4643,1473489921,320999,122,D,4651,4600
S*I. N. C. Ind.,20111031,4650,4650,4576,4651,4830218740,1049115,228,D,4690,4585
S*I. N. C. Ind.,20111030,4700,4700,4635,4690,4030539787,863520,261,D,4704,4686
S*I. N. C. Ind.,20111029,4738,4738,4675,4704,14356692067,3052269,556,D,4556,4690
S*I. N. C. Ind.,20111026,4600,4600,4550,4556,4010587040,876736,239,D,4545,4588
S*I. N. C. Ind.,20111025,4600,4650,4550,4545,6284096561,1369284,362,D,4482,4550
S*I. N. C. Ind.,20111024,4531,4550,4470,4482,3520213801,783504,230,D,4476,4475
S*I. N. C. Ind.,20111023,4479,4500,4440,4476,2631905922,590414,218,D,4482,4482
S*I. N. C. Ind.,20111022,4515,4515,4402,4482,3163641521,706933,185,D,4485,4402
S*I. N. C. Ind.,20111019,4510,4510,4450,4485,5988160221,1336718,274,D,4493,4480
S*I. N. C. Ind.,20111018,4500,4540,4460,4493,6370199379,1418760,306,D,4497,4470
S*I. N. C. Ind.,20111017,4500,4600,4411,4497,6956165048,1552630,402,D,4531,4469
S*I. N. C. Ind.,20111016,4665,4665,4505,4531,9886965022,2186870,428,D,4692,4505
S*I. N. C. Ind.,20111015,4722,4788,4601,4692,3648244717,782855,244,D,4708,4630
S*I. N. C. Ind.,20111012,4700,4700,4641,4708,3840011360,823948,249,D,4735,4662
S*I. N. C. Ind.,20111011,4750,4784,4721,4735,5358267099,1126461,872,D,4715,4721
S*I. N. C. Ind.,20111010,4769,4769,4651,4715,6212106784,1323458,307,D,4743,4740
S*I. N. C. Ind.,20111009,4790,4790,4700,4743,3914256176,827339,239,D,4750,4730
S*I. N. C. Ind.,20111008,4785,4851,4731,4750,6498350559,1359211,308,D,4706,4752
S*I. N. C. Ind.,20111005,4700,4800,4630,4706,6764808208,1429124,369,D,4662,4700
S*I. N. C. Ind.,20111004,4687,4696,4650,4662,7077469157,1512265,337,D,4629,4685
S*I. N. C. Ind.,20111003,4699,4699,4600,4629,18946859142,4093330,704,D,4752,4620
S*I. N. C. Ind.,20111002,4740,4740,4700,4752,4227086803,894932,298,D,4770,4738
S*I. N. C. Ind.,20111001,4720,4750,4710,4770,6584640379,1392681,394,D,4834,4748
S*I. N. C. Ind.,20110928,4851,4862,4790,4834,13235675413,2737786,601,D,4770,4849
S*I. N. C. Ind.,20110927,4704,4890,4704,4770,52951755675,11100179,1197,D,4899,4831
S*I. N. C. Ind.,20110926,4720,4720,4720,4899,942432960,199668,63,D,4916,4720
S*I. N. C. Ind.,20110925,4754,4754,4754,4916,1981999648,416912,127,D,4952,4754
S*I. N. C. Ind.,20110921,4950,4969,4920,4952,6451450620,1302482,383,D,4951,4942
S*I. N. C. Ind.,20110920,5002,5002,4908,4951,10993243841,2222671,549,D,5070,4950
S*I. N. C. Ind.,20110919,5120,5120,5040,5070,15497972298,3056724,415,D,5161,5047
S*I. N. C. Ind.,20110918,5090,5196,5090,5161,23420021879,4537704,391,D,5089,5150
S*I. N. C. Ind.,20110917,5118,5118,5031,5089,2.77643E+11,54560813,315,D,5090,5070
S*I. N. C. Ind.,20110914,5139,5139,5070,5090,17416912798,3421824,280,D,5111,5090
S*I. N. C. Ind.,20110913,5140,5180,5091,5111,18291568768,3579135,408,D,5162,5113
S*I. N. C. Ind.,20110912,5241,5245,5091,5162,25590438334,4957852,768,D,5193,5100
S*I. N. C. Ind.,20110911,5089,5270,5080,5193,72132647303,13889111,1365,D,5069,5230
S*I. N. C. Ind.,20110910,5098,5100,5030,5069,28174274405,5558406,661,D,5055,5050
S*I. N. C. Ind.,20110907,4973,5106,4913,5055,37115321192,7341759,748,D,4910,5106
S*I. N. C. Ind.,20110906,4920,4940,4890,4910,23048772755,4694264,551,D,4920,4930
S*I. N. C. Ind.,20110905,4984,4984,4886,4920,10269493551,2089734,320,D,4968,4900
S*I. N. C. Ind.,20110904,4949,4997,4910,4968,7296847849,1469651,273,D,4972,4952
S*I. N. C. Ind.,20110903,4960,4960,4900,4972,4163315846,845422,246,D,5000,4922
S*I. N. C. Ind.,20110831,0,0,0,5000,0,0,0,D,5000,5000
S*I. N. C. Ind.,20110830,5000,5020,4962,5000,29271484904,5854426,631,D,4899,5000
S*I. N. C. Ind.,20110829,4873,4955,4810,4899,24720264007,5045867,433,D,4888,4910
S*I. N. C. Ind.,20110828,4920,4920,4830,4888,5990573391,1231090,305,D,4912,4840
S*I. N. C. Ind.,20110827,4915,4945,4860,4912,14665966385,2985535,490,D,4769,4899
S*I. N. C. Ind.,20110824,4768,4875,4768,4769,6418406278,1336804,375,D,4724,4786
S*I. N. C. Ind.,20110823,4720,4760,4700,4724,13626739608,2884645,459,D,4696,4730
S*I. N. C. Ind.,20110821,4606,4729,4606,4696,4562315438,974890,246,D,4707,4690
S*I. N. C. Ind.,20110820,4750,4750,4590,4707,5314417758,1146994,369,D,4779,4650
S*I. N. C. Ind.,20110817,4790,4800,4752,4779,8441103367,1769943,419,D,4809,4799
S*I. N. C. Ind.,20110816,4850,4873,4750,4809,8893615743,1854830,433,D,4868,4758
S*I. N. C. Ind.,20110815,4850,4930,4838,4868,10996226553,2258731,327,D,4863,4863
S*I. N. C. Ind.,20110814,4900,4900,4800,4863,9475608347,1950080,448,D,4885,4819
S*I. N. C. Ind.,20110813,4910,4910,4810,4885,9447579211,1934084,473,D,4887,4867
S*I. N. C. Ind.,20110810,4860,4919,4810,4887,17545378555,3590103,850,D,4733,4890
S*I. N. C. Ind.,20110809,4731,4819,4727,4733,34543719403,7298352,717,D,4923,4800
S*I. N. C. Ind.,20110808,4962,4995,4890,4923,19144519530,3889034,734,D,5033,4960
S*I. N. C. Ind.,20110807,5060,5100,4999,5033,12921979872,2567702,588,D,5069,5000
S*I. N. C. Ind.,20110806,5067,5101,5067,5069,38553803568,7606515,813,D,5278,5071
S*I. N. C. Ind.,20110803,5306,5310,5240,5278,11144547981,2112706,417,D,5313,5266
S*I. N. C. Ind.,20110802,5311,5365,5281,5313,5750349774,1082461,279,D,5313,5350
S*I. N. C. Ind.,20110801,5341,5400,5281,5313,16900864397,3181226,378,D,5288,5300
S*I. N. C. Ind.,20110731,5320,5360,5226,5288,10701520708,2027438,360,D,5354,5280
S*I. N. C. Ind.,20110730,5459,5459,5265,5354,7057529124,1329120,371,D,5413,5278
S*I. N. C. Ind.,20110727,5500,5500,5320,5413,12715384709,2348967,472,D,5361,5350
S*I. N. C. Ind.,20110726,5350,5400,5300,5361,9586416552,1785761,430,D,5335,5340
S*I. N. C. Ind.,20110725,5411,5420,5241,5335,28389411697,5321048,719,D,5433,5300
S*I. N. C. Ind.,20110724,5402,5480,5400,5433,43539347944,8013475,1206,D,5354,5405
S*I. N. C. Ind.,20110723,5360,5400,5315,5354,19921084893,3720528,738,D,5264,5359
S*I. N. C. Ind.,20110720,5205,5300,5205,5264,12005650280,2279847,617,D,5168,5300
S*I. N. C. Ind.,20110719,5143,5199,5143,5168,9547374807,1844817,393,D,5138,5171
S*I. N. C. Ind.,20110718,5199,5220,5100,5138,9397612166,1824654,463,D,5091,5128
S*I. N. C. Ind.,20110716,5000,5180,5000,5091,9212373897,1798659,431,D,4983,5160
S*I. N. C. Ind.,20110713,4980,5036,4930,4983,20264718807,4066587,738,D,5033,4983
S*I. N. C. Ind.,20110712,5120,5120,4991,5033,10594720684,2111735,493,D,5198,4991
S*I. N. C. Ind.,20110711,5200,5243,5110,5198,12848259422,2471877,518,D,5258,5110
S*I. N. C. Ind.,20110710,5372,5372,5203,5258,14213349651,2703109,532,D,5354,5249
S*I. N. C. Ind.,20110709,5374,5447,5263,5354,42237059081,7888603,1063,D,5286,5300
S*I. N. C. Ind.,20110706,5350,5357,5220,5286,29764995529,5630384,1213,D,5229,5250
S*I. N. C. Ind.,20110705,5300,5300,5151,5229,1.09065E+11,20857371,2485,D,4911,5270
S*I. N. C. Ind.,20110704,0,0,0,15241,0,0,0,D,15241,15272
S*I. N. C. Ind.,20110703,0,0,0,15241,0,0,0,D,15241,15272
S*I. N. C. Ind.,20110702,0,0,0,15241,0,0,0,D,15241,15272
S*I. N. C. Ind.,20110629,15130,15400,14983,15241,1.00726E+11,6608723,1234,D,14893,15272
S*I. N. C. Ind.,20110628,14705,15200,14705,14893,49278347376,3308823,679,D,14741,14751
S*I. N. C. Ind.,20110627,15000,15000,14549,14741,25618944949,1753799,280,D,15155,14549
S*I. N. C. Ind.,20110626,15700,15700,15074,15155,70464070561,4649576,763,D,15702,15074
S*I. N. C. Ind.,20110625,15700,15756,15600,15702,34101823387,2171624,452,D,15686,15690
S*I. N. C. Ind.,20110622,15800,15880,15600,15686,47313077552,3016350,536,D,15659,15679
S*I. N. C. Ind.,20110621,15600,15690,15600,15659,18380762698,1175057,454,D,15677,15623
S*I. N. C. Ind.,20110620,16010,16100,15582,15677,35853459101,2287623,524,D,15989,15600
S*I. N. C. Ind.,20110619,16199,16199,15900,15989,22388299969,1396174,458,D,15919,15980
S*I. N. C. Ind.,20110618,15750,15995,15750,15919,62463355665,3923868,716,D,15382,15990
S*I. N. C. Ind.,20110615,15305,15650,15201,15382,34775014394,2261378,551,D,15536,15555
S*I. N. C. Ind.,20110614,15500,15500,15150,15536,16959517075,1107212,328,D,15737,15301
S*I. N. C. Ind.,20110613,15400,15808,15400,15737,89973922511,5717218,736,D,15206,15798
S*I. N. C. Ind.,20110612,15100,15379,14900,15206,32017144187,2105785,427,D,15221,15337
S*I. N. C. Ind.,20110611,15229,15229,14950,15221,2.46357E+11,16185777,1585,D,14644,15090
S*I. N. C. Ind.,20110608,14002,14755,14002,14644,53090401302,3625504,301,D,14188,14755
S*I. N. C. Ind.,20110607,14290,14329,14100,14188,15102453823,1064543,196,D,14189,14180
S*I. N. C. Ind.,20110606,14300,14340,14201,14189,13359018481,936287,219,D,14136,14299
S*I. N. C. Ind.,20110601,14201,14290,14000,14136,24159031270,1708065,190,D,14113,14290
S*I. N. C. Ind.,20110531,14200,14210,14003,14113,18230223532,1289766,289,D,14086,14210
S*I. N. C. Ind.,20110530,13690,14197,13689,14086,55451754384,3936626,424,D,13651,14197
S*I. N. C. Ind.,20110529,14199,14199,13435,13651,30546674023,2239570,383,D,13980,13747
S*I. N. C. Ind.,20110528,14001,14270,13902,13980,48027095273,3435458,391,D,13928,14000
S*I. N. C. Ind.,20110525,14000,14199,13804,13928,74430664673,5343830,596,D,14378,14000
S*I. N. C. Ind.,20110524,14389,14469,14113,14378,15033331811,1054155,257,D,14475,14240
S*I. N. C. Ind.,20110523,14250,14500,14200,14475,1.25672E+11,8681714,389,D,14343,14421
S*I. N. C. Ind.,20110522,14380,14503,14102,14343,82888160061,5778919,631,D,14004,14350
S*I. N. C. Ind.,20110521,13998,14007,13899,14004,1.68236E+11,12013008,698,D,13469,14007
S*I. N. C. Ind.,20110518,13550,13699,13532,13469,12933751808,950254,171,D,13371,13600
S*I. N. C. Ind.,20110517,13200,13500,13200,13371,6271644698,470413,100,D,13381,13400
S*I. N. C. Ind.,20110516,13436,13436,13052,13381,9896480639,746152,151,D,13437,13165
S*I. N. C. Ind.,20110515,13510,13510,13200,13437,17125145095,1287537,142,D,13607,13450
S*I. N. C. Ind.,20110514,13700,13700,13501,13607,3398302280,248669,26,D,13600,13503
S*I. N. C. Ind.,20110511,13600,13690,13501,13600,12446545621,918976,134,D,13637,13637
S*I. N. C. Ind.,20110510,13900,13900,13512,13637,13483202695,981052,132,D,13559,13760
S*I. N. C. Ind.,20110509,13200,13979,13200,13559,29043465498,2142063,289,D,13569,13791
S*I. N. C. Ind.,20110508,13440,13500,13440,13569,24069908640,1790655,141,D,14000,13440
S*I. N. C. Ind.,20110504,13880,14200,13754,14000,24240422805,1723612,229,D,13815,14106
S*I. N. C. Ind.,20110503,13902,13902,13580,13815,71941001363,5207311,465,D,13368,13889
S*I. N. C. Ind.,20110502,13732,13732,13732,13368,9898355168,720824,89,D,13204,13732
S*I. N. C. Ind.,20110501,13200,13470,13200,13204,1.01486E+11,7686266,435,D,13750,13468
S*I. N. C. Ind.,20110430,13520,13600,13474,13750,16556051653,1226664,130,D,14035,13474
S*I. N. C. Ind.,20110427,14161,14336,13680,14035,1.17057E+11,8340234,320,D,14216,14000
S*I. N. C. Ind.,20110426,14050,14388,14050,14216,22208376604,1563369,203,D,14237,14196
S*I. N. C. Ind.,20110425,14498,14498,14034,14237,25770485353,1817909,173,D,14460,14298
S*I. N. C. Ind.,20110424,14510,14669,14357,14460,23366005713,1612924,220,D,14398,14400
S*I. N. C. Ind.,20110423,14640,14640,14481,14398,18069024941,1240058,194,D,14198,14640
S*I. N. C. Ind.,20110420,14001,14450,14001,14198,65428353985,4608417,225,D,13920,14250
S*I. N. C. Ind.,20110419,14200,14400,13610,13920,38396664099,2758440,233,D,14173,13950
S*I. N. C. Ind.,20110418,14100,14400,14100,14173,15460056720,1084723,218,D,14102,14150
S*I. N. C. Ind.,20110417,14339,14339,14050,14102,36776861140,2607885,282,D,14484,14150
S*I. N. C. Ind.,20110416,14688,14688,14311,14484,21495097343,1488282,236,D,14559,14360
S*I. N. C. Ind.,20110413,14500,14800,14421,14559,82184286507,5644985,416,D,14542,14742
S*I. N. C. Ind.,20110412,14250,14775,14200,14542,73451061492,5051064,492,D,14207,14301
S*I. N. C. Ind.,20110411,14000,14550,13996,14207,53599973201,3772789,373,D,14080,14290
S*I. N. C. Ind.,20110410,14381,14381,13805,14080,28321627188,2017879,365,D,14379,13805
S*I. N. C. Ind.,20110409,14393,14393,13955,14379,4.06574E+11,28275297,1300,D,13840,14390
S*I. N. C. Ind.,20110406,13840,13840,13840,13840,1.21281E+11,8763065,309,D,13308,13840
S*I. N. C. Ind.,20110405,12961,13314,12961,13308,1.96591E+11,14772826,703,D,12802,13314
S*I. N. C. Ind.,20110404,12600,13001,12600,12802,61738615525,4822501,467,D,12750,12750
S*I. N. C. Ind.,20110403,12800,12800,12600,12750,16033030913,1266408,243,D,12859,12650
S*I. N. C. Ind.,20110330,12952,12952,12791,12859,22550517646,1759339,200,D,12989,12792
S*I. N. C. Ind.,20110329,13072,13073,12952,12989,39823544864,3066003,260,D,13072,12955
S*I. N. C. Ind.,20110328,13079,13100,12881,13072,19626263108,1506131,174,D,13147,13080
S*I. N. C. Ind.,20110327,13162,13162,12900,13147,43764541279,3328982,303,D,12656,12990
S*I. N. C. Ind.,20110326,12874,12874,12873,12656,16703011702,1297423,106,D,12379,12874
S*I. N. C. Ind.,20110319,12000,12394,12000,12379,49481976343,3997390,276,D,11918,12380
S*I. N. C. Ind.,20110316,11879,11990,11602,11918,37534008379,3149457,308,D,11886,11915
S*I. N. C. Ind.,20110315,11910,11910,11750,11886,23633765370,1988039,219,D,11877,11800
S*I. N. C. Ind.,20110314,11849,11970,11800,11877,26881798703,2262609,224,D,11733,11841
S*I. N. C. Ind.,20110313,11601,11987,11601,11733,6269239393,533472,111,D,11728,11900
S*I. N. C. Ind.,20110312,11750,11750,11508,11728,17688914826,1523589,238,D,11954,11699
S*I. N. C. Ind.,20110309,11900,12087,11800,11954,21708156567,1814946,232,D,11929,11850
S*I. N. C. Ind.,20110308,11900,11950,11755,11929,15941457125,1343104,192,D,12012,11950
S*I. N. C. Ind.,20110307,12199,12199,11900,12012,38259634009,3185191,208,D,12214,12001
S*I. N. C. Ind.,20110306,12299,12299,12160,12214,18454747428,1512742,213,D,12240,12180
S*I. N. C. Ind.,20110305,12351,12400,12117,12240,11985041855,975651,183,D,12208,12251
S*I. N. C. Ind.,20110302,12100,12469,12100,12208,18450434663,1497180,170,D,11996,12290
S*I. N. C. Ind.,20110301,11990,12109,11850,11996,10580449159,887787,159,D,12044,12109
S*I. N. C. Ind.,20110228,12339,12339,11802,12044,13948105525,1167960,198,D,12148,12110
S*I. N. C. Ind.,20110227,12249,12340,12009,12148,19736741324,1608367,345,D,11868,12316
S*I. N. C. Ind.,20110226,11688,11979,11688,11868,21969578863,1837003,316,D,11519,11979
S*I. N. C. Ind.,20110223,11660,11660,11453,11519,28390442439,2464629,438,D,11782,11599
S*I. N. C. Ind.,20110222,11894,11990,11603,11782,31389460767,2664186,350,D,11974,11630
S*I. N. C. Ind.,20110220,12075,12075,11800,11974,50081129669,4182614,515,D,13065,12000
S*I. N. C. Ind.,20110219,0,0,0,13065,0,0,0,D,13065,12877
S*I. N. C. Ind.,20110216,0,0,0,13065,0,0,0,D,13065,12877
S*I. N. C. Ind.,20110215,13201,13400,12726,13065,45983418068,3519670,493,D,12941,12877
S*I. N. C. Ind.,20110214,12603,12959,12603,12941,86567822054,6689301,559,D,12461,12959
S*I. N. C. Ind.,20110213,12260,12585,12151,12461,32394525715,2599715,410,D,12101,12585
S*I. N. C. Ind.,20110212,12294,12370,12086,12101,13784215685,1129822,329,D,12006,12121
S*I. N. C. Ind.,20110209,11814,12099,11634,12006,91025992312,7581725,736,D,11634,12099
S*I. N. C. Ind.,20110208,11452,11830,11350,11634,43015319828,3697227,458,D,11702,11800
S*I. N. C. Ind.,20110207,11900,11900,11400,11702,33199093607,2837119,458,D,11630,11400
S*I. N. C. Ind.,20110206,11641,11641,11510,11630,1.31489E+11,11306336,780,D,11194,11620
S*I. N. C. Ind.,20110205,11204,11204,11204,11194,25320367760,2259940,78,D,10774,11204
S*I. N. C. Ind.,20110201,10773,10774,10744,10774,42930333050,3984675,263,D,10360,10774
S*I. N. C. Ind.,20110131,10200,10538,10195,10360,19299475309,1852739,241,D,10133,10538
S*I. N. C. Ind.,20110130,10290,10290,10157,10133,9664453168,947573,121,D,10088,10157
S*I. N. C. Ind.,20110129,10100,10297,10100,10088,9981978527,978452,186,D,10005,10206
S*I. N. C. Ind.,20110126,9999,10079,9909,10005,18040083039,1803683,259,D,10015,10041
S*I. N. C. Ind.,20110124,9980,10088,9952,10015,8463068585,844857,200,D,10013,10054
S*I. N. C. Ind.,20110123,10100,10148,9950,10013,20683153955,2067732,289,D,10102,9950
S*I. N. C. Ind.,20110122,10084,10160,10000,10102,9120889445,905192,197,D,10119,10120
S*I. N. C. Ind.,20110119,9939,10338,9933,10119,19112939179,1882731,332,D,9978,10298
S*I. N. C. Ind.,20110118,10060,10080,9926,9978,96528761018,9674486,322,D,10041,9954
S*I. N. C. Ind.,20110117,10039,10087,10030,10041,48167879521,4796885,382,D,10041,10086
S*I. N. C. Ind.,20110116,10055,10098,10000,10041,42256779917,4208528,463,D,10022,10050
S*I. N. C. Ind.,20110115,9901,10234,9900,10022,40564048703,4047323,421,D,9841,10088
S*I. N. C. Ind.,20110112,9800,9901,9750,9841,19567948779,1982633,251,D,9673,9900
S*I. N. C. Ind.,20110111,9511,9731,9510,9673,10668591990,1101367,179,D,9660,9716
S*I. N. C. Ind.,20110110,9791,9900,9500,9660,19431675400,2013810,254,D,9730,9500
S*I. N. C. Ind.,20110109,9652,9812,9555,9730,20624442778,2118071,285,D,9652,9800
S*I. N. C. Ind.,20110108,9720,9720,9600,9652,20500992618,2127480,243,D,9827,9641
S*I. N. C. Ind.,20110105,9880,10000,9700,9827,34589997750,3519820,337,D,9895,9800
S*I. N. C. Ind.,20110104,9710,9950,9710,9895,26949640212,2723638,311,D,9730,9850
S*I. N. C. Ind.,20110103,9700,9897,9700,9730,13522418061,1375246,295,D,9580,9809
S*I. N. C. Ind.,20110102,9558,9740,9430,9580,16841423461,1756656,295,D,9558,9650
S*I. N. C. Ind.,20110101,9747,9747,9401,9558,39645349865,4147818,375,D,9394,9518
S*I. N. C. Ind.,20101229,9200,9423,9181,9394,57903632137,6164163,484,D,9061,9423
S*I. N. C. Ind.,20101228,9100,9201,9100,9061,5504740212,603091,123,D,9038,9120
S*I. N. C. Ind.,20101227,9090,9200,8961,9038,33098099818,3662282,343,D,9046,9050
S*I. N. C. Ind.,20101226,9092,9160,9002,9046,20221881898,2235838,266,D,9078,9010
S*I. N. C. Ind.,20101225,9150,9200,9000,9078,35172910455,3874365,345,D,9077,9057
S*I. N. C. Ind.,20101222,8850,9128,8850,9077,31807495976,3504339,417,D,8777,9060
S*I. N. C. Ind.,20101221,8652,8950,8652,8777,10785277819,1218371,140,D,8693,8900
S*I. N. C. Ind.,20101220,8730,8750,8500,8693,9071096878,1045574,137,D,8707,8701
S*I. N. C. Ind.,20101219,8697,8730,8590,8707,14672779204,1688234,160,D,8749,8700
S*I. N. C. Ind.,20101218,8859,8859,8600,8749,12557361327,1446246,119,D,8860,8755
S*I. N. C. Ind.,20101214,8790,8951,8790,8860,17630636198,1984312,241,D,8710,8901
S*I. N. C. Ind.,20101213,8650,8790,8650,8710,6047636047,690913,123,D,8692,8760
S*I. N. C. Ind.,20101212,8799,8799,8621,8692,4536969595,522613,118,D,8695,8670
S*I. N. C. Ind.,20101211,8600,8750,8600,8695,83650801164,9620304,336,D,8528,8730
S*I. N. C. Ind.,20101208,8650,8699,8504,8528,8654044000,1008085,135,D,8484,8504
S*I. N. C. Ind.,20101207,8480,8638,8400,8484,13426060802,1579956,170,D,8454,8600
S*I. N. C. Ind.,20101206,8482,8524,8410,8454,860500345,101442,48,D,8453,8410
S*I. N. C. Ind.,20101205,8598,8598,8500,8453,2476771476,290842,63,D,8444,8500
S*I. N. C. Ind.,20101204,8454,8641,8454,8444,6369858193,742752,141,D,8381,8570
S*I. N. C. Ind.,20101201,8353,8440,8310,8381,36018479194,4297554,73,D,8312,8435
S*I. N. C. Ind.,20101130,8274,8330,8185,8312,3134981177,378501,64,D,8318,8330
S*I. N. C. Ind.,20101129,8360,8360,8262,8318,15031485454,1811968,106,D,8398,8309
S*I. N. C. Ind.,20101128,8400,8400,8300,8398,3752125869,451327,65,D,8419,8320
S*I. N. C. Ind.,20101127,8490,8490,8400,8419,1834117447,217932,57,D,8419,8400
S*I. N. C. Ind.,20101124,8450,8450,8300,8419,3895516056,467294,62,D,8440,8400
S*I. N. C. Ind.,20101123,8480,8500,8350,8440,3111963929,370658,77,D,8448,8350
S*I. N. C. Ind.,20101122,8450,8600,8450,8448,1621406977,190754,46,D,8443,8500
S*I. N. C. Ind.,20101121,8400,8480,8380,8443,5976151334,710611,56,D,8458,8438
S*I. N. C. Ind.,20101120,8464,8497,8365,8458,11044251584,1317667,91,D,8559,8379
S*I. N. C. Ind.,20101116,8502,8540,8466,8559,6391740392,751896,92,D,8587,8540
S*I. N. C. Ind.,20101115,8550,8609,8500,8587,5730911234,671906,106,D,8611,8540
S*I. N. C. Ind.,20101114,8589,8590,8522,8611,3666606215,428076,56,D,8621,8551
S*I. N. C. Ind.,20101113,8700,8700,8550,8621,2379802321,276402,83,D,8623,8550
S*I. N. C. Ind.,20101110,8577,8800,8577,8623,6012156457,688450,95,D,8577,8740
S*I. N. C. Ind.,20101109,8620,8698,8600,8577,7528573712,873613,114,D,8553,8635
S*I. N. C. Ind.,20101108,8513,8620,8500,8553,21932469120,2564244,246,D,8811,8500
S*I. N. C. Ind.,20101107,8788,8886,8670,8811,2727493385,313368,78,D,8828,8700
S*I. N. C. Ind.,20101106,8880,8918,8786,8828,60472631325,6850128,370,D,8575,8786
S*I. N. C. Ind.,20101103,8500,8637,8480,8575,12391968537,1452470,174,D,8648,8533
S*I. N. C. Ind.,20101102,8612,8612,8500,8648,5740506376,672183,146,D,8692,8550
S*I. N. C. Ind.,20101101,8694,8698,8616,8692,33672485829,3874083,91,D,8698,8667
S*I. N. C. Ind.,20101031,8747,8747,8600,8698,14125572625,1629136,127,D,8762,8697
S*I. N. C. Ind.,20101030,8729,8899,8623,8762,6391981009,731860,175,D,8775,8726
S*I. N. C. Ind.,20101027,8980,8980,8660,8775,16707106556,1912375,188,D,8961,8750
S*I. N. C. Ind.,20101026,9044,9099,8810,8961,6124197108,681275,145,D,8949,8836
S*I. N. C. Ind.,20101025,8800,9039,8800,8949,43898722321,4905623,393,D,8936,9000
S*I. N. C. Ind.,20101024,9000,9000,8822,8936,19738775275,2208907,211,D,8992,8852
S*I. N. C. Ind.,20101023,0,0,0,8992,0,0,0,D,8992,8992
S*I. N. C. Ind.,20101020,0,0,0,8992,0,0,0,D,8992,8992
S*I. N. C. Ind.,20101019,0,0,0,8992,0,0,0,D,8992,8992
S*I. N. C. Ind.,20101018,8870,9027,8870,8992,37375832071,4156349,376,D,8680,8992
S*I. N. C. Ind.,20101017,8744,8811,8651,8680,9930802284,1134357,149,D,8608,8810
S*I. N. C. Ind.,20101016,8478,8744,8478,8608,15655780703,1806885,264,D,8408,8736
S*I. N. C. Ind.,20101013,8314,8660,8233,8408,12164196718,1459035,248,D,8529,8399
S*I. N. C. Ind.,20101012,8897,8897,8514,8529,61188924066,7174602,330,D,8868,8514
S*I. N. C. Ind.,20101011,8623,8989,8623,8868,13317239336,1509096,158,D,8949,8820
S*I. N. C. Ind.,20101010,9118,9118,8755,8949,11849950504,1342527,217,D,9119,8799
S*I. N. C. Ind.,20101009,9030,9221,9014,9119,24527183455,2689566,283,D,8867,9120
S*I. N. C. Ind.,20101006,8801,8990,8800,8867,29762717201,3356694,311,D,8716,8850
S*I. N. C. Ind.,20101005,8729,8798,8651,8716,16441085873,1888781,167,D,8764,8701
S*I. N. C. Ind.,20101003,8851,8900,8603,8764,17781201128,2033694,245,D,8917,8650
S*I. N. C. Ind.,20101002,9058,9058,8773,8917,46241149656,5185882,495,D,8729,8800
S*I. N. C. Ind.,20100929,8700,8751,8570,8729,1.04967E+11,12025393,780,D,8415,8751
S*I. N. C. Ind.,20100928,8260,8612,8250,8415,1.04534E+11,12421899,504,D,8281,8450
S*I. N. C. Ind.,20100927,8134,8328,8134,8281,6731507151,814877,136,D,8292,8250
S*I. N. C. Ind.,20100926,8165,8449,8165,8292,14826422701,1790274,103,D,8328,8290
S*I. N. C. Ind.,20100925,8298,8331,8262,8328,44929190646,5394645,296,D,8011,8262
S*I. N. C. Ind.,20100922,8010,8113,8000,8011,10985379582,1363451,162,D,7946,8043
S*I. N. C. Ind.,20100921,7898,8010,7820,7946,8529481838,1077729,91,D,7974,8010
S*I. N. C. Ind.,20100920,8024,8024,7825,7974,7663658997,968418,94,D,8018,7836
S*I. N. C. Ind.,20100919,8020,8100,7870,8018,2582437898,322890,76,D,8021,7871
S*I. N. C. Ind.,20100918,8148,8148,8000,8021,18572197847,2315381,203,D,7884,8000
S*I. N. C. Ind.,20100915,7896,7927,7825,7884,9142342383,1158565,102,D,7877,7889
S*I. N. C. Ind.,20100914,7889,7889,7764,7877,5040130239,643388,49,D,7893,7818
S*I. N. C. Ind.,20100913,7800,7900,7723,7893,2178725914,278188,54,D,7901,7890
S*I. N. C. Ind.,20100912,7700,8000,7601,7901,31442020811,3979653,174,D,7796,7900
S*I. N. C. Ind.,20100908,7768,7800,7572,7796,6889564455,899059,86,D,7880,7750
S*I. N. C. Ind.,20100907,7850,7850,7609,7880,2798990975,365459,69,D,7922,7673
S*I. N. C. Ind.,20100906,7936,7998,7804,7922,6810386369,862938,180,D,7939,7850
S*I. N. C. Ind.,20100905,7941,7941,7900,7939,53504054928,6739309,412,D,7636,7903
S*I. N. C. Ind.,20100904,7636,7636,7636,7636,67646980380,8858955,273,D,7343,7636
S*I. N. C. Ind.,20100831,7450,7470,7401,7343,3143358955,422646,69,D,7322,7440
S*I. N. C. Ind.,20100830,7335,7499,7320,7322,1.64996E+11,22534308,133,D,7335,7320
S*I. N. C. Ind.,20100829,7350,7411,7302,7335,22358687675,3048215,110,D,7300,7310
S*I. N. C. Ind.,20100828,7279,7350,7202,7300,18137894212,2484578,68,D,7286,7300
S*I. N. C. Ind.,20100825,7251,7370,7250,7286,37613534678,5162424,94,D,7283,7290
S*I. N. C. Ind.,20100824,7202,7295,7202,7283,1034469994,142191,23,D,7284,7270
S*I. N. C. Ind.,20100823,7200,7377,7180,7284,20961655667,2877656,109,D,7279,7300
S*I. N. C. Ind.,20100822,7250,7250,7200,7279,1458813647,202515,41,D,7286,7200
S*I. N. C. Ind.,20100821,7261,7279,7204,7286,1716558635,237309,35,D,7292,7219
S*I. N. C. Ind.,20100818,7389,7389,7250,7292,1533795588,210173,50,D,7291,7280
S*I. N. C. Ind.,20100817,7340,7399,7233,7291,5131411993,700089,44,D,7274,7350
S*I. N. C. Ind.,20100816,7150,7220,7100,7274,5965065132,834848,84,D,7347,7215
S*I. N. C. Ind.,20100815,7267,7267,7101,7347,2004552369,279897,62,D,7373,7150
S*I. N. C. Ind.,20100814,7300,7301,7266,7373,2130224710,291945,48,D,7384,7269
S*I. N. C. Ind.,20100811,7399,7400,7350,7384,5043548654,684678,66,D,7391,7361
S*I. N. C. Ind.,20100810,7383,7420,7383,7391,2273942883,307198,74,D,7389,7390
S*I. N. C. Ind.,20100809,7450,7450,7362,7389,4110889964,554954,66,D,7383,7362
S*I. N. C. Ind.,20100808,7450,7450,7401,7383,2001080152,269774,53,D,7378,7450
S*I. N. C. Ind.,20100807,7413,7500,7412,7378,2891422983,387150,49,D,7360,7451
S*I. N. C. Ind.,20100804,7499,7500,7355,7360,1559953915,209944,40,D,7353,7383
S*I. N. C. Ind.,20100803,7470,7540,7460,7353,2198163214,292969,60,D,7331,7500
S*I. N. C. Ind.,20100802,7380,7471,7380,7331,10001750812,1347372,101,D,7202,7440
S*I. N. C. Ind.,20100801,7200,7373,7200,7202,5919918924,809298,60,D,7141,7359
S*I. N. C. Ind.,20100731,7160,7400,7160,7141,2431001186,334763,62,D,7121,7240
S*I. N. C. Ind.,20100728,7011,7150,7011,7121,9413595847,1325318,61,D,7145,7101
S*I. N. C. Ind.,20100726,7070,7150,7051,7145,41147486191,5758537,73,D,6944,7064
S*I. N. C. Ind.,20100725,6950,7089,6900,6944,28333006800,4080106,123,D,6878,7000
S*I. N. C. Ind.,20100724,6799,6999,6799,6878,20294544683,2950757,95,D,6748,6920
S*I. N. C. Ind.,20100721,6770,6778,6720,6748,15454940052,2289926,46,D,6678,6745
S*I. N. C. Ind.,20100720,6703,6735,6682,6678,6843210965,1018688,94,D,6647,6720
S*I. N. C. Ind.,20100719,6740,6740,6682,6647,926505063,137722,33,D,6642,6729
S*I. N. C. Ind.,20100718,6751,6800,6650,6642,2177638549,325475,40,D,6634,6740
S*I. N. C. Ind.,20100717,6765,6800,6651,6634,1832484035,271430,42,D,6619,6750
S*I. N. C. Ind.,20100714,6650,6800,6630,6619,3122271644,460892,78,D,6580,6784
S*I. N. C. Ind.,20100713,6620,6700,6620,6580,536317360,80473,24,D,6577,6684
S*I. N. C. Ind.,20100712,6803,6803,6550,6577,4761312337,716046,76,D,6545,6600
S*I. N. C. Ind.,20100711,6564,6720,6564,6545,5479896904,818147,78,D,6462,6720
S*I. N. C. Ind.,20100707,6434,6560,6434,6462,1816302697,278661,23,D,6454,6501
S*I. N. C. Ind.,20100706,6521,6647,6450,6454,36922030650,5720692,102,D,6665,6452
S*I. N. C. Ind.,20100705,6660,6690,6520,6665,2870866442,434803,50,D,6679,6520
S*I. N. C. Ind.,20100704,6790,6790,6600,6679,10758877237,1611389,84,D,6685,6600
S*I. N. C. Ind.,20100703,6620,6700,6620,6685,5825013922,871377,101,D,6494,6700
S*I. N. C. Ind.,20100630,0,0,0,7694,0,0,0,D,7694,7661
S*I. N. C. Ind.,20100629,0,0,0,7694,0,0,0,D,7694,7661
S*I. N. C. Ind.,20100628,0,0,0,7694,0,0,0,D,7694,7661
S*I. N. C. Ind.,20100627,0,0,0,7694,0,0,0,D,7694,7661
S*I. N. C. Ind.,20100623,7629,7800,7629,7694,17741672307,2305940,196,D,7624,7661
S*I. N. C. Ind.,20100622,0,0,0,7624,0,0,0,D,7624,7451
S*I. N. C. Ind.,20100621,0,0,0,7624,0,0,0,D,7624,7451
S*I. N. C. Ind.,20100620,7678,7690,7400,7624,1.01542E+11,13319158,129,D,7451,7451
S*I. N. C. Ind.,20100619,7479,7686,7441,7451,2029782238,269964,57,D,7442,7600
S*I. N. C. Ind.,20100616,7420,7475,7417,7442,69979869692,9403580,124,D,7442,7441
S*I. N. C. Ind.,20100615,7429,7429,7325,7442,5696960042,768866,61,D,7458,7350
S*I. N. C. Ind.,20100614,7478,7479,7400,7458,9637187993,1298852,43,D,7506,7457
S*I. N. C. Ind.,20100613,7303,7420,7303,7506,1196615026,161876,23,D,7515,7420
S*I. N. C. Ind.,20100612,7269,7301,7269,7515,1216977400,166742,22,D,7532,7301
S*I. N. C. Ind.,20100609,7300,7300,7293,7532,1651672400,226375,22,D,7557,7293
S*I. N. C. Ind.,20100608,7345,7345,7307,7557,876097011,119880,20,D,7571,7307
S*I. N. C. Ind.,20100607,7365,7425,7328,7571,1474555773,200620,34,D,7592,7335
S*I. N. C. Ind.,20100606,7595,7596,7411,7592,1.93012E+11,25422382,56,D,7679,7411
S*I. N. C. Ind.,20100602,7450,7690,7450,7679,87030498214,11333383,36,D,7533,7467
S*I. N. C. Ind.,20100601,7422,7738,7356,7533,8817596110,1181548,61,D,7606,7600
S*I. N. C. Ind.,20100531,7402,7597,7402,7606,1242219795,165075,15,D,7612,7450
S*I. N. C. Ind.,20100530,7501,7598,7402,7612,3810427717,514179,74,D,7670,7402
S*I. N. C. Ind.,20100529,7407,7941,7407,7670,1271323781,166691,30,D,7673,7625
S*I. N. C. Ind.,20100526,7451,7451,7451,7673,3039441724,407924,158,D,7721,7451
S*I. N. C. Ind.,20100525,7800,7800,7527,7721,12885468395,1668799,72,D,7495,7527
S*I. N. C. Ind.,20100524,0,0,0,7495,0,0,0,D,7495,7746
S*I. N. C. Ind.,20100523,0,0,0,7495,0,0,0,D,7495,7746
S*I. N. C. Ind.,20100522,0,0,0,7495,0,0,0,D,7495,7746
S*I. N. C. Ind.,20100519,7499,7748,7331,7495,3442626784,457238,71,D,7486,7746
S*I. N. C. Ind.,20100518,7428,7500,7428,7486,13525267082,1820656,87,D,7697,7500
S*I. N. C. Ind.,20100516,7600,7600,7451,7697,227094568,30387,10,D,7700,7455
S*I. N. C. Ind.,20100515,7800,7850,7436,7700,599136792,77420,25,D,7699,7630
S*I. N. C. Ind.,20100512,7959,7959,7751,7699,581558162,73678,11,D,7693,7755
S*I. N. C. Ind.,20100511,7943,7943,7710,7693,1327336862,167601,25,D,7675,7928
S*I. N. C. Ind.,20100510,7750,7929,7750,7675,1590648029,203492,37,D,7661,7929
S*I. N. C. Ind.,20100509,7401,7898,7400,7661,4074662507,530553,90,D,7655,7878
S*I. N. C. Ind.,20100508,7454,7699,7454,7655,4725657894,632609,103,D,7724,7550
S*I. N. C. Ind.,20100505,7500,7501,7486,7724,2090502846,279221,40,D,7757,7486
S*I. N. C. Ind.,20100504,7580,7800,7580,7757,1226979243,158602,68,D,7758,7762
S*I. N. C. Ind.,20100503,7610,7633,7542,7758,4060767329,536537,62,D,7815,7542
S*I. N. C. Ind.,20100502,7613,7799,7576,7815,2536453612,333516,74,D,7850,7661
S*I. N. C. Ind.,20100501,7610,7900,7610,7850,4998372291,644091,93,D,7885,7741
S*I. N. C. Ind.,20100428,7850,7850,7649,7885,4171518375,538195,133,D,7926,7649
S*I. N. C. Ind.,20100427,7980,7980,7727,7926,6305022450,810740,64,D,8007,7858
S*I. N. C. Ind.,20100426,7995,7995,7840,8007,953216644,120602,49,D,8013,7900
S*I. N. C. Ind.,20100425,7800,7989,7761,8013,1460727208,186301,47,D,8028,7765
S*I. N. C. Ind.,20100424,8000,8000,7800,8028,1114007991,141749,43,D,8039,7810
S*I. N. C. Ind.,20100421,7972,8048,7900,8039,2993591223,374791,67,D,8049,7992
S*I. N. C. Ind.,20100420,7998,8050,7909,8049,2430605205,304054,93,D,8057,7999
S*I. N. C. Ind.,20100419,8090,8090,7932,8057,1673442886,209146,50,D,8062,8000
S*I. N. C. Ind.,20100418,7812,8119,7812,8062,4517532081,567430,112,D,8095,8101
S*I. N. C. Ind.,20100417,8000,8120,7836,8095,2337644194,294950,91,D,8120,7836
S*I. N. C. Ind.,20100414,8031,8200,7902,8120,6978353302,863481,128,D,8143,8046
S*I. N. C. Ind.,20100413,8200,8200,7990,8143,2243032785,278336,77,D,8155,8000
S*I. N. C. Ind.,20100412,8180,8300,8052,8155,4149573630,508676,107,D,8154,8117
S*I. N. C. Ind.,20100411,8180,8180,7900,8154,7108860854,874037,140,D,8166,8160
S*I. N. C. Ind.,20100410,8430,8430,8100,8166,2176791821,265119,106,D,8160,8198
S*I. N. C. Ind.,20100407,8005,8217,8005,8160,15875585903,1935165,189,D,7940,8217
S*I. N. C. Ind.,20100406,7900,8084,7900,7940,4679009061,583606,96,D,7914,8000
S*I. N. C. Ind.,20100405,7939,8164,7900,7914,3665513863,459055,67,D,7897,7910
S*I. N. C. Ind.,20100404,7959,7959,7662,7897,15950544974,2011954,111,D,7690,7900
S*I. N. C. Ind.,20100403,7948,7948,7948,7690,720470304,90648,25,D,7680,7948
S*I. N. C. Ind.,20100331,7879,7921,7879,7680,1830446738,231236,37,D,7654,7921
S*I. N. C. Ind.,20100330,7731,7884,7726,7654,3540970466,453901,67,D,7618,7884
S*I. N. C. Ind.,20100329,7820,7869,7631,7618,3122856745,406116,44,D,7603,7750
S*I. N. C. Ind.,20100328,7796,7828,7796,7603,2789245214,356714,70,D,7564,7828
S*I. N. C. Ind.,20100327,7610,7796,7610,7564,2634047464,340187,45,D,7533,7796
S*I. N. C. Ind.,20100317,7500,7600,7472,7533,3040619261,404775,70,D,7537,7600
S*I. N. C. Ind.,20100316,7480,7500,7465,7537,2755440933,368304,57,D,7547,7480
S*I. N. C. Ind.,20100315,7569,7569,7461,7547,2848479359,380326,59,D,7558,7480
S*I. N. C. Ind.,20100314,7536,7586,7490,7558,2411315174,320740,51,D,7564,7546
S*I. N. C. Ind.,20100313,7500,7600,7497,7564,2929656414,387534,81,D,7565,7600
S*I. N. C. Ind.,20100310,7481,7587,7480,7565,2279101548,302750,57,D,7570,7500
S*I. N. C. Ind.,20100309,7596,7599,7546,7570,3799061086,501920,76,D,7570,7550
S*I. N. C. Ind.,20100308,7520,7600,7500,7570,4421989643,587534,61,D,7585,7590
S*I. N. C. Ind.,20100307,7552,7553,7451,7585,2533500489,338177,85,D,7601,7530
S*I. N. C. Ind.,20100306,7655,7655,7551,7601,5028863609,662528,91,D,7605,7551
S*I. N. C. Ind.,20100303,7560,7694,7550,7605,18247806859,2399549,82,D,7694,7582
S*I. N. C. Ind.,20100302,7649,7680,7550,7694,2325066627,305639,77,D,7707,7550
S*I. N. C. Ind.,20100301,7850,7850,7600,7707,23522986729,3052211,287,D,7682,7600
S*I. N. C. Ind.,20100228,7600,7693,7600,7682,31867782924,4148544,394,D,7433,7693
S*I. N. C. Ind.,20100227,7469,7470,7430,7433,1510983661,202954,40,D,7432,7430
S*I. N. C. Ind.,20100224,7499,7500,7435,7432,4419737155,591971,59,D,7420,7436
S*I. N. C. Ind.,20100223,7450,7459,7350,7420,2473034705,333771,49,D,7422,7400
S*I. N. C. Ind.,20100222,7400,7599,7400,7422,4676870771,624122,84,D,7396,7411
S*I. N. C. Ind.,20100221,7392,7449,7354,7396,2202856374,297852,67,D,7216,7400
S*I. N. C. Ind.,20100220,0,0,0,7216,0,0,0,D,7216,7209
S*I. N. C. Ind.,20100217,7410,7410,7203,7216,23883410544,3309697,59,D,7203,7209
S*I. N. C. Ind.,20100216,7295,7414,7290,7203,3156619675,428081,101,D,7164,7366
S*I. N. C. Ind.,20100214,7118,7300,7118,7164,334410437,46362,21,D,7163,7296
S*I. N. C. Ind.,20100210,7088,7120,7075,7163,1186599422,167331,44,D,7169,7108
S*I. N. C. Ind.,20100209,7099,7099,7051,7169,832531501,117554,21,D,7174,7051
S*I. N. C. Ind.,20100208,7050,7050,7000,7174,1763461012,251184,75,D,7193,7013
S*I. N. C. Ind.,20100207,7063,7096,7001,7193,1397277510,198547,48,D,7208,7014
S*I. N. C. Ind.,20100206,7003,7190,7003,7208,4517504445,637923,130,D,7256,7037
S*I. N. C. Ind.,20100203,7153,7267,7153,7256,3280298714,454762,63,D,7267,7200
S*I. N. C. Ind.,20100202,7194,7194,7100,7267,1675876607,235274,76,D,7283,7100
S*I. N. C. Ind.,20100201,7100,7195,7064,7283,2379937104,334438,49,D,7311,7193
S*I. N. C. Ind.,20100131,7130,7200,7109,7311,3664051141,513220,118,D,7360,7144
S*I. N. C. Ind.,20100130,7245,7245,7245,7360,9411443370,1299026,97,D,7507,7245
S*I. N. C. Ind.,20100127,7360,7390,7272,7507,1998458690,273413,98,D,7534,7275
S*I. N. C. Ind.,20100126,7428,7429,7330,7534,1484426160,201424,79,D,7550,7330
S*I. N. C. Ind.,20100125,7457,7457,7370,7550,3274203495,441181,83,D,7580,7380
S*I. N. C. Ind.,20100124,7599,7599,7456,7580,2788925680,369998,77,D,7588,7462
S*I. N. C. Ind.,20100123,7660,7749,7500,7588,8898060885,1167662,217,D,7555,7575
S*I. N. C. Ind.,20100120,7550,7600,7459,7555,4964830341,656482,100,D,7552,7550
S*I. N. C. Ind.,20100119,7460,7620,7450,7552,5394555256,718441,123,D,7572,7550
S*I. N. C. Ind.,20100118,7401,7499,7400,7572,3045265988,409335,87,D,7600,7464
S*I. N. C. Ind.,20100117,7430,7500,7400,7600,3239625063,433910,80,D,7631,7400
S*I. N. C. Ind.,20100116,7479,7480,7430,7631,4405056171,592505,65,D,7699,7430
S*I. N. C. Ind.,20100113,7598,7598,7453,7699,1703264275,227737,59,D,7723,7453
S*I. N. C. Ind.,20100112,7750,7750,7500,7723,1764589859,233821,53,D,7743,7500
S*I. N. C. Ind.,20100111,7653,7722,7653,7743,6861905346,891167,120,D,7770,7700
S*I. N. C. Ind.,20100110,7843,7843,7520,7770,17554890609,2257819,144,D,7578,7653
S*I. N. C. Ind.,20100109,7500,7710,7459,7578,11833464448,1548474,145,D,7450,7710
S*I. N. C. Ind.,20100106,7400,7530,7400,7450,7590088905,1014419,141,D,7425,7500
S*I. N. C. Ind.,20100105,7332,7498,7301,7425,1077828153,145528,45,D,7426,7470
S*I. N. C. Ind.,20100104,7448,7500,7384,7426,4476404590,599807,58,D,7413,7384
S*I. N. C. Ind.,20100103,7450,7539,7400,7413,2406005342,322026,53,D,7403,7401
S*I. N. C. Ind.,20100102,7380,7550,7380,7403,9305240233,1241135,151,D,7295,7549
S*I. N. C. Ind.,20091230,7350,7400,7300,7295,5720290077,775408,84,D,7254,7398
S*I. N. C. Ind.,20091229,7399,7400,7300,7254,1283050138,175062,37,D,7248,7301
S*I. N. C. Ind.,20091228,7320,7430,7300,7248,5035800239,679164,68,D,7179,7400
S*I. N. C. Ind.,20091223,6970,7427,6970,7179,974111150,134689,25,D,7176,7427
S*I. N. C. Ind.,20091222,7100,7200,7000,7176,2896328947,409300,53,D,7198,7170
S*I. N. C. Ind.,20091221,7099,7100,7032,7198,900967146,127332,35,D,7205,7080
S*I. N. C. Ind.,20091220,7100,7240,7052,7205,754587748,105247,17,D,7207,7120
S*I. N. C. Ind.,20091219,6979,7011,6979,7207,1727446619,246745,55,D,7232,7001
S*I. N. C. Ind.,20091216,7016,7018,7016,7232,2414510608,344137,47,D,7270,7016
S*I. N. C. Ind.,20091215,7150,7170,7090,7270,2752879260,386245,37,D,7298,7151
S*I. N. C. Ind.,20091214,7179,7200,7170,7298,2238200006,311759,45,D,7317,7170
S*I. N. C. Ind.,20091213,7100,7186,7085,7317,1647034684,231863,42,D,7341,7086
S*I. N. C. Ind.,20091212,7170,7250,7161,7341,5122787040,714943,87,D,7420,7161
S*I. N. C. Ind.,20091209,7294,7400,7203,7420,2338076726,320456,66,D,7440,7315
S*I. N. C. Ind.,20091208,7450,7450,7300,7440,636147123,86638,41,D,7444,7350
S*I. N. C. Ind.,20091207,7416,7500,7399,7444,7115611587,950677,118,D,7416,7450
S*I. N. C. Ind.,20091205,7401,7500,7401,7416,4291255479,574660,79,D,7399,7460
S*I. N. C. Ind.,20091202,7300,7457,7300,7399,5317041756,718328,102,D,7397,7405
S*I. N. C. Ind.,20091201,7162,7285,7162,7397,1746419824,242497,51,D,7420,7225
S*I. N. C. Ind.,20091130,7209,7209,7209,7420,3214514727,445903,73,D,7470,7209
S*I. N. C. Ind.,20091129,7231,7495,7231,7470,2006384104,274962,42,D,7493,7300
S*I. N. C. Ind.,20091125,7500,7525,7420,7493,3461215750,462173,103,D,7494,7470
S*I. N. C. Ind.,20091124,7500,7540,7494,7494,9729170210,1296264,156,D,7479,7500
S*I. N. C. Ind.,20091123,7472,7550,7472,7479,4231315363,564155,89,D,7472,7499
S*I. N. C. Ind.,20091122,7499,7590,7440,7472,11412036247,1520887,224,D,7413,7492
S*I. N. C. Ind.,20091121,7499,7510,7400,7413,9792297212,1306526,220,D,7306,7500
S*I. N. C. Ind.,20091118,7190,7490,7152,7306,9037840241,1226885,225,D,7237,7460
S*I. N. C. Ind.,20091117,7239,7250,7180,7237,2788480327,386575,71,D,7242,7180
S*I. N. C. Ind.,20091116,7189,7250,7105,7242,3801213267,532511,107,D,7273,7120
S*I. N. C. Ind.,20091115,7200,7200,7070,7273,1506839162,212181,55,D,7290,7090
S*I. N. C. Ind.,20091114,7249,7380,7184,7290,3864664295,530384,80,D,7291,7184
S*I. N. C. Ind.,20091111,7150,7250,7120,7291,4199874738,586758,94,D,7336,7200
S*I. N. C. Ind.,20091110,7160,7200,7142,7336,3647465598,509209,85,D,7385,7175
S*I. N. C. Ind.,20091109,7252,7300,7239,7385,7978712371,1099365,138,D,7501,7239
S*I. N. C. Ind.,20091108,7500,7500,7368,7501,8605324406,1167757,132,D,7635,7368
S*I. N. C. Ind.,20091107,7719,7719,7449,7635,6882187412,916644,204,D,7719,7449
S*I. N. C. Ind.,20091104,7711,7800,7609,7719,47284128198,6125693,646,D,7318,7609
S*I. N. C. Ind.,20091103,0,0,0,7318,0,0,0,D,7318,7300
S*I. N. C. Ind.,20091102,0,0,0,7318,0,0,0,D,7318,7300
S*I. N. C. Ind.,20091101,0,0,0,7318,0,0,0,D,7318,7300
S*I. N. C. Ind.,20091031,0,0,0,7318,0,0,0,D,7318,7300
S*I. N. C. Ind.,20091028,0,0,0,7318,0,0,0,D,7318,7300
S*I. N. C. Ind.,20091027,0,0,0,7318,0,0,0,D,7318,7300
S*I. N. C. Ind.,20091026,0,0,0,7318,0,0,0,D,7318,7300
S*I. N. C. Ind.,20091025,0,0,0,7318,0,0,0,D,7318,7300
S*I. N. C. Ind.,20091024,0,0,0,7318,0,0,0,D,7318,7300
S*I. N. C. Ind.,20091021,0,0,0,7318,0,0,0,D,7318,7300
S*I. N. C. Ind.,20091020,0,0,0,7318,0,0,0,D,7318,7300
S*I. N. C. Ind.,20091019,0,0,0,7318,0,0,0,D,7318,7300
S*I. N. C. Ind.,20091018,7499,7499,7200,7318,3990748808,543397,103,D,7310,7300
S*I. N. C. Ind.,20091017,7100,7346,7100,7310,15312001000,2089094,191,D,7133,7343
S*I. N. C. Ind.,20091013,7000,7237,7000,7133,13531334593,1890712,186,D,7028,7210
S*I. N. C. Ind.,20091012,7090,7100,7000,7028,5429515937,768360,103,D,7009,7050
S*I. N. C. Ind.,20091011,7150,7150,6998,7009,3339472373,475038,91,D,7004,7050
S*I. N. C. Ind.,20091010,7002,7128,7000,7004,5906180261,834503,138,D,6962,7100
S*I. N. C. Ind.,20091007,6920,6990,6809,6962,2725798881,392978,71,D,6967,6990
S*I. N. C. Ind.,20091006,6930,6950,6776,6967,2054199481,299328,75,D,6983,6948
S*I. N. C. Ind.,20091005,6900,7000,6900,6983,1899304762,273598,72,D,6988,6905
S*I. N. C. Ind.,20091004,6980,6999,6930,6988,2990088464,430870,52,D,6999,6937
S*I. N. C. Ind.,20091003,6996,7089,6996,6999,5621772088,800128,153,D,6984,7029
S*I. N. C. Ind.,20090930,6831,6995,6831,6984,2427533378,348966,71,D,6989,6920
S*I. N. C. Ind.,20090929,6832,6920,6800,6989,1416452345,206927,55,D,7003,6920
S*I. N. C. Ind.,20090928,7000,7014,6812,7003,3871420330,556998,93,D,7019,6950
S*I. N. C. Ind.,20090927,7001,7050,6956,7019,8222003977,1174220,197,D,7037,6957
S*I. N. C. Ind.,20090926,7089,7099,6850,7037,5977432534,851031,194,D,7045,7099
S*I. N. C. Ind.,20090923,6999,7113,6852,7045,13939989091,1971801,276,D,6906,7113
S*I. N. C. Ind.,20090922,6950,7000,6851,6906,4113646499,589919,85,D,6883,6860
S*I. N. C. Ind.,20090921,6798,7000,6798,6883,7620157567,1098494,129,D,6835,6999
S*I. N. C. Ind.,20090920,0,0,0,6835,0,0,0,D,6835,6790
S*I. N. C. Ind.,20090919,6667,6850,6645,6835,3034522517,448067,89,D,6850,6790
S*I. N. C. Ind.,20090916,6734,6872,6667,6850,3201915956,473464,89,D,6872,6667
S*I. N. C. Ind.,20090915,6735,6898,6735,6872,5399958960,801538,135,D,6943,6735
S*I. N. C. Ind.,20090914,6802,6802,6801,6943,5089237407,748307,108,D,7011,6801
S*I. N. C. Ind.,20090913,6900,6949,6823,7011,2131424644,310299,94,D,7033,6865
S*I. N. C. Ind.,20090912,7120,0,0,7033,0,0,0,D,7033,7033
S*I. N. C. Ind.,20090909,7087,7125,6960,7033,10066906393,1416735,254,D,6918,7125
S*I. N. C. Ind.,20090908,6800,7004,6800,6918,10571628135,1514563,236,D,6800,6925
S*I. N. C. Ind.,20090907,6661,6900,6661,6800,6481699522,966590,156,D,6867,6900
S*I. N. C. Ind.,20090906,6691,6692,6691,6867,2224246368,332422,62,D,6897,6691
S*I. N. C. Ind.,20090905,6792,6963,6745,6897,4697425422,694250,149,D,6953,6745
S*I. N. C. Ind.,20090902,6990,7000,6787,6953,5719332814,831809,210,D,6996,6788
S*I. N. C. Ind.,20090901,7099,7099,6871,6996,3359681227,482460,155,D,7004,6946
S*I. N. C. Ind.,20090831,6862,7100,6862,7004,12345534672,1760758,345,D,6982,7049
S*I. N. C. Ind.,20090830,7150,7150,6740,6982,44011011597,6303794,736,D,6942,6747
S*I. N. C. Ind.,20090829,6698,7200,6600,6942,1.00601E+11,14491107,1274,D,5683,7100
S*I. N. C. Ind.,20090826,0,0,0,5683,0,0,0,D,5683,5849
S*I. N. C. Ind.,20090825,0,0,0,5683,0,0,0,D,5683,5849
S*I. N. C. Ind.,20090824,0,0,0,5683,0,0,0,D,5683,5849
S*I. N. C. Ind.,20090823,5849,5849,5849,5683,333410547,57003,5,D,5679,5849
S*I. N. C. Ind.,20090822,5679,5679,5679,5679,74480085,13115,5,D,5514,5679
S*I. N. C. Ind.,20090819,5514,5514,5514,5514,28143456,5104,5,D,5354,5514
S*I. N. C. Ind.,20090818,5354,5354,5354,5354,478021182,89283,7,D,5199,5354
S*I. N. C. Ind.,20090817,5199,5199,5199,5199,519900,100,1,D,5048,5199
S*I. N. C. Ind.,20090816,5048,5048,5048,5048,328453168,65066,7,D,4901,5048
S*I. N. C. Ind.,20090815,5047,5047,5047,4901,40376000,8000,1,D,4900,5047
S*I. N. C. Ind.,20090812,5045,5045,5045,4900,77092645,15281,4,D,4899,5045
S*I. N. C. Ind.,20090811,5041,5041,5041,4899,304637712,60432,8,D,4895,5041
S*I. N. C. Ind.,20090810,5038,5038,5038,4895,243602414,48353,9,D,4892,5038
S*I. N. C. Ind.,20090809,5035,5035,5035,4892,202905465,40299,5,D,4889,5035
S*I. N. C. Ind.,20090808,5034,5034,5034,4889,54226248,10772,3,D,4888,5034
S*I. N. C. Ind.,20090805,5033,5033,5033,4888,115764033,23001,2,D,4887,5033
S*I. N. C. Ind.,20090804,5029,5029,5029,4887,336379752,66888,6,D,4883,5029
S*I. N. C. Ind.,20090803,5028,5028,5028,4883,74464680,14810,6,D,4882,5028
S*I. N. C. Ind.,20090802,5025,5025,5025,4882,218693025,43521,9,D,4879,5025
S*I. N. C. Ind.,20090801,4932,4932,4932,4879,7202046708,1460269,43,D,4789,4932
S*I. N. C. Ind.,20090729,4928,4928,4928,4789,343146496,69632,11,D,4785,4928
S*I. N. C. Ind.,20090728,4924,4924,4924,4785,334659660,67965,9,D,4781,4924
S*I. N. C. Ind.,20090727,4910,4910,4910,4781,1141152740,232414,20,D,4767,4910
S*I. N. C. Ind.,20090726,4899,4899,4899,4767,811200915,165585,21,D,4757,4899
S*I. N. C. Ind.,20090725,0,0,0,4757,0,0,0,D,4757,4720
S*I. N. C. Ind.,20090722,0,0,0,4757,0,0,0,D,4757,4720
S*I. N. C. Ind.,20090721,0,0,0,4757,0,0,0,D,4757,4720
S*I. N. C. Ind.,20090719,4795,4795,4700,4757,8307161903,1733927,192,D,4656,4720
S*I. N. C. Ind.,20090718,4717,4730,4594,4656,5429901719,1150654,152,D,4593,4730
S*I. N. C. Ind.,20090715,4700,4700,4541,4593,9016585154,1962932,311,D,4827,4584
S*I. N. C. Ind.,20090714,0,0,0,5627,0,0,0,D,5627,5492
S*I. N. C. Ind.,20090713,0,0,0,5627,0,0,0,D,5627,5492
S*I. N. C. Ind.,20090712,0,0,0,5627,0,0,0,D,5627,5492
S*I. N. C. Ind.,20090711,0,0,0,5627,0,0,0,D,5627,5492
S*I. N. C. Ind.,20090707,0,0,0,5627,0,0,0,D,5627,5492
S*I. N. C. Ind.,20090705,0,0,0,5627,0,0,0,D,5627,5492
S*I. N. C. Ind.,20090704,5580,5580,5492,5627,2718683283,494131,95,D,5661,5492
S*I. N. C. Ind.,20090701,5558,5800,5558,5661,21280866972,3758974,553,D,5143,5558
S*I. N. C. Ind.,20090630,0,0,0,5143,0,0,0,D,5143,5283
S*I. N. C. Ind.,20090629,0,0,0,5143,0,0,0,D,5143,5283
S*I. N. C. Ind.,20090628,0,0,0,5143,0,0,0,D,5143,5283
S*I. N. C. Ind.,20090627,0,0,0,5143,0,0,0,D,5143,5283
S*I. N. C. Ind.,20090624,5238,5283,5220,5143,1204166949,228668,67,D,5130,5283
S*I. N. C. Ind.,20090623,5229,5248,5148,5130,4162453329,801760,112,D,5098,5248
S*I. N. C. Ind.,20090622,5181,5200,5063,5098,4545143669,877570,136,D,5049,5200
S*I. N. C. Ind.,20090621,5067,5067,5000,5049,10353887630,2043606,207,D,4920,5067
S*I. N. C. Ind.,20090620,5029,5033,5000,4920,2616188867,519900,77,D,4887,5033
S*I. N. C. Ind.,20090617,4930,4965,4930,4887,5293544621,1066457,158,D,4821,4965
S*I. N. C. Ind.,20090616,4689,4840,4688,4821,1260470161,265957,90,D,4832,4840
S*I. N. C. Ind.,20090615,4750,4952,4721,4832,3228325393,679851,119,D,4867,4761
S*I. N. C. Ind.,20090614,4867,4867,4866,4867,17390815596,3573223,316,D,4726,4867
S*I. N. C. Ind.,20090613,4726,4726,4726,4726,409082560,86560,34,D,4589,4726
S*I. N. C. Ind.,20090610,4589,4589,4589,4589,180356878,39302,6,D,4456,4589
S*I. N. C. Ind.,20090609,4456,4456,4456,4456,1131824,254,1,D,4327,4456
S*I. N. C. Ind.,20090608,4456,4456,4456,4327,20952112,4702,1,D,4327,4456
S*I. N. C. Ind.,20090607,4452,4452,4452,4327,297731952,66876,10,D,4323,4452
S*I. N. C. Ind.,20090606,4452,4452,4452,4323,29481144,6622,4,D,4323,4452
S*I. N. C. Ind.,20090603,4449,4449,4449,4323,257739468,57932,5,D,4320,4449
S*I. N. C. Ind.,20090602,4447,4447,4447,4320,148627634,33422,6,D,4318,4447
S*I. N. C. Ind.,20090601,4443,4443,4443,4318,339574047,76429,19,D,4314,4443
S*I. N. C. Ind.,20090531,4441,4441,4441,4314,186353242,41962,3,D,4312,4441
S*I. N. C. Ind.,20090530,4439,4439,4439,4312,122551912,27608,10,D,4310,4439
S*I. N. C. Ind.,20090527,4300,4409,4300,4310,2402473002,545587,94,D,4281,4409
S*I. N. C. Ind.,20090526,4409,4409,4200,4281,435912425,101825,34,D,4281,4300
S*I. N. C. Ind.,20090525,4266,4391,4264,4281,1869444775,429127,97,D,4264,4390
S*I. N. C. Ind.,20090524,4343,4343,4164,4264,2657110779,623129,82,D,4230,4289
S*I. N. C. Ind.,20090523,0,0,0,4230,0,0,0,D,4230,4344
S*I. N. C. Ind.,20090520,4218,4344,4218,4230,1283206485,297614,44,D,4218,4344
S*I. N. C. Ind.,20090519,4251,4251,4190,4218,1191922997,283309,63,D,4219,4210
S*I. N. C. Ind.,20090518,4200,4260,4190,4219,1388598804,328766,56,D,4218,4260
S*I. N. C. Ind.,20090517,4161,4221,4161,4218,728194295,173282,47,D,4219,4220
S*I. N. C. Ind.,20090516,4220,4220,4180,4219,6851482648,1638522,161,D,4309,4180
S*I. N. C. Ind.,20090513,4252,4338,4190,4309,1099595654,257104,81,D,4313,4290
S*I. N. C. Ind.,20090512,4363,4363,4200,4313,6220650145,1426674,184,D,4236,4200
S*I. N. C. Ind.,20090511,4356,4356,4356,4236,510200856,117126,21,D,4230,4356
S*I. N. C. Ind.,20090510,4352,4352,4352,4230,289743104,66577,10,D,4226,4352
S*I. N. C. Ind.,20090509,4347,4347,4347,4226,408557142,93986,14,D,4221,4347
S*I. N. C. Ind.,20090506,4315,4315,4315,4221,2479783035,574689,63,D,4190,4315
S*I. N. C. Ind.,20090505,4277,4280,4243,4190,2819952553,659343,58,D,4156,4280
S*I. N. C. Ind.,20090504,4207,4235,4140,4156,1219128099,291699,107,D,4153,4179
S*I. N. C. Ind.,20090503,4121,4279,4121,4153,9742568900,2345855,284,D,4248,4210
S*I. N. C. Ind.,20090502,4210,4300,4138,4248,1763012751,422402,86,D,4265,4138
S*I. N. C. Ind.,20090429,4353,4353,4101,4265,17882625144,4193258,611,D,4227,4101
S*I. N. C. Ind.,20090428,4227,4227,4227,4227,810383532,191716,31,D,4104,4227
S*I. N. C. Ind.,20090427,4104,4104,4104,4104,76506768,18642,8,D,3985,4104
S*I. N. C. Ind.,20090426,4089,4089,4089,3985,1214870523,297107,32,D,3970,4089
S*I. N. C. Ind.,20090425,3970,3970,3970,3970,1129341930,284469,30,D,3855,3970
S*I. N. C. Ind.,20090422,3855,3855,3855,3855,397596990,103138,16,D,3743,3855
S*I. N. C. Ind.,20090421,0,0,0,3743,0,0,0,D,3743,3743
S*I. N. C. Ind.,20090420,3743,3743,3743,3743,3743000,1000,1,D,3634,3743
S*I. N. C. Ind.,20090419,3634,3634,3634,3634,87437674,24061,5,D,3529,3634
S*I. N. C. Ind.,20090418,3529,3529,3529,3529,23312574,6606,2,D,3427,3529
S*I. N. C. Ind.,20090415,3427,3427,3427,3427,245030500,71500,5,D,3328,3427
S*I. N. C. Ind.,20090414,3328,3328,3328,3328,225435392,67739,3,D,3232,3328
S*I. N. C. Ind.,20090413,3327,3327,3327,3232,55620786,16718,4,D,3231,3327
S*I. N. C. Ind.,20090412,3231,3231,3231,3231,323100,100,1,D,3137,3231
S*I. N. C. Ind.,20090411,3137,3137,3137,3137,313700,100,1,D,3046,3137
S*I. N. C. Ind.,20090408,3046,3046,3046,3046,325072166,106721,9,D,2958,3046
S*I. N. C. Ind.,20090407,2958,2958,2958,2958,3543684,1198,1,D,2872,2958
S*I. N. C. Ind.,20090406,2872,2872,2872,2872,77544000,27000,4,D,2789,2872
S*I. N. C. Ind.,20090405,2872,2872,2872,2789,6706120,2335,5,D,2789,2872
S*I. N. C. Ind.,20090404,2789,2789,2789,2789,2789000,1000,1,D,2708,2789
S*I. N. C. Ind.,20090331,2789,2789,2789,2708,28341818,10162,3,D,2708,2789
S*I. N. C. Ind.,20090330,2708,2708,2708,2708,2708000,1000,1,D,2630,2708
S*I. N. C. Ind.,20090329,0,0,0,2630,0,0,0,D,2630,2707
S*I. N. C. Ind.,20090328,0,0,0,2630,0,0,0,D,2630,2707
S*I. N. C. Ind.,20090325,0,0,0,2630,0,0,0,D,2630,2707
S*I. N. C. Ind.,20090318,2707,2707,2707,2630,54667865,20195,2,D,2629,2707
S*I. N. C. Ind.,20090317,2707,2707,2707,2629,39746881,14683,8,D,2629,2707
S*I. N. C. Ind.,20090316,2707,2707,2707,2629,13535000,5000,1,D,2629,2707
S*I. N. C. Ind.,20090314,2705,2705,2705,2629,155680865,57553,11,D,2627,2705
S*I. N. C. Ind.,20090311,2628,2702,2624,2627,327231984,121783,26,D,2624,2702
S*I. N. C. Ind.,20090310,2694,2694,2650,2624,744357699,277155,61,D,2616,2680
S*I. N. C. Ind.,20090309,2699,2699,2543,2616,573913866,223171,67,D,2621,2543
S*I. N. C. Ind.,20090308,2565,2644,2565,2621,1822774214,709768,74,D,2644,2644
S*I. N. C. Ind.,20090307,2644,2644,2644,2644,150292892,56843,8,D,2725,2644
S*I. N. C. Ind.,20090304,0,0,0,2725,0,0,0,D,2725,2646
S*I. N. C. Ind.,20090303,2646,2646,2646,2725,129167136,48816,8,D,2727,2646
S*I. N. C. Ind.,20090302,2646,2646,2646,2727,36144360,13660,4,D,2727,2646
S*I. N. C. Ind.,20090301,2647,2647,2647,2727,42015831,15873,7,D,2728,2647
S*I. N. C. Ind.,20090228,2649,2649,2649,2728,153279087,57863,10,D,2730,2649
S*I. N. C. Ind.,20090225,2650,2650,2650,2730,56272750,21235,7,D,2731,2650
S*I. N. C. Ind.,20090223,2750,2750,2675,2731,1987560550,742461,113,D,2757,2675
S*I. N. C. Ind.,20090222,2799,2900,2600,2757,380220331,137910,36,D,3094,2895
S*I. N. C. Ind.,20090221,0,0,0,3094,0,0,0,D,3094,3005
S*I. N. C. Ind.,20090218,3004,3037,3004,3094,150182459,49967,18,D,3096,3005
S*I. N. C. Ind.,20090217,3013,3014,3013,3096,748177095,248315,40,D,3106,3014
S*I. N. C. Ind.,20090215,3023,3023,3020,3106,519815207,172122,47,D,3113,3020
S*I. N. C. Ind.,20090214,3100,3100,3023,3113,298629322,98309,43,D,3116,3023
S*I. N. C. Ind.,20090211,3143,3196,3100,3116,432019527,138321,37,D,3116,3100
S*I. N. C. Ind.,20090209,3180,3190,3150,3116,786651658,247665,63,D,3109,3150
S*I. N. C. Ind.,20090208,3120,3199,3120,3109,310961522,98224,32,D,3106,3197
S*I. N. C. Ind.,20090207,3183,3183,3180,3106,1201373830,377466,82,D,3091,3180
S*I. N. C. Ind.,20090204,3050,3120,3050,3091,404815251,130963,41,D,3176,3099
S*I. N. C. Ind.,20090203,0,0,0,3176,0,0,0,D,3176,3257
S*I. N. C. Ind.,20090202,3257,3257,3257,3176,1059997164,325452,24,D,3163,3257
S*I. N. C. Ind.,20090201,3240,3252,3240,3163,416968180,128225,13,D,3158,3252
S*I. N. C. Ind.,20090131,3210,3243,3210,3158,756664412,233499,40,D,3149,3243
S*I. N. C. Ind.,20090128,3232,3232,3150,3149,1080557435,335908,73,D,3138,3230
S*I. N. C. Ind.,20090127,3127,3218,3127,3138,1281382912,400317,76,D,3125,3218
S*I. N. C. Ind.,20090126,3040,3040,3040,3125,643637920,211723,32,D,3134,3040
S*I. N. C. Ind.,20090125,3091,3129,3089,3134,3835022485,1241098,131,D,3184,3089
S*I. N. C. Ind.,20090124,3247,3247,3060,3184,22688802529,7125876,261,D,3153,3073
S*I. N. C. Ind.,20090121,3153,3153,3153,3153,44097858,13986,2,D,3062,3153
S*I. N. C. Ind.,20090120,3062,3062,3062,3062,39230344,12812,2,D,2973,3062
S*I. N. C. Ind.,20090119,2973,2973,2973,2973,4908423,1651,4,D,2887,2973
S*I. N. C. Ind.,20090118,2971,2971,2971,2887,163969490,55190,8,D,2885,2971
S*I. N. C. Ind.,20090117,2970,2970,2970,2885,95720130,32229,7,D,2884,2970
S*I. N. C. Ind.,20090114,2969,2969,2969,2884,48602530,16370,5,D,2883,2969
S*I. N. C. Ind.,20090113,2969,2969,2969,2883,3488575,1175,2,D,2883,2969
S*I. N. C. Ind.,20090112,2968,2968,2968,2883,73437224,24743,7,D,2882,2968
S*I. N. C. Ind.,20090111,2966,2966,2966,2882,127256230,42905,8,D,2880,2966
S*I. N. C. Ind.,20090110,2965,2965,2965,2880,69324665,23381,7,D,2879,2965
S*I. N. C. Ind.,20090105,2963,2963,2963,2879,197566914,66678,15,D,2877,2963
S*I. N. C. Ind.,20090104,2962,2962,2962,2877,114487224,38652,12,D,2876,2962
S*I. N. C. Ind.,20090103,2867,2953,2867,2876,942982125,321392,98,D,2867,2953
S*I. N. C. Ind.,20081231,2867,2867,2867,2867,7454865144,2600232,180,D,2955,2867
S*I. N. C. Ind.,20081230,2955,2955,2955,2955,9939934440,3363768,268,D,3046,2955
S*I. N. C. Ind.,20081229,3046,3046,3046,3046,6701200,2200,2,D,3140,3046
S*I. N. C. Ind.,20081228,3140,3140,3140,3140,628000,200,1,D,3237,3140
S*I. N. C. Ind.,20081227,3237,3237,3237,3237,10584990,3270,4,D,3337,3237
S*I. N. C. Ind.,20081224,3238,3238,3238,3337,111711000,34500,8,D,3338,3238
S*I. N. C. Ind.,20081223,3338,3338,3338,3338,166900,50,1,D,3441,3338
S*I. N. C. Ind.,20081222,3441,3441,3441,3441,6513813,1893,3,D,3547,3441
S*I. N. C. Ind.,20081221,0,0,0,3547,0,0,0,D,3547,3441
S*I. N. C. Ind.,20081220,3441,3441,3441,3547,11355300,3300,4,D,3547,3441
S*I. N. C. Ind.,20081216,3547,3547,3547,3547,1425947205,402015,71,D,3656,3547
S*I. N. C. Ind.,20081215,3547,3547,3547,3656,20579694,5802,4,D,3656,3547
S*I. N. C. Ind.,20081214,3656,3656,3656,3656,36560,10,1,D,3769,3656
S*I. N. C. Ind.,20081213,3656,3656,3656,3769,25592000,7000,2,D,3769,3656
S*I. N. C. Ind.,20081210,3769,3769,3769,3769,7538000,2000,1,D,3885,3769
S*I. N. C. Ind.,20081208,0,0,0,3885,0,0,0,D,3885,3769
S*I. N. C. Ind.,20081207,3769,3769,3769,3885,376900,100,1,D,3885,3769
S*I. N. C. Ind.,20081206,3885,3885,3885,3885,15540000,4000,4,D,4005,3885
S*I. N. C. Ind.,20081203,4005,4005,4005,4005,3680595,919,16,D,4128,4005
S*I. N. C. Ind.,20081202,4128,4128,4128,4128,53664,13,1,D,4255,4128
S*I. N. C. Ind.,20081201,4255,4255,4255,4255,212750,50,1,D,4386,4255
S*I. N. C. Ind.,20081130,4386,4386,4386,4386,2565810,585,3,D,4521,4386
S*I. N. C. Ind.,20081129,4521,4521,4521,4521,4521000,1000,1,D,4660,4521
S*I. N. C. Ind.,20081126,4521,4660,4521,4660,1534009,339,2,D,4660,4660
S*I. N. C. Ind.,20081125,4660,4660,4660,4660,9949100,2135,1,D,4804,4660
S*I. N. C. Ind.,20081124,4804,4804,4804,4804,1441200,300,1,D,4952,4804
S*I. N. C. Ind.,20081123,4952,4952,4952,4952,11404456,2303,3,D,5105,4952
S*I. N. C. Ind.,20081122,5105,5105,5105,5105,5105000,1000,1,D,5262,5105
S*I. N. C. Ind.,20081117,5105,5262,5105,5262,103670,20,3,D,5262,5262
S*I. N. C. Ind.,20081116,5106,5262,5106,5262,50310978,9853,3,D,5263,5262
S*I. N. C. Ind.,20081115,5106,5263,5106,5263,9999118,1958,2,D,5263,5263
S*I. N. C. Ind.,20081109,5106,5263,5106,5263,563230,110,2,D,5263,5263
S*I. N. C. Ind.,20081105,5167,5263,5167,5263,4770454378,923254,61,D,5326,5263
S*I. N. C. Ind.,20081104,5183,5326,5183,5326,1310434869,252833,16,D,5343,5326
S*I. N. C. Ind.,20081029,5214,5343,5214,5343,2372423430,455010,25,D,5375,5343
S*I. N. C. Ind.,20081028,5214,5375,5214,5375,105890,20,2,D,5375,5375
S*I. N. C. Ind.,20081027,5248,5375,5248,5375,2650293750,505010,25,D,5410,5375
S*I. N. C. Ind.,20081026,5346,5410,5346,5410,7593352120,1420380,60,D,5511,5410
S*I. N. C. Ind.,20081022,5354,5511,5354,5511,629214358,117522,11,D,5519,5511
S*I. N. C. Ind.,20081021,5519,5519,5519,5519,611058161,110719,6,D,5689,5519
S*I. N. C. Ind.,20081020,5689,5689,5689,5689,114172541,20069,5,D,5864,5689
S*I. N. C. Ind.,20081019,5864,5864,5864,5864,7476600,1275,2,D,6045,5864
S*I. N. C. Ind.,20081018,6045,6045,6045,6045,1392320670,230326,16,D,6231,6045
S*I. N. C. Ind.,20081015,6046,6231,6046,6231,40020324,6619,4,D,6232,6231
S*I. N. C. Ind.,20081014,6047,6232,6047,6232,85325020,14110,6,D,6233,6232
S*I. N. C. Ind.,20081013,6111,6233,6111,6233,4982085635,815265,48,D,6300,6233
S*I. N. C. Ind.,20081012,6112,6300,6112,6300,91743000,15010,3,D,6301,6300
S*I. N. C. Ind.,20081011,6112,6301,6112,6301,10007234,1637,3,D,6301,6301
S*I. N. C. Ind.,20081008,6112,6301,6112,6301,1896610,310,4,D,6301,6301
S*I. N. C. Ind.,20081007,6112,6301,6112,6301,27120834,4437,3,D,6301,6301
S*I. N. C. Ind.,20081006,6112,6301,6112,6301,22769090,3725,5,D,6301,6301
S*I. N. C. Ind.,20081005,6114,6301,6114,6301,155016226,25354,11,D,6303,6301
S*I. N. C. Ind.,20081004,6118,6303,6118,6303,321527222,52554,9,D,6307,6303
S*I. N. C. Ind.,20080930,6172,6307,6172,6307,4123459002,668091,94,D,6362,6307
S*I. N. C. Ind.,20080929,6480,6499,6250,6362,2042711562,320378,75,D,6360,6362
S*I. N. C. Ind.,20080928,6290,6360,6186,6360,6216809054,983021,63,D,6377,6360
S*I. N. C. Ind.,20080927,6330,6440,6250,6377,7907396922,1232438,107,D,6332,6377
S*I. N. C. Ind.,20080924,6225,6450,6225,6332,3197683764,503928,85,D,6329,6332
S*I. N. C. Ind.,20080923,6370,6419,6210,6329,8034589157,1261798,140,D,6323,6329
S*I. N. C. Ind.,20080921,6225,6378,6114,6323,38291103261,6157078,85,D,6225,6323
S*I. N. C. Ind.,20080920,6200,6290,6000,6225,11196612148,1789046,113,D,6111,6225
S*I. N. C. Ind.,20080917,6084,6249,5980,6111,12964565689,2137291,140,D,6084,6111
S*I. N. C. Ind.,20080916,6222,6225,6000,6084,4706005340,763102,168,D,6044,6084
S*I. N. C. Ind.,20080915,6183,6183,6044,6044,3271341070,529173,97,D,6003,6044
S*I. N. C. Ind.,20080914,5870,6180,5828,6003,2692852041,448602,83,D,6003,6003
S*I. N. C. Ind.,20080913,6003,6177,6003,6003,28271346154,4709496,333,D,6188,6003
S*I. N. C. Ind.,20080910,6188,6289,6188,6188,19728342570,3188149,145,D,6379,6188
S*I. N. C. Ind.,20080909,6216,6379,6216,6379,2230434518,358688,83,D,6408,6379
S*I. N. C. Ind.,20080908,6250,6408,6249,6408,2524478864,403961,97,D,6442,6408
S*I. N. C. Ind.,20080907,6318,6442,6318,6442,5332771613,844055,159,D,6513,6442
S*I. N. C. Ind.,20080906,6512,6514,6512,6513,14991016927,2302056,197,D,6713,6513
S*I. N. C. Ind.,20080903,6604,6713,6530,6713,1231012179,186390,75,D,6722,6713
S*I. N. C. Ind.,20080902,6546,6790,6546,6722,2849633230,431227,112,D,6748,6722
S*I. N. C. Ind.,20080901,6700,6748,6554,6748,765198063,115324,48,D,6754,6748
S*I. N. C. Ind.,20080831,6620,6754,6620,6754,5298013074,800300,147,D,6824,6754
S*I. N. C. Ind.,20080830,6749,6824,6654,6824,2657558107,399257,64,D,6859,6824
S*I. N. C. Ind.,20080827,6820,6897,6683,6859,4154657844,606785,173,D,6863,6859
S*I. N. C. Ind.,20080826,6967,6967,6841,6863,8527934862,1227000,305,D,6765,6863
S*I. N. C. Ind.,20080825,6845,6845,6765,6765,9442936810,1379538,136,D,6646,6765
S*I. N. C. Ind.,20080824,6841,6841,6646,6646,339530562,49632,18,D,6642,6646
S*I. N. C. Ind.,20080823,6803,6803,6642,6642,2976882342,437584,44,D,6605,6642
S*I. N. C. Ind.,20080820,6550,6698,6543,6605,8203326790,1225037,161,D,6503,6605
S*I. N. C. Ind.,20080819,6442,6503,6439,6503,1397649528,216357,90,D,6507,6503
S*I. N. C. Ind.,20080818,6514,6514,6425,6507,2039511018,315676,106,D,6514,6507
S*I. N. C. Ind.,20080816,6513,6517,6391,6514,977160854,150938,64,D,6517,6514
S*I. N. C. Ind.,20080813,6487,7666,6487,6517,1.53202E+12,200163514,233,D,6687,6517
S*I. N. C. Ind.,20080812,6601,6687,6600,6687,8740036911,1324220,125,D,6804,6687
S*I. N. C. Ind.,20080811,6896,6897,6636,6804,3401781277,509562,122,D,6841,6804
S*I. N. C. Ind.,20080810,6900,6930,6790,6841,4933054797,721945,168,D,6845,6841
S*I. N. C. Ind.,20080809,6794,6845,6730,6845,7060981695,1048743,198,D,6938,6845
S*I. N. C. Ind.,20080806,6900,6938,6792,6938,4950839996,728231,153,D,7002,6938
S*I. N. C. Ind.,20080805,6996,7100,6996,7002,19592855197,2798112,405,D,7212,7002
S*I. N. C. Ind.,20080804,7180,7212,7066,7212,5714091996,807324,188,D,7284,7212
S*I. N. C. Ind.,20080803,7271,7399,7176,7284,10452939252,1448529,261,D,7397,7284
S*I. N. C. Ind.,20080802,7499,7499,7266,7397,7468277443,1025844,216,D,7490,7397
S*I. N. C. Ind.,20080729,7571,7609,7490,7490,8288088357,1096154,247,D,7427,7490
S*I. N. C. Ind.,20080728,7450,7451,7283,7427,4664897658,635771,175,D,7461,7427
S*I. N. C. Ind.,20080727,7530,7530,7363,7461,10584110492,1433805,297,D,7590,7461
S*I. N. C. Ind.,20080726,7700,7805,7571,7590,16711696877,2204776,327,D,7805,7590
S*I. N. C. Ind.,20080723,7992,7995,4140,7805,27139661347,5743640,268,D,7795,7805
S*I. N. C. Ind.,20080722,7800,7920,7698,7795,6644807458,851477,292,D,7790,7795
S*I. N. C. Ind.,20080721,8000,8002,7669,7790,60234311198,7732042,1298,D,9034,7790
S*I. N. C. Ind.,20080707,4140,9034,4140,9034,9.58881E+11,231585794,3,D,9034,9034
S*I. N. C. Ind.,20080705,7666,9034,7666,9034,7.00563E+11,91385665,2,D,9034,9034
S*I. N. C. Ind.,20080702,9252,9252,1851,9034,4.64094E+12,806917247,122,D,8983,9034
S*I. N. C. Ind.,20080701,8983,8983,8983,8983,23481184714,2613958,205,D,8722,8983
S*I. N. C. Ind.,20080630,8637,8723,8637,8722,33528365589,3844067,308,D,8469,8722
S*I. N. C. Ind.,20080629,8450,8600,8438,8469,6221263743,731651,240,D,8454,8469
S*I. N. C. Ind.,20080628,8500,8610,8454,8454,12880362317,1515634,237,D,8407,8454
S*I. N. C. Ind.,20080625,8172,8417,8172,8407,14629127216,1746971,217,D,8424,8407
S*I. N. C. Ind.,20080624,8263,8424,4140,8424,9.45908E+11,227605568,160,D,8518,8424
S*I. N. C. Ind.,20080623,8600,8600,8375,8518,17932030717,2107615,323,D,8616,8518
S*I. N. C. Ind.,20080622,8645,8645,8351,8616,39331544379,4564638,539,D,8394,8616
S*I. N. C. Ind.,20080621,8397,8397,8301,8394,29296515980,3489788,479,D,8153,8394
S*I. N. C. Ind.,20080618,8257,8257,8153,8153,10847269402,1313706,99,D,8017,8153
S*I. N. C. Ind.,20080617,8244,8244,8017,8017,1029475474,124876,26,D,8004,8017
S*I. N. C. Ind.,20080616,7993,8130,7916,8004,11743523722,1452699,230,D,7894,8004
S*I. N. C. Ind.,20080615,7810,7965,7762,7894,12439982735,1582090,290,D,7961,7894
S*I. N. C. Ind.,20080614,8101,8130,7894,7961,14129928369,1786658,354,D,8138,7961
S*I. N. C. Ind.,20080611,8115,8273,8070,8138,12943010985,1581201,383,D,8038,8138
S*I. N. C. Ind.,20080610,7867,8098,7867,8038,45334554833,5630928,499,D,7863,8038
S*I. N. C. Ind.,20080609,7850,7980,7798,7863,13868536071,1761770,234,D,7857,7863
S*I. N. C. Ind.,20080608,7712,7857,7696,7857,3699120257,478889,174,D,7892,7857
S*I. N. C. Ind.,20080602,7938,7938,7751,7892,3504993850,450547,161,D,7919,7892
S*I. N. C. Ind.,20080601,7950,7950,7783,7919,7817302680,1004197,158,D,8023,7919
S*I. N. C. Ind.,20080531,8095,8095,7853,8023,7965570382,1004405,255,D,8095,8023
S*I. N. C. Ind.,20080528,8050,8239,7970,8095,17500282480,2146364,289,D,8008,8095
S*I. N. C. Ind.,20080527,8030,8097,7912,8008,19606123948,2448244,374,D,8016,8008
S*I. N. C. Ind.,20080526,7782,8081,7774,8016,33297646116,4143693,484,D,7846,8016
S*I. N. C. Ind.,20080525,7899,7900,7723,7846,3785728901,486784,166,D,7864,7846
S*I. N. C. Ind.,20080524,7850,7989,7830,7864,3082461603,390676,165,D,7859,7864
S*I. N. C. Ind.,20080521,7800,7928,7799,7859,48315289930,6168685,372,D,7862,7859
S*I. N. C. Ind.,20080520,7715,7870,7715,7862,4021804552,513396,164,D,7870,7862
S*I. N. C. Ind.,20080519,7711,7899,7711,7870,7625164819,969479,235,D,7874,7870
S*I. N. C. Ind.,20080518,7827,7900,7713,7874,15111020558,1925092,261,D,7878,7874
S*I. N. C. Ind.,20080517,7754,7899,7711,7878,9392264770,1199143,194,D,7927,7878
S*I. N. C. Ind.,20080514,7915,8045,7835,7927,29502471685,3721309,568,D,7874,7927
S*I. N. C. Ind.,20080513,7874,7874,7874,7874,28053117122,3562753,323,D,7645,7874
S*I. N. C. Ind.,20080512,7700,7729,7645,7645,11300263323,1462147,162,D,7504,7645
S*I. N. C. Ind.,20080506,7568,7620,7485,7504,5686872113,753680,154,D,7484,7504
S*I. N. C. Ind.,20080505,7379,7525,7349,7484,1846499867,247621,89,D,7487,7484
S*I. N. C. Ind.,20080504,7396,7487,7383,7487,5256859531,711857,185,D,7533,7487
S*I. N. C. Ind.,20080503,7555,7555,7432,7533,5848907513,786355,191,D,7583,7533
S*I. N. C. Ind.,20080430,7592,7594,7500,7583,3357175315,444916,103,D,7592,7583
S*I. N. C. Ind.,20080429,7552,7602,7495,7592,18018372536,2399719,116,D,7602,7592
S*I. N. C. Ind.,20080428,7620,7645,7475,7602,3707584046,491854,149,D,7620,7602
S*I. N. C. Ind.,20080427,7729,7730,7620,7620,2514596632,326944,112,D,7608,7620
S*I. N. C. Ind.,20080426,7706,7730,7590,7608,8203389113,1069680,173,D,7587,7608
S*I. N. C. Ind.,20080423,7550,7695,7497,7587,7180922665,940024,250,D,7552,7587
S*I. N. C. Ind.,20080422,7450,7552,7431,7552,1618842924,216422,62,D,7559,7552
S*I. N. C. Ind.,20080421,7496,7559,7444,7559,4155666392,558139,145,D,7595,7559
S*I. N. C. Ind.,20080420,7500,7595,7479,7595,2424141326,323367,119,D,7611,7595
S*I. N. C. Ind.,20080419,7680,7680,7484,7611,2144795393,285033,109,D,7623,7611
S*I. N. C. Ind.,20080416,7700,7718,7520,7623,1874816198,245630,130,D,7622,7623
S*I. N. C. Ind.,20080415,7685,7752,7622,7622,3704171054,480596,166,D,7600,7622
S*I. N. C. Ind.,20080414,7519,7686,7519,7600,9542330801,1265368,308,D,7672,7600
S*I. N. C. Ind.,20080413,7529,7672,7529,7672,1137128887,151033,29,D,7682,7672
S*I. N. C. Ind.,20080412,7650,7726,7563,7682,4523057641,596590,191,D,7717,7682
S*I. N. C. Ind.,20080409,7726,7726,7577,7717,72081115779,9340421,950,D,7575,7717
S*I. N. C. Ind.,20080408,7645,7645,7575,7575,9338733760,1221548,186,D,7496,7575
S*I. N. C. Ind.,20080407,7641,7641,7496,7496,483337646,63256,17,D,7492,7496
S*I. N. C. Ind.,20080406,7630,7630,7492,7492,1246656690,163389,24,D,7481,7492
S*I. N. C. Ind.,20080405,7607,7607,7481,7481,2810478254,369522,97,D,7458,7481
S*I. N. C. Ind.,20080402,7547,7548,7458,7458,6892532845,913178,163,D,7400,7458
S*I. N. C. Ind.,20080330,7473,7479,7400,7400,19252637190,2575386,175,D,7333,7400
S*I. N. C. Ind.,20080329,7429,7444,7333,7333,4131417584,555212,163,D,7299,7333
S*I. N. C. Ind.,20080326,7215,7400,7192,7299,1646406246,226963,71,D,7304,7299
S*I. N. C. Ind.,20080324,7442,7444,7202,7304,2058325660,280487,86,D,7299,7304
S*I. N. C. Ind.,20080318,7419,7419,7299,7299,2924116041,394139,68,D,7274,7299
S*I. N. C. Ind.,20080317,7249,7387,7248,7274,4277916232,580772,130,D,7243,7274
S*I. N. C. Ind.,20080316,7244,7260,7203,7243,5517220771,762077,87,D,7243,7243
S*I. N. C. Ind.,20080315,7253,7253,7182,7243,3228992040,448429,136,D,7253,7243
S*I. N. C. Ind.,20080312,7260,7294,7189,7253,93919164648,12937452,132,D,7261,7253
S*I. N. C. Ind.,20080311,7154,7261,7154,7261,12281144507,1705570,142,D,7300,7261
S*I. N. C. Ind.,20080310,7396,7400,7176,7300,12629329240,1731669,223,D,7322,7300
S*I. N. C. Ind.,20080309,7421,7421,7322,7322,6078297602,821472,245,D,7279,7322
S*I. N. C. Ind.,20080305,7285,7286,7205,7279,20079493883,2758655,444,D,7144,7279
S*I. N. C. Ind.,20080304,7190,7210,7077,7144,8966715784,1243841,254,D,7069,7144
S*I. N. C. Ind.,20080303,7000,7141,6970,7069,8971753699,1258684,296,D,7001,7069
S*I. N. C. Ind.,20080302,6981,7011,6900,7001,5150431691,737858,205,D,7011,7001
S*I. N. C. Ind.,20080301,7007,7089,6960,7011,7744655431,1106120,274,D,7021,7011
S*I. N. C. Ind.,20080227,7100,7198,7007,7021,15840360234,2257018,526,D,7150,7021
S*I. N. C. Ind.,20080226,7001,7240,7001,7150,13545278820,1894360,485,D,7221,7150
S*I. N. C. Ind.,20080219,7264,7264,7221,7221,11798309836,1624300,295,D,7122,7221
S*I. N. C. Ind.,20080218,7087,7190,7075,7122,11167472702,1578181,207,D,7219,7122
S*I. N. C. Ind.,20080217,7200,7219,7105,7219,3484532626,490122,136,D,7249,7219
S*I. N. C. Ind.,20080216,7263,7300,7170,7249,2510193401,347821,111,D,7255,7249
S*I. N. C. Ind.,20080213,7243,7387,7234,7255,3237916805,443096,166,D,7243,7255
S*I. N. C. Ind.,20080212,7300,7349,7152,7243,2869397567,397370,131,D,7248,7243
S*I. N. C. Ind.,20080210,7241,7250,7115,7248,2393727929,332007,142,D,7255,7248
S*I. N. C. Ind.,20080209,7327,7327,7202,7255,10216347775,1399052,326,D,7184,7255
S*I. N. C. Ind.,20080206,7217,7287,7073,7184,6600467358,925049,242,D,7217,7184
S*I. N. C. Ind.,20080205,7221,7329,7183,7217,4274894549,592237,146,D,7217,7217
S*I. N. C. Ind.,20080204,7280,7301,7156,7217,15387134493,2133854,386,D,7295,7217
S*I. N. C. Ind.,20080203,7295,7295,7295,7295,18481072755,2533389,184,D,7443,7295
S*I. N. C. Ind.,20080202,7538,7539,7290,7443,14246702804,1911029,343,D,7392,7443
S*I. N. C. Ind.,20080130,7399,7520,2931,7392,13898477713,2086161,455,D,7400,7392
S*I. N. C. Ind.,20080129,7549,7549,7398,7400,25878614239,3496832,555,D,7548,7400
S*I. N. C. Ind.,20080128,7600,8500,7311,7548,1.14204E+11,15129662,1954,D,6968,7548
S*I. N. C. Ind.,20080112,7105,7105,6968,6968,180671675,25429,6,D,6966,6968
S*I. N. C. Ind.,20080109,7086,7086,6966,6966,2123460420,299670,39,D,6948,6966
S*I. N. C. Ind.,20080108,6850,7040,6850,6948,6730307500,965715,212,D,6933,6948
S*I. N. C. Ind.,20080106,6932,7029,6932,6933,19648344205,2833862,373,D,7073,6933
S*I. N. C. Ind.,20080105,7121,7121,6987,7073,13965572524,1969849,407,D,6982,7073
S*I. N. C. Ind.,20080102,6880,7027,6800,6982,12691321724,1811074,259,D,6890,6982
S*I. N. C. Ind.,20080101,6877,6950,6831,6890,9212631811,1337029,374,D,6891,6890
S*I. N. C. Ind.,20071231,6923,7000,6882,6891,56635280504,8218313,1103,D,7022,6891
S*I. N. C. Ind.,20071230,7022,7162,7022,7022,1.20108E+11,17103153,1365,D,7165,7022
S*I. N. C. Ind.,20071226,7165,7165,7165,7165,9701410,1354,3,D,7311,7165
S*I. N. C. Ind.,20071225,7311,7311,7311,7311,11112720,1520,1,D,7460,7311
S*I. N. C. Ind.,20071223,7327,7460,7327,7460,1831824600,250010,15,D,7476,7460
S*I. N. C. Ind.,20071222,7327,7476,7327,7476,6156170,840,2,D,7476,7476
S*I. N. C. Ind.,20071218,7327,7476,7327,7476,4089956,558,3,D,7476,7476
S*I. N. C. Ind.,20071216,7328,7476,7328,7476,86464552,11799,3,D,7477,7476
S*I. N. C. Ind.,20071215,7328,7477,7328,7477,2273170,310,3,D,7477,7477
S*I. N. C. Ind.,20071211,7328,7477,7328,7477,16592082,2264,4,D,7477,7477
S*I. N. C. Ind.,20071210,7413,7477,7413,7477,9856251310,1329590,87,D,7564,7477
S*I. N. C. Ind.,20071209,7419,7564,7419,7564,676762630,91220,14,D,7570,7564
S*I. N. C. Ind.,20071208,7419,7570,7419,7570,51185191,6899,4,D,7570,7570
S*I. N. C. Ind.,20071205,7570,7570,7570,7570,8875461640,1172452,65,D,7724,7570
S*I. N. C. Ind.,20071203,7724,7724,7724,7724,610196000,79000,7,D,7881,7724
S*I. N. C. Ind.,20071202,7881,7881,7881,7881,1434342,182,3,D,8041,7881
S*I. N. C. Ind.,20071201,7881,8041,7881,8041,553270,70,2,D,8041,8041
S*I. N. C. Ind.,20071128,7881,8041,7881,8041,4225816,536,4,D,8041,8041
S*I. N. C. Ind.,20071127,7881,8041,7881,8041,8040220,1020,2,D,8041,8041
S*I. N. C. Ind.,20071126,7881,8041,7881,8041,4446484,564,3,D,8041,8041
S*I. N. C. Ind.,20071113,7885,8041,7885,8041,451961875,57319,18,D,8045,8041
S*I. N. C. Ind.,20071112,7888,8045,7888,8045,398148370,50475,7,D,8048,8045
S*I. N. C. Ind.,20071111,7890,8048,7890,8048,376985780,47780,4,D,8051,8048
S*I. N. C. Ind.,20071110,7894,8051,7894,8051,436745014,55326,8,D,8055,8051
S*I. N. C. Ind.,20071107,7899,8055,7899,8055,512504478,64882,15,D,8060,8055
S*I. N. C. Ind.,20071105,7905,8060,7905,8060,630456920,79754,13,D,8066,8060
S*I. N. C. Ind.,20071104,8044,8066,8044,8066,16119709668,2003942,68,D,8208,8066
S*I. N. C. Ind.,20071103,8116,8208,8116,8208,8329151428,1026263,37,D,8281,8208
S*I. N. C. Ind.,20071031,8496,8499,8189,8281,18966117882,2287460,608,D,8356,8281
S*I. N. C. Ind.,20071030,8240,8431,8140,8356,22491955322,2691694,663,D,8266,8356
S*I. N. C. Ind.,20071029,8252,8469,8252,8266,50789716124,6143965,780,D,8420,8266
S*I. N. C. Ind.,20071028,8442,8774,8331,8420,1.01695E+13,1159104552,291,D,8501,8420
S*I. N. C. Ind.,20071027,8604,8658,8485,8501,22586172709,2656670,633,D,8658,8501
S*I. N. C. Ind.,20071024,8793,8797,8552,8658,22021211430,2546917,652,D,8635,8658
S*I. N. C. Ind.,20071023,8770,8800,8589,8635,16852384654,1956979,418,D,8764,8635
S*I. N. C. Ind.,20071022,8906,8906,8650,8764,15331769362,1747243,558,D,8732,8764
S*I. N. C. Ind.,20071021,8694,8999,8694,8732,42456622289,4862053,919,D,8871,8732
S*I. N. C. Ind.,20071020,9023,9080,8842,8871,21187683436,2388259,682,D,9022,8871
S*I. N. C. Ind.,20071017,9049,9138,8899,9022,22710321611,2516996,696,D,9077,9022
S*I. N. C. Ind.,20071016,9150,9200,9000,9077,40418940037,4452505,915,D,9183,9077
S*I. N. C. Ind.,20071015,9080,9183,9045,9183,5261116917,581503,170,D,9229,9183
S*I. N. C. Ind.,20071014,9295,9399,9067,9229,20800285734,2253789,824,D,9236,9229
S*I. N. C. Ind.,20071010,9159,9253,9130,9236,53469820559,5788900,1019,D,9072,9236
S*I. N. C. Ind.,20071009,9172,9244,8989,9072,23123322189,2548628,803,D,9172,9072
S*I. N. C. Ind.,20071008,9209,9210,8971,9172,72393991991,7900502,1253,D,9030,9172
S*I. N. C. Ind.,20071007,9031,9031,8971,9030,38569011884,4270906,630,D,8854,9030
S*I. N. C. Ind.,20071006,8850,8855,8782,8854,25308111210,2858322,365,D,8682,8854
S*I. N. C. Ind.,20071002,8687,8690,8565,8682,44795707104,5159046,1054,D,8520,8682
S*I. N. C. Ind.,20071001,8429,8599,8401,8520,61162353329,7164199,520,D,8504,8520
S*I. N. C. Ind.,20070930,8558,8600,8429,8504,12041811436,1425925,249,D,8601,8504
S*I. N. C. Ind.,20070929,8728,8734,8430,8601,27121020258,3153123,761,D,8564,8601
S*I. N. C. Ind.,20070926,8625,8626,8454,8564,9173907117,1080247,257,D,8626,8564
S*I. N. C. Ind.,20070925,8473,8643,8462,8626,52535641058,6090087,891,D,8474,8626
S*I. N. C. Ind.,20070924,8520,8549,8410,8474,26329853129,3106901,706,D,8514,8474
S*I. N. C. Ind.,20070923,8577,8580,8418,8514,33994959928,3992597,890,D,8417,8514
S*I. N. C. Ind.,20070922,8421,8592,8292,8417,1.57382E+11,18698104,2398,D,8256,8417
S*I. N. C. Ind.,20070919,8256,8256,8256,8256,32040173760,3880835,385,D,8424,8256
S*I. N. C. Ind.,20070918,8262,8424,8262,8424,692803368,83854,21,D,8430,8424
S*I. N. C. Ind.,20070917,8263,8430,8263,8430,82648196,10002,16,D,8431,8430
S*I. N. C. Ind.,20070916,8267,8431,8267,8431,417377669,50487,20,D,8435,8431
S*I. N. C. Ind.,20070915,8435,8500,8435,8435,46328988655,5492458,528,D,8607,8435
S*I. N. C. Ind.,20070912,8774,8774,8599,8607,3.61523E+11,42004798,2711,D,8774,8607
S*I. N. C. Ind.,20070911,8852,8852,8564,8774,1.06447E+11,12136549,1618,D,8679,8774
S*I. N. C. Ind.,20070910,8699,8884,8305,8679,1.64881E+11,18996600,2628,D,7637,8679
S*I. N. C. Ind.,20070908,7637,7637,7637,7637,31564316686,4133078,419,D,7488,7637
S*I. N. C. Ind.,20070905,7488,7488,7488,7488,34453890432,4601214,784,D,7342,7488
S*I. N. C. Ind.,20070904,7476,7476,7342,7342,1444518856,193221,43,D,7330,7342
S*I. N. C. Ind.,20070903,7427,7427,7330,7330,5731102996,771658,151,D,7282,7330
S*I. N. C. Ind.,20070902,7401,7401,7282,7282,3041084512,410902,98,D,7256,7282
S*I. N. C. Ind.,20070901,7387,7387,7256,7256,1554703645,210465,57,D,7243,7256
S*I. N. C. Ind.,20070828,7194,7248,7151,7243,31231787397,4311947,575,D,7106,7243
S*I. N. C. Ind.,20070827,7185,7198,7032,7106,34670129694,4878543,1033,D,7175,7106
S*I. N. C. Ind.,20070826,7235,7235,7110,7175,45099981807,6285017,899,D,7235,7175
S*I. N. C. Ind.,20070825,7248,7248,7180,7235,71020914231,9822389,920,D,7106,7235
S*I. N. C. Ind.,20070822,7188,7200,7065,7106,38915461124,5475948,1112,D,7065,7106
S*I. N. C. Ind.,20070821,7068,7068,6950,7065,1.20303E+11,17026529,2345,D,6930,7065
S*I. N. C. Ind.,20070820,6930,6930,6930,6930,16077433680,2319976,367,D,6795,6930
S*I. N. C. Ind.,20070819,6802,6802,6701,6795,18098531668,2663545,454,D,6669,6795
S*I. N. C. Ind.,20070818,6664,6899,6664,6669,2.21663E+11,33237694,3144,D,6800,6669
S*I. N. C. Ind.,20070815,6892,6892,6800,6800,5094220880,739150,237,D,6757,6800
S*I. N. C. Ind.,20070814,6807,6807,6757,6757,9817170619,1442217,352,D,6674,6757
S*I. N. C. Ind.,20070813,6795,6795,6674,6674,1381694090,203340,90,D,6662,6674
S*I. N. C. Ind.,20070812,6755,6755,6662,6662,4665049355,690607,261,D,6623,6662
S*I. N. C. Ind.,20070808,6750,6750,6623,6623,624812480,92565,51,D,6618,6623
S*I. N. C. Ind.,20070807,6741,6741,6618,6618,1085306511,161001,93,D,6609,6618
S*I. N. C. Ind.,20070806,6725,6725,6609,6609,1775035690,263946,94,D,6594,6609
S*I. N. C. Ind.,20070805,6711,6711,6594,6594,1714719729,255509,87,D,6580,6594
S*I. N. C. Ind.,20070804,6580,6580,6580,6580,32902474080,5000376,764,D,6451,6580
S*I. N. C. Ind.,20070801,6575,6575,6451,6451,477968385,72695,64,D,6447,6451
S*I. N. C. Ind.,20070731,6570,6570,6447,6447,601390290,91536,69,D,6442,6447
S*I. N. C. Ind.,20070730,6463,6463,6442,6442,12520911876,1937322,261,D,6337,6442
S*I. N. C. Ind.,20070729,6318,6351,6261,6337,32072912370,5060601,814,D,6227,6337
S*I. N. C. Ind.,20070725,6210,6271,6152,6227,27435186640,4405659,945,D,6149,6227
S*I. N. C. Ind.,20070724,6157,6157,6081,6149,99692413075,16211810,2170,D,6037,6149
S*I. N. C. Ind.,20070723,6037,6037,6037,6037,34522173984,5718432,587,D,5919,6037
S*I. N. C. Ind.,20070722,5887,5920,5869,5919,81084935564,13698633,1392,D,5804,5919
S*I. N. C. Ind.,20070721,5805,5805,5753,5804,72490738038,12489496,1679,D,5692,5804
S*I. N. C. Ind.,20070718,5720,5777,5638,5692,15772986129,2769881,679,D,5700,5692
S*I. N. C. Ind.,20070717,5644,5757,5637,5700,38788637651,6804080,1122,D,5645,5700
S*I. N. C. Ind.,20070716,5639,5661,5507,5645,93232757927,16515576,2115,D,5550,5645
S*I. N. C. Ind.,20070715,5671,5671,5449,5550,1.04053E+11,18748194,2447,D,5560,5550
S*I. N. C. Ind.,20070714,5560,5560,5560,5560,33118473600,5956560,1071,D,5451,5560
S*I. N. C. Ind.,20070711,5451,5451,5451,5451,16716401817,3066667,850,D,5345,5451
S*I. N. C. Ind.,20070710,5359,5359,5345,5345,10786128827,2012713,631,D,5254,5345
S*I. N. C. Ind.,20070709,5257,5257,5254,5254,11849141288,2253974,671,D,5154,5254
S*I. N. C. Ind.,20070708,5175,5175,5154,5154,9532106565,1841953,914,D,5074,5154
S*I. N. C. Ind.,20070707,5117,5117,5074,5074,6757745152,1320646,740,D,5017,5074
S*I. N. C. Ind.,20070704,5057,5057,5017,5017,7004399730,1385090,835,D,4958,5017
S*I. N. C. Ind.,20070703,4993,4993,4958,4958,7441017620,1490290,750,D,4896,4958
S*I. N. C. Ind.,20070702,4938,4938,4896,4896,6458938146,1308007,540,D,4842,4896
S*I. N. C. Ind.,20070701,4879,4879,4842,4842,6910937244,1416466,454,D,4784,4842
S*I. N. C. Ind.,20070630,4816,4816,4784,4784,7374764560,1531305,415,D,4722,4784
S*I. N. C. Ind.,20070627,4751,4753,4722,4722,29925812213,6336469,1018,D,4818,4722
S*I. N. C. Ind.,20070626,4943,4947,4815,4818,35029182036,7269805,1178,D,4913,4818
S*I. N. C. Ind.,20070625,4900,4959,4877,4913,25341672066,5160953,1055,D,4862,4913
S*I. N. C. Ind.,20070624,4901,4990,4801,4862,63144425114,12985678,2996,D,5132,4862
S*I. N. C. Ind.,20070602,5182,5182,5132,5132,12023130804,2320172,496,D,5081,5132
S*I. N. C. Ind.,20070530,5078,5084,2352,5081,8.03546E+11,260336069,977,D,4985,5081
S*I. N. C. Ind.,20070529,4990,5043,4985,4985,11592663019,2302219,538,D,4945,4985
S*I. N. C. Ind.,20070528,5004,5029,4901,4945,6295387858,1263561,373,D,4931,4945
S*I. N. C. Ind.,20070527,4841,5031,4841,4931,17267182013,3502315,834,D,4933,4931
S*I. N. C. Ind.,20070526,5015,5015,4921,4933,20110412964,4086050,367,D,5021,4933
S*I. N. C. Ind.,20070523,5118,5118,5016,5021,29753090299,5925264,698,D,5118,5021
S*I. N. C. Ind.,20070522,5157,5164,5100,5118,13235755253,2563487,315,D,5063,5118
S*I. N. C. Ind.,20070521,5100,5113,5000,5063,19922887606,3927632,671,D,5013,5063
S*I. N. C. Ind.,20070520,5007,5100,5007,5013,40635572486,8104843,966,D,5109,5013
S*I. N. C. Ind.,20070519,5109,5179,5109,5109,24696276783,4833707,462,D,5213,5109
S*I. N. C. Ind.,20070516,5204,5310,5204,5213,70929247814,13605148,1784,D,5310,5213
S*I. N. C. Ind.,20070515,5321,5399,5306,5310,48757077414,9180877,895,D,5414,5310
S*I. N. C. Ind.,20070514,5410,5430,5327,5414,1.26137E+11,23316685,1682,D,5324,5414
S*I. N. C. Ind.,20070513,5279,5325,5250,5324,41441458190,7783711,996,D,5221,5324
S*I. N. C. Ind.,20070512,5262,5262,5082,5221,55343813731,10598792,1928,D,5159,5221
S*I. N. C. Ind.,20070509,5160,5160,5153,5159,60429566136,11711229,1579,D,5059,5159
S*I. N. C. Ind.,20070508,5083,5083,5059,5059,17918057645,3525095,443,D,4984,5059
S*I. N. C. Ind.,20070507,4984,4984,4984,4984,75702130504,15189031,995,D,4887,4984
S*I. N. C. Ind.,20070506,4850,4888,4830,4887,84060638460,17198866,1351,D,4793,4887
S*I. N. C. Ind.,20070505,4794,4794,4760,4793,98140059315,20471440,1590,D,4700,4793
S*I. N. C. Ind.,20070502,4639,4706,4614,4700,42143571253,8963844,1410,D,4614,4700
S*I. N. C. Ind.,20070501,4576,4667,4512,4614,27488246887,5956891,1602,D,4576,4614
S*I. N. C. Ind.,20070430,4580,4580,4502,4576,1.41254E+11,30863520,6470,D,4491,4576
S*I. N. C. Ind.,20070429,4491,4491,4491,4491,91675582398,20413178,3788,D,4403,4491
S*I. N. C. Ind.,20070428,4403,4403,4403,4403,88143863941,20019047,4410,D,4317,4403
S*I. N. C. Ind.,20070425,4317,4317,4317,4317,43213170000,10010000,3181,D,4233,4317
S*I. N. C. Ind.,20070424,4313,4313,4233,4233,892242449,206873,150,D,4229,4233
S*I. N. C. Ind.,20070423,4307,4307,4229,4229,1319797537,306431,249,D,4223,4229
S*I. N. C. Ind.,20070422,4301,4301,4223,4223,1470455207,341887,320,D,4217,4223
S*I. N. C. Ind.,20070421,4295,4295,4217,4217,1479540820,344480,264,D,4211,4217
S*I. N. C. Ind.,20070418,4288,4288,4211,4211,1685226110,393010,289,D,4204,4211
S*I. N. C. Ind.,20070417,4286,4286,4204,4204,516505040,120510,113,D,4202,4204
S*I. N. C. Ind.,20070416,4284,4284,4202,4202,439953128,102697,83,D,4200,4202
S*I. N. C. Ind.,20070415,4280,4280,4200,4200,642149000,150035,87,D,4197,4200
S*I. N. C. Ind.,20070414,4275,4275,4197,4197,1107750045,259123,151,D,4192,4197
S*I. N. C. Ind.,20070411,4271,4271,4192,4192,921616945,215785,159,D,4188,4192
S*I. N. C. Ind.,20070410,4266,4266,4188,4188,1219469448,285858,173,D,4183,4188
S*I. N. C. Ind.,20070409,4260,4260,4183,4183,1365474070,320534,150,D,4177,4183
S*I. N. C. Ind.,20070408,4252,4252,4177,4177,1860444842,437546,212,D,4169,4177
S*I. N. C. Ind.,20070407,4246,4246,4169,4169,1387256596,326721,172,D,4163,4169
S*I. N. C. Ind.,20070404,4241,4241,4163,4163,1106268311,260851,116,D,4158,4163
S*I. N. C. Ind.,20070403,4239,4239,4158,4158,498976119,117711,57,D,4156,4158
S*I. N. C. Ind.,20070331,4234,4234,4156,4156,1245637786,294199,113,D,4151,4156
S*I. N. C. Ind.,20070328,4231,4231,4151,4151,555148710,131210,52,D,4149,4151
S*I. N. C. Ind.,20070327,4231,4231,4149,4149,112264534,26534,21,D,4149,4149
S*I. N. C. Ind.,20070326,4231,4231,4149,4149,118039849,27899,14,D,4149,4149
S*I. N. C. Ind.,20070325,4202,4202,4149,4149,6845517612,1629327,415,D,4120,4149
S*I. N. C. Ind.,20070319,4112,4182,4112,4120,6002665724,1436849,262,D,4100,4120
S*I. N. C. Ind.,20070317,4159,4165,4072,4100,15089656174,3663321,506,D,4093,4100
S*I. N. C. Ind.,20070314,4088,4120,1852,4093,2.155E+12,1160513315,606,D,4111,4093
S*I. N. C. Ind.,20070313,4189,4197,4040,4111,7936965855,1930522,473,D,4191,4111
S*I. N. C. Ind.,20070220,4132,4191,4132,4191,5596881362,1354521,335,D,4216,4191
S*I. N. C. Ind.,20070219,4143,4216,4143,4216,2337584905,564225,160,D,4227,4216
S*I. N. C. Ind.,20070218,4240,4257,4151,4227,62631121478,14815582,2667,D,4235,4227
S*I. N. C. Ind.,20070217,4256,4256,4141,4235,1.49512E+11,35308907,7352,D,4173,4235
S*I. N. C. Ind.,20070214,4173,4173,4173,4173,21297439644,5103628,1152,D,4092,4173
S*I. N. C. Ind.,20070213,4092,4092,4092,4092,20912264208,5110524,1123,D,4012,4092
S*I. N. C. Ind.,20070212,4088,4088,4012,4012,881016384,215513,93,D,4008,4012
S*I. N. C. Ind.,20070210,4008,4008,4008,4008,1.62907E+11,40645528,4984,D,3930,4008
S*I. N. C. Ind.,20070207,3930,3930,3930,3930,1.22171E+11,31086849,4247,D,3853,3930
S*I. N. C. Ind.,20070206,3853,3853,3853,3853,1.03454E+11,26850133,4118,D,3778,3853
S*I. N. C. Ind.,20070205,3778,3778,3778,3778,40902501888,10826496,1709,D,3704,3778
S*I. N. C. Ind.,20070204,4000,4000,3600,3704,6.40374E+11,172898994,2489,D,4000,3704
