<TICKER>,<DTYYYYMMDD>,<FIRST>,<HIGH>,<LOW>,<CLOSE>,<VALUE>,<VOL>,<OPENINT>,<PER>,<OPEN>,<LAST>
,,,,,,,,,,,
S*Mobarakeh Steel,20250416,4138,4198,4093,4131,1.77389E+12,429406051,12310,D,4152,4112
S*Mobarakeh Steel,20250415,4246,4246,4144,4152,2.97724E+12,717006083,13913,D,4272,4144
S*Mobarakeh Steel,20250414,4294,4294,4200,4272,3.9895E+12,933921715,20726,D,4169,4259
S*Mobarakeh Steel,20250413,4169,4169,4169,4169,1.82105E+12,436808306,4864,D,4048,4169
S*Mobarakeh Steel,20250412,4070,4080,4018,4048,1.15079E+12,284291026,8342,D,4048,4040
S*Mobarakeh Steel,20250409,4110,4110,3983,4048,1.52187E+12,375992788,8318,D,3994,4010
S*Mobarakeh Steel,20250408,3994,3994,3994,3994,8.02174E+11,200844649,1983,D,3878,3994
S*Mobarakeh Steel,20250407,3943,3943,3835,3878,1.14834E+12,296110035,8808,D,3952,3920
S*Mobarakeh Steel,20250406,4024,4024,3914,3952,1.1796E+12,298463781,9393,D,4035,3942
S*Mobarakeh Steel,20250405,4100,4145,3997,4035,1.20788E+12,299347780,11243,D,4086,4006
S*Mobarakeh Steel,20250330,4010,4100,3995,4086,8.93437E+11,218633472,5299,D,3981,4100
S*Mobarakeh Steel,20250329,3981,3981,3981,3981,3.7225E+11,93506575,1617,D,3866,3981
S*Mobarakeh Steel,20250326,0,0,0,3866,0,0,0,D,3866,3950
S*Mobarakeh Steel,20250325,0,0,0,3866,0,0,0,D,3866,3950
S*Mobarakeh Steel,20250318,3854,3950,3854,3866,2.13925E+12,553385492,12628,D,3973,3950
S*Mobarakeh Steel,20250317,4015,4060,3931,3973,1.00024E+12,251768905,9365,D,4025,3934
S*Mobarakeh Steel,20250316,4080,4080,3985,4025,1.29788E+12,322477158,10655,D,4037,4015
S*Mobarakeh Steel,20250315,3970,4039,3960,4037,2.5689E+12,636287455,12360,D,3922,4039
S*Mobarakeh Steel,20250312,3982,3982,3875,3922,9.40513E+11,239818558,5849,D,3982,3880
S*Mobarakeh Steel,20250311,0,0,0,5530,0,0,0,D,5530,5560
S*Mobarakeh Steel,20250310,0,0,0,5530,0,0,0,D,5530,5560
S*Mobarakeh Steel,20250309,0,0,0,5530,0,0,0,D,5530,5560
S*Mobarakeh Steel,20250308,0,0,0,5530,0,0,0,D,5530,5560
S*Mobarakeh Steel,20250305,5460,5600,5410,5530,1.55758E+12,281756060,10082,D,5570,5560
S*Mobarakeh Steel,20250304,5570,5690,5500,5570,2.22014E+12,398476783,13107,D,5650,5510
S*Mobarakeh Steel,20250303,5650,5650,5650,5650,1.39631E+12,247134703,4609,D,5820,5650
S*Mobarakeh Steel,20250302,5780,5880,5740,5820,1.28859E+12,221316885,8635,D,5790,5810
S*Mobarakeh Steel,20250301,5740,5890,5710,5790,1.17288E+12,202739707,8086,D,5760,5710
S*Mobarakeh Steel,20250226,5770,5870,5660,5760,1.5813E+12,274452321,9840,D,5780,5740
S*Mobarakeh Steel,20250225,5800,5800,5670,5780,3.19836E+12,553712902,14063,D,5640,5710
S*Mobarakeh Steel,20250224,5570,5640,5560,5640,1.78374E+12,316409369,5825,D,5480,5640
S*Mobarakeh Steel,20250223,5470,5520,5380,5480,1.40103E+12,255458459,8495,D,5360,5520
S*Mobarakeh Steel,20250222,5480,5480,5310,5360,1.33538E+12,249200179,8098,D,5410,5310
S*Mobarakeh Steel,20250219,5440,5480,5370,5410,8.82695E+11,163059347,5708,D,5420,5430
S*Mobarakeh Steel,20250218,5390,5500,5360,5420,6.40877E+11,118322454,6176,D,5400,5400
S*Mobarakeh Steel,20250217,5400,5460,5330,5400,7.89926E+11,146176556,6655,D,5320,5360
S*Mobarakeh Steel,20250216,5380,5410,5300,5320,1.89991E+12,357058647,12684,D,5460,5390
S*Mobarakeh Steel,20250215,5550,5550,5450,5460,1.46101E+12,267672236,6418,D,5610,5450
S*Mobarakeh Steel,20250211,5680,5810,5540,5610,2.49551E+12,444920016,13501,D,5710,5540
S*Mobarakeh Steel,20250209,5560,5760,5560,5710,2.98086E+12,521750179,15667,D,5600,5640
S*Mobarakeh Steel,20250205,5580,5700,5490,5600,1.56325E+12,279099354,8670,D,5600,5670
S*Mobarakeh Steel,20250204,5600,5650,5560,5600,8.6334E+11,154238307,6218,D,5560,5580
S*Mobarakeh Steel,20250203,5600,5670,5520,5560,9.68699E+11,174287088,6023,D,5550,5570
S*Mobarakeh Steel,20250202,5590,5650,5500,5550,1.11922E+12,201544001,7061,D,5540,5550
S*Mobarakeh Steel,20250201,5690,5690,5470,5540,1.38173E+12,249544346,9513,D,5630,5590
S*Mobarakeh Steel,20250129,5660,5720,5590,5630,6.05035E+11,107427281,5771,D,5660,5620
S*Mobarakeh Steel,20250127,5750,5760,5630,5660,1.29113E+12,227957397,8733,D,5770,5640
S*Mobarakeh Steel,20250126,5910,5920,5690,5770,1.9504E+12,338184233,10921,D,5850,5720
S*Mobarakeh Steel,20250125,5860,5860,5780,5850,3.64385E+12,622506316,17093,D,5690,5860
S*Mobarakeh Steel,20250122,5690,5690,5690,5690,9.57586E+11,168292860,3576,D,5530,5690
S*Mobarakeh Steel,20250121,5530,5650,5430,5530,1.04925E+12,189657707,7862,D,5520,5610
S*Mobarakeh Steel,20250120,5630,5650,5500,5520,2.20521E+12,399145970,10367,D,5670,5500
S*Mobarakeh Steel,20250119,5670,5770,5610,5670,7.78587E+11,137314779,6550,D,5690,5690
S*Mobarakeh Steel,20250118,5800,5830,5660,5690,1.42164E+12,250028468,9125,D,5830,5670
S*Mobarakeh Steel,20250115,5900,5980,5750,5830,1.03421E+12,177394846,8218,D,5860,5790
S*Mobarakeh Steel,20250113,5750,5960,5750,5860,1.60883E+12,274647887,10415,D,5790,5850
S*Mobarakeh Steel,20250112,5910,5910,5770,5790,1.96156E+12,338538547,12248,D,5940,5770
S*Mobarakeh Steel,20250111,6070,6120,5910,5940,2.13567E+12,359801372,14067,D,6090,5910
S*Mobarakeh Steel,20250108,6160,6190,6020,6090,1.31972E+12,216741850,10326,D,6100,6070
S*Mobarakeh Steel,20250107,6010,6160,6010,6100,1.94784E+12,319395217,11014,D,5990,6150
S*Mobarakeh Steel,20250106,6010,6060,5950,5990,1.39916E+12,233682750,8785,D,6050,5980
S*Mobarakeh Steel,20250105,6130,6180,5950,6050,2.31409E+12,382460143,14441,D,6020,5990
S*Mobarakeh Steel,20250104,6020,6020,6020,6020,1.25001E+12,207642993,3907,D,5850,6020
S*Mobarakeh Steel,20250101,5870,5920,5780,5850,1.06934E+12,182687907,9984,D,5780,5900
S*Mobarakeh Steel,20241231,5680,5810,5650,5780,1.73217E+12,299910843,11033,D,5650,5790
S*Mobarakeh Steel,20241230,5710,5760,5630,5650,2.20511E+12,389949856,14047,D,5800,5630
S*Mobarakeh Steel,20241229,5830,5950,5790,5800,3.17045E+12,546547092,14201,D,5960,5790
S*Mobarakeh Steel,20241228,6090,6100,5940,5960,2.02978E+12,340480735,11704,D,6120,5940
S*Mobarakeh Steel,20241225,6350,6360,6080,6120,2.87727E+12,469959809,20244,D,6260,6090
S*Mobarakeh Steel,20241224,6280,6280,6140,6260,2.48028E+12,396486641,13701,D,6100,6280
S*Mobarakeh Steel,20241223,5950,6180,5900,6100,2.10771E+12,345580700,12073,D,6000,6180
S*Mobarakeh Steel,20241222,6050,6060,5860,6000,2.99226E+12,498989988,16841,D,5890,5950
S*Mobarakeh Steel,20241221,5890,5890,5820,5890,1.39727E+12,237235861,5525,D,5720,5890
S*Mobarakeh Steel,20241218,5590,5810,5490,5720,3.85607E+12,673823446,16422,D,5650,5790
S*Mobarakeh Steel,20241217,5710,5870,5540,5650,4.68607E+12,829363375,18884,D,5710,5550
S*Mobarakeh Steel,20241216,5720,5720,5640,5710,6.49946E+12,1137332540,17917,D,5560,5710
S*Mobarakeh Steel,20241215,5560,5560,5560,5560,1.66917E+12,300210105,3354,D,5400,5560
S*Mobarakeh Steel,20241214,5400,5400,5400,5400,4.4213E+11,81875874,1968,D,5250,5400
S*Mobarakeh Steel,20241211,5170,5320,5100,5250,2.55937E+12,487774081,9969,D,5170,5320
S*Mobarakeh Steel,20241210,5250,5250,5090,5170,1.55226E+12,300049729,8695,D,5100,5110
S*Mobarakeh Steel,20241209,5050,5100,5010,5100,1.25789E+12,246791361,4008,D,4960,5100
S*Mobarakeh Steel,20241208,5000,5060,4900,4960,1.36757E+12,275695761,7441,D,5040,5040
S*Mobarakeh Steel,20241207,5150,5170,5030,5040,2.32313E+12,460636872,9153,D,5180,5040
S*Mobarakeh Steel,20241204,5160,5240,5110,5180,1.52769E+12,295065814,8491,D,5180,5150
S*Mobarakeh Steel,20241203,5210,5210,5080,5180,2.60161E+12,502169638,10661,D,5060,5140
S*Mobarakeh Steel,20241202,5060,5060,5020,5060,8.94453E+11,176818973,3200,D,4920,5060
S*Mobarakeh Steel,20241201,4970,5030,4880,4920,1.20907E+12,245884422,5581,D,5000,4900
S*Mobarakeh Steel,20241130,5080,5200,4910,5000,1.83526E+12,366711772,10628,D,5056,4940
S*Mobarakeh Steel,20241127,5025,5127,4960,5056,1.69328E+12,334904157,9851,D,5052,5119
S*Mobarakeh Steel,20241126,5118,5118,4905,5052,3.67842E+12,728121631,15502,D,4969,4926
S*Mobarakeh Steel,20241125,4940,4975,4881,4969,1.05225E+12,211755059,4239,D,4831,4975
S*Mobarakeh Steel,20241124,4749,4845,4720,4831,1.39257E+12,288283205,6058,D,4704,4845
S*Mobarakeh Steel,20241123,4648,4750,4621,4704,7.66153E+11,162874404,6731,D,4674,4716
S*Mobarakeh Steel,20241120,4713,4750,4630,4674,1.1751E+12,251427364,8159,D,4759,4669
S*Mobarakeh Steel,20241119,4870,4888,4669,4759,1.30667E+12,274540205,9928,D,4799,4679
S*Mobarakeh Steel,20241118,4675,4821,4646,4799,2.23016E+12,464719408,10056,D,4681,4821
S*Mobarakeh Steel,20241117,4770,4774,4596,4681,1.58053E+12,337643393,10050,D,4639,4629
S*Mobarakeh Steel,20241116,4599,4642,4596,4639,7.16207E+11,154385692,2899,D,4507,4642
S*Mobarakeh Steel,20241113,4456,4542,4424,4507,9.29587E+11,206241045,6637,D,4471,4541
S*Mobarakeh Steel,20241112,4481,4529,4423,4471,1.26318E+12,282506106,8087,D,4476,4446
S*Mobarakeh Steel,20241111,4525,4528,4427,4476,2.41849E+12,540351588,12560,D,4300,4449
S*Mobarakeh Steel,20241110,0,0,0,4300,0,0,0,D,4300,4303
S*Mobarakeh Steel,20241109,4220,4303,4220,4300,6.59304E+11,153332821,2262,D,4178,4303
S*Mobarakeh Steel,20241106,4173,4275,4104,4178,7.72436E+11,184882653,5385,D,4204,4224
S*Mobarakeh Steel,20241105,4195,4260,4152,4204,3.17619E+11,75549465,2961,D,4144,4220
S*Mobarakeh Steel,20241104,4114,4195,4086,4144,4.24933E+11,102547957,3868,D,4166,4170
S*Mobarakeh Steel,20241103,4200,4200,4164,4166,8.83831E+11,212142328,7711,D,4292,4164
S*Mobarakeh Steel,20241102,4225,4324,4201,4292,1.24042E+12,289025822,6567,D,4199,4230
S*Mobarakeh Steel,20241030,4100,4248,4055,4199,1.30575E+12,310944379,8123,D,4125,4248
S*Mobarakeh Steel,20241029,4127,4172,4029,4125,1.7773E+12,430816001,9865,D,4127,4045
S*Mobarakeh Steel,20241028,4127,4127,4127,4127,4.74233E+11,114909885,1644,D,4007,4127
S*Mobarakeh Steel,20241027,4007,4007,4007,4007,4.3052E+11,107441980,976,D,3891,4007
S*Mobarakeh Steel,20241026,3904,3904,3904,3891,1.09475E+11,28041699,685,D,3791,3904
S*Mobarakeh Steel,20241023,3790,3849,3771,3791,5.10887E+11,134750554,5094,D,3856,3800
S*Mobarakeh Steel,20241022,3880,3953,3821,3856,6.49106E+11,168350739,4692,D,3849,3849
S*Mobarakeh Steel,20241021,3801,3900,3790,3849,5.5289E+11,143653320,4952,D,3838,3840
S*Mobarakeh Steel,20241020,3911,3911,3833,3838,8.98873E+11,234217009,6835,D,3951,3855
S*Mobarakeh Steel,20241019,4046,4087,3941,3951,6.03194E+11,152650185,6803,D,4062,3941
S*Mobarakeh Steel,20241016,4075,4100,4034,4062,3.534E+11,86993787,3521,D,4029,4045
S*Mobarakeh Steel,20241015,4021,4111,3995,4029,5.78713E+11,143640256,5836,D,4115,4011
S*Mobarakeh Steel,20241014,4190,4217,4072,4115,6.74778E+11,163994110,6262,D,4197,4072
S*Mobarakeh Steel,20241013,4268,4279,4132,4197,8.85238E+11,210944204,8733,D,4170,4217
S*Mobarakeh Steel,20241012,4145,4180,4100,4170,6.81503E+11,163448790,3525,D,4059,4180
S*Mobarakeh Steel,20241009,0,0,0,4059,0,0,0,D,4059,4058
S*Mobarakeh Steel,20241008,4053,4059,4048,4059,6.79076E+11,167321519,4571,D,4019,4058
S*Mobarakeh Steel,20241007,3995,4070,3995,4019,1.11143E+12,276540748,7761,D,4035,4042
S*Mobarakeh Steel,20241006,4044,4045,4032,4035,2.4487E+11,60681888,2501,D,4072,4032
S*Mobarakeh Steel,20241005,4072,4090,4072,4072,1.05463E+12,258973062,6267,D,4113,4072
S*Mobarakeh Steel,20241002,4113,4123,4113,4113,8.27045E+11,201080066,4981,D,4154,4113
S*Mobarakeh Steel,20241001,4161,4162,4152,4154,4.82504E+11,116152307,2984,D,4193,4152
S*Mobarakeh Steel,20240930,4192,4246,4185,4193,8.11354E+11,193504237,6476,D,4227,4185
S*Mobarakeh Steel,20240929,4227,4244,4227,4227,1.3982E+12,330772454,6061,D,4269,4227
S*Mobarakeh Steel,20240928,4269,4269,4269,4269,2.12452E+11,49766299,1699,D,4312,4269
S*Mobarakeh Steel,20240925,4369,4394,4271,4312,1.14615E+12,265796396,7047,D,4332,4271
S*Mobarakeh Steel,20240924,4279,4341,4240,4332,2.35658E+12,544049813,10332,D,4215,4341
S*Mobarakeh Steel,20240923,4165,4280,4155,4215,1.04621E+12,248234773,6400,D,4176,4248
S*Mobarakeh Steel,20240922,4214,4214,4160,4176,5.57831E+11,133591017,4491,D,4177,4161
S*Mobarakeh Steel,20240918,4196,4238,4156,4177,9.87824E+11,236510473,8062,D,4172,4204
S*Mobarakeh Steel,20240917,4133,4227,4126,4172,1.0819E+12,259353622,7310,D,4133,4221
S*Mobarakeh Steel,20240916,4140,4170,4108,4133,8.10691E+11,196144834,6242,D,4136,4136
S*Mobarakeh Steel,20240915,4155,4179,4104,4136,6.07118E+11,146800569,5573,D,4179,4140
S*Mobarakeh Steel,20240914,4239,4250,4144,4179,6.75855E+11,161737152,7078,D,4242,4145
S*Mobarakeh Steel,20240911,4290,4293,4205,4242,6.14374E+11,144843351,6697,D,4282,4209
S*Mobarakeh Steel,20240910,4339,4350,4252,4282,7.13204E+11,166555374,5510,D,4333,4255
S*Mobarakeh Steel,20240909,4340,4399,4295,4333,5.38196E+11,124215646,4895,D,4301,4299
S*Mobarakeh Steel,20240908,4380,4389,4255,4301,9.38594E+11,218225663,7740,D,4386,4320
S*Mobarakeh Steel,20240907,4464,4540,4359,4386,8.47915E+11,193315269,6439,D,4493,4359
S*Mobarakeh Steel,20240903,4593,4593,4475,4493,5.53181E+11,123127204,5222,D,4566,4475
S*Mobarakeh Steel,20240901,4622,4625,4512,4566,7.37603E+11,161547591,6639,D,4555,4542
S*Mobarakeh Steel,20240831,4525,4560,4511,4555,1.28728E+12,282592096,4002,D,4471,4560
S*Mobarakeh Steel,20240828,4526,4526,4445,4471,4.00363E+11,89548041,3937,D,4456,4474
S*Mobarakeh Steel,20240827,4430,4520,4410,4456,4.32185E+11,96985528,3960,D,4446,4440
S*Mobarakeh Steel,20240826,4490,4500,4418,4446,6.46166E+11,145344773,5295,D,4415,4419
S*Mobarakeh Steel,20240824,4394,4432,4390,4415,4.63359E+11,104951259,3463,D,4346,4432
S*Mobarakeh Steel,20240821,4359,4417,4315,4346,5.40089E+11,124274324,3625,D,4333,4347
S*Mobarakeh Steel,20240820,4365,4390,4285,4333,3.02535E+11,69819162,2389,D,4360,4325
S*Mobarakeh Steel,20240819,4399,4399,4289,4360,9.87717E+11,226562176,5477,D,4313,4300
S*Mobarakeh Steel,20240818,4313,4313,4313,4313,4.04175E+11,93710901,1257,D,4229,4313
S*Mobarakeh Steel,20240817,4229,4229,4229,4229,3.82293E+11,90397997,1259,D,4147,4229
S*Mobarakeh Steel,20240814,4147,4147,4147,4147,3.11254E+11,75055280,1466,D,4106,4147
S*Mobarakeh Steel,20240813,4101,4142,4101,4106,6.47106E+11,157604551,3747,D,4142,4102
S*Mobarakeh Steel,20240812,4175,4175,4124,4142,6.34457E+11,153179931,5184,D,4165,4125
S*Mobarakeh Steel,20240811,4183,4199,4154,4165,3.17164E+11,76157804,2778,D,4167,4188
S*Mobarakeh Steel,20240810,4171,4200,4149,4167,2.37946E+11,57100806,2937,D,4169,4151
S*Mobarakeh Steel,20240807,0,0,0,4169,0,0,0,D,4169,4176
S*Mobarakeh Steel,20240806,4170,4195,4153,4169,5.01121E+11,120207555,3991,D,4175,4176
S*Mobarakeh Steel,20240805,4179,4200,4154,4175,5.90799E+11,141494820,3582,D,4164,4154
S*Mobarakeh Steel,20240804,4134,4200,4134,4164,3.24392E+11,77910790,3728,D,4175,4190
S*Mobarakeh Steel,20240803,4275,4318,4104,4175,9.84283E+11,235772723,7872,D,4321,4104
S*Mobarakeh Steel,20240731,4277,4450,4261,4321,9.35953E+11,216601625,7167,D,4479,4380
S*Mobarakeh Steel,20240730,4510,4530,4454,4479,6.19193E+11,138228953,5613,D,4511,4480
S*Mobarakeh Steel,20240729,4593,4593,4467,4511,7.98552E+11,177022978,6710,D,4589,4476
S*Mobarakeh Steel,20240727,4658,4679,4536,4589,4.185E+11,91193323,6502,D,4680,4572
S*Mobarakeh Steel,20240724,4706,4736,4643,4680,8.07393E+11,172523541,7774,D,4711,4661
S*Mobarakeh Steel,20240723,4775,4810,4666,4711,6.35929E+11,134981576,6836,D,4738,4670
S*Mobarakeh Steel,20240722,4767,4828,4670,4738,6.78345E+11,143171023,5613,D,4800,4774
S*Mobarakeh Steel,20240721,0,0,0,5200,0,0,0,D,5200,5190
S*Mobarakeh Steel,20240720,0,0,0,5200,0,0,0,D,5200,5190
S*Mobarakeh Steel,20240717,0,0,0,5200,0,0,0,D,5200,5190
S*Mobarakeh Steel,20240714,5260,5260,5160,5200,7.57709E+11,145796778,5240,D,5220,5190
S*Mobarakeh Steel,20240713,5280,5280,5190,5220,7.77335E+11,148804815,4484,D,5245,5190
S*Mobarakeh Steel,20240710,5264,5300,5198,5245,9.42389E+11,179660233,6349,D,5285,5299
S*Mobarakeh Steel,20240709,5340,5360,5258,5285,5.93553E+11,112303564,3866,D,5305,5264
S*Mobarakeh Steel,20240708,5338,5400,5236,5305,1.25125E+12,235859639,7761,D,5351,5355
S*Mobarakeh Steel,20240707,5529,5529,5281,5351,1.8351E+12,342928008,9493,D,5279,5296
S*Mobarakeh Steel,20240706,5279,5279,5279,5279,7.02502E+11,133074866,1816,D,4981,5279
S*Mobarakeh Steel,20240703,4913,5060,4900,4981,7.68245E+11,154247179,6158,D,4894,5040
S*Mobarakeh Steel,20240702,4820,4919,4820,4894,4.60139E+11,94028165,3299,D,4831,4901
S*Mobarakeh Steel,20240701,4850,4890,4800,4831,3.43358E+11,71069254,2967,D,4820,4845
S*Mobarakeh Steel,20240630,4864,4920,4750,4820,8.10246E+11,168110820,5040,D,4876,4833
S*Mobarakeh Steel,20240629,4940,4940,4823,4876,4.55316E+11,93372361,4712,D,4875,4833
S*Mobarakeh Steel,20240626,4876,4876,4850,4875,4.8064E+11,98586455,2578,D,4781,4876
S*Mobarakeh Steel,20240624,4760,4818,4738,4781,5.35695E+11,112051212,4428,D,4724,4818
S*Mobarakeh Steel,20240623,4750,4755,4712,4724,2.47891E+11,52474243,2785,D,4712,4717
S*Mobarakeh Steel,20240622,4788,4788,4689,4712,3.58298E+11,76046689,3713,D,4698,4715
S*Mobarakeh Steel,20240619,4600,4715,4600,4698,4.06616E+11,86552563,3618,D,4623,4714
S*Mobarakeh Steel,20240618,4702,4702,4608,4623,5.0643E+11,109536357,5307,D,4702,4611
S*Mobarakeh Steel,20240616,4724,4740,4701,4702,6.64326E+11,141285927,4127,D,4796,4701
S*Mobarakeh Steel,20240615,4898,4898,4781,4796,3.43298E+11,71583842,3938,D,4878,4781
S*Mobarakeh Steel,20240612,4925,4980,4832,4878,5.03008E+11,103122327,5049,D,4906,4907
S*Mobarakeh Steel,20240611,4921,4985,4870,4906,4.02213E+11,81983014,3388,D,4919,4920
S*Mobarakeh Steel,20240610,4920,4920,4862,4919,4.46009E+11,90678531,3088,D,4824,4920
S*Mobarakeh Steel,20240609,4763,4874,4741,4824,4.10941E+11,85180576,4350,D,4779,4872
S*Mobarakeh Steel,20240608,4889,4890,4777,4779,3.8295E+11,80125306,3295,D,4874,4777
S*Mobarakeh Steel,20240605,4887,4940,4844,4874,3.09669E+11,63531980,3205,D,4889,4889
S*Mobarakeh Steel,20240602,4955,4955,4846,4889,3.10591E+11,63522526,3405,D,4894,4900
S*Mobarakeh Steel,20240601,4899,4899,4850,4894,7.22201E+11,147554564,5565,D,4803,4899
S*Mobarakeh Steel,20240529,4818,4818,4818,4803,99335081274,20617493,706,D,4724,4818
S*Mobarakeh Steel,20240528,4723,4725,4698,4724,1.70886E+11,36172895,1278,D,4633,4725
S*Mobarakeh Steel,20240527,4687,4700,4619,4633,8.71982E+11,188228947,6803,D,4713,4698
S*Mobarakeh Steel,20240526,4794,4800,4706,4713,7.56405E+11,160502143,5954,D,4802,4706
S*Mobarakeh Steel,20240525,4900,4900,4793,4802,6.0418E+11,125824414,7119,D,4890,4796
S*Mobarakeh Steel,20240521,4840,4930,4810,4890,4.7799E+11,97794909,4548,D,4840,4920
S*Mobarakeh Steel,20240520,0,0,0,4840,0,0,0,D,4840,4830
S*Mobarakeh Steel,20240519,4980,4980,4760,4840,1.26445E+12,261324436,10184,D,5020,4830
S*Mobarakeh Steel,20240518,5080,5110,4980,5020,4.81172E+11,95827819,4798,D,5010,4980
S*Mobarakeh Steel,20240515,5010,5100,4910,5010,5.31931E+11,106080462,4725,D,5010,5070
S*Mobarakeh Steel,20240514,4940,5110,4940,5010,5.59701E+11,111614869,5004,D,4940,4980
S*Mobarakeh Steel,20240513,4950,4990,4910,4940,7.96865E+11,161323152,7197,D,5010,4970
S*Mobarakeh Steel,20240512,5000,5110,4950,5010,5.73423E+11,114511404,7046,D,5010,4980
S*Mobarakeh Steel,20240511,5060,5080,4990,5010,5.27346E+11,105190601,5300,D,5050,5010
S*Mobarakeh Steel,20240508,5100,5110,5010,5050,3.62368E+11,71733163,4850,D,5090,5050
S*Mobarakeh Steel,20240507,5090,5130,5070,5090,3.14458E+11,61780593,3832,D,5090,5100
S*Mobarakeh Steel,20240506,5130,5130,5060,5090,4.47413E+11,87871170,5280,D,5170,5080
S*Mobarakeh Steel,20240505,5210,5220,5150,5170,3.17943E+11,61442257,4357,D,5190,5150
S*Mobarakeh Steel,20240501,5210,5230,5150,5190,3.64071E+11,70192844,4566,D,5210,5210
S*Mobarakeh Steel,20240430,5250,5270,5170,5210,6.03474E+11,115886933,5503,D,5270,5190
S*Mobarakeh Steel,20240429,5340,5350,5230,5270,5.5767E+11,105735482,6119,D,5330,5240
S*Mobarakeh Steel,20240428,5370,5450,5270,5330,6.84555E+11,128506701,6843,D,5410,5310
S*Mobarakeh Steel,20240427,5450,5490,5360,5410,6.19338E+11,114478780,5510,D,5410,5400
S*Mobarakeh Steel,20240424,5440,5490,5330,5410,7.93777E+11,146650782,6936,D,5430,5450
S*Mobarakeh Steel,20240423,5510,5550,5370,5430,7.87485E+11,145152634,8224,D,5550,5450
S*Mobarakeh Steel,20240422,5540,5630,5470,5550,1.15228E+12,207769889,9772,D,5580,5490
S*Mobarakeh Steel,20240421,5610,5670,5450,5580,1.93655E+12,347115433,15208,D,5410,5530
S*Mobarakeh Steel,20240420,5350,5420,5250,5410,1.65586E+12,305940802,7878,D,5070,5420
S*Mobarakeh Steel,20240417,5070,5070,5070,5070,2.66731E+11,52609609,1158,D,5020,5070
S*Mobarakeh Steel,20240416,5020,5050,4950,5020,1.08699E+12,216367168,6226,D,5000,5050
S*Mobarakeh Steel,20240415,4960,5020,4960,5000,4.40489E+11,88091704,2347,D,4980,5020
S*Mobarakeh Steel,20240414,4980,4980,4980,4980,2.25772E+11,45335842,1614,D,5030,4980
S*Mobarakeh Steel,20240413,5160,5160,4960,5030,1.25596E+12,249799475,9784,D,5160,4980
S*Mobarakeh Steel,20240409,5090,5230,5090,5160,8.37639E+11,162454953,6120,D,5090,5220
S*Mobarakeh Steel,20240408,5070,5130,5060,5090,5.58699E+11,109694903,5019,D,5070,5090
S*Mobarakeh Steel,20240407,5040,5140,5030,5070,6.08031E+11,119916819,4917,D,5070,5080
S*Mobarakeh Steel,20240406,5080,5190,4980,5070,1.11859E+12,220590452,8864,D,5080,5030
S*Mobarakeh Steel,20240403,5050,5130,5040,5080,3.36418E+11,66251986,4811,D,5050,5070
S*Mobarakeh Steel,20240402,5060,5130,4950,5050,7.9054E+11,156509693,7199,D,5090,5090
S*Mobarakeh Steel,20240330,5120,5120,5060,5090,3.6544E+11,71784993,4739,D,5110,5110
S*Mobarakeh Steel,20240327,5139,5151,5099,5110,4.38398E+11,85790293,6114,D,5110,5111
S*Mobarakeh Steel,20240326,5150,5150,5095,5110,3.99636E+11,78201793,5777,D,5166,5138
S*Mobarakeh Steel,20240325,5288,5288,5109,5166,6.18173E+11,119670589,9449,D,5168,5119
S*Mobarakeh Steel,20240324,5100,5220,5100,5168,7.32117E+11,141665658,9020,D,4976,5199
S*Mobarakeh Steel,20240318,4890,5039,4870,4976,9.13388E+11,183573778,8412,D,4826,5035
S*Mobarakeh Steel,20240317,4719,4900,4719,4826,3.86562E+11,80105704,4347,D,4683,4888
S*Mobarakeh Steel,20240316,4750,4750,4633,4683,4.29216E+11,91663566,5175,D,4734,4720
S*Mobarakeh Steel,20240313,4753,4810,4679,4734,4.55656E+11,96253614,5467,D,4794,4689
S*Mobarakeh Steel,20240312,4777,4849,4750,4794,3.58731E+11,74826050,5158,D,4790,4756
S*Mobarakeh Steel,20240311,4800,4850,4755,4790,8.3603E+11,174553063,7108,D,4820,4800
S*Mobarakeh Steel,20240310,4811,4899,4778,4820,8.79555E+11,182483986,6715,D,4858,4800
S*Mobarakeh Steel,20240309,4959,4962,4819,4858,5.41245E+11,111423540,6113,D,4895,4820
S*Mobarakeh Steel,20240306,4950,5009,4850,4895,6.26043E+11,127890770,6493,D,4947,4890
S*Mobarakeh Steel,20240305,4732,5039,4732,4947,8.94183E+11,180765641,7396,D,4820,4903
S*Mobarakeh Steel,20240304,4860,4900,4774,4820,7.27076E+11,150857921,7126,D,4890,4776
S*Mobarakeh Steel,20240303,4890,4983,4811,4890,1.10016E+12,224987668,10818,D,4667,4849
S*Mobarakeh Steel,20240302,4460,4778,4450,4667,1.31038E+12,280794749,10217,D,4466,4778
S*Mobarakeh Steel,20240228,4460,4500,4421,4466,3.11275E+11,69702325,3862,D,4393,4454
S*Mobarakeh Steel,20240227,0,0,0,4393,0,0,0,D,4393,4385
S*Mobarakeh Steel,20240226,0,0,0,5930,0,0,0,D,5930,5920
S*Mobarakeh Steel,20240224,0,0,0,5930,0,0,0,D,5930,5920
S*Mobarakeh Steel,20240221,0,0,0,5930,0,0,0,D,5930,5920
S*Mobarakeh Steel,20240220,0,0,0,5930,0,0,0,D,5930,5920
S*Mobarakeh Steel,20240219,5920,5980,5890,5930,7.97004E+11,134372791,7361,D,5910,5920
S*Mobarakeh Steel,20240218,5880,5960,5820,5910,4.75447E+11,80442772,4599,D,5880,5910
S*Mobarakeh Steel,20240217,5990,5990,5830,5880,7.77774E+11,132344831,6377,D,5970,5880
S*Mobarakeh Steel,20240214,6010,6020,5940,5970,4.86126E+11,81472457,4777,D,6000,5940
S*Mobarakeh Steel,20240213,6040,6040,5970,6000,5.28729E+11,88077560,3353,D,5990,6000
S*Mobarakeh Steel,20240212,0,0,0,5990,0,0,0,D,5990,6000
S*Mobarakeh Steel,20240210,0,0,0,5990,0,0,0,D,5990,6000
S*Mobarakeh Steel,20240207,0,0,0,5990,0,0,0,D,5990,6000
S*Mobarakeh Steel,20240206,5970,6030,5940,5990,5.32025E+11,88840127,4258,D,6000,6000
S*Mobarakeh Steel,20240205,6020,6080,5970,6000,6.30079E+11,104949166,5836,D,6050,6020
S*Mobarakeh Steel,20240204,6130,6170,5990,6050,5.25813E+11,86951296,6068,D,6120,6000
S*Mobarakeh Steel,20240203,6100,6170,6080,6120,6.87314E+11,112289458,4916,D,6110,6100
S*Mobarakeh Steel,20240131,6140,6150,6080,6110,4.95797E+11,81097347,3966,D,6140,6110
S*Mobarakeh Steel,20240130,6110,6180,6110,6140,5.26568E+11,85702902,6275,D,6150,6120
S*Mobarakeh Steel,20240129,6190,6190,6120,6150,4.89988E+11,79686813,3980,D,6190,6160
S*Mobarakeh Steel,20240128,6200,6230,6160,6190,6.27041E+11,101305577,4424,D,6190,6200
S*Mobarakeh Steel,20240127,6220,6250,6150,6190,4.82056E+11,77880140,3453,D,6180,6210
S*Mobarakeh Steel,20240124,6150,6230,6150,6180,2.76793E+11,44754505,2855,D,6150,6200
S*Mobarakeh Steel,20240123,6190,6230,6080,6150,8.76521E+11,142462396,5373,D,6220,6190
S*Mobarakeh Steel,20240122,6250,6260,6170,6220,7.70439E+11,123935142,4412,D,6230,6200
S*Mobarakeh Steel,20240121,6170,6250,6130,6230,8.44314E+11,135632320,4969,D,6240,6250
S*Mobarakeh Steel,20240120,6250,6310,6180,6240,6.32438E+11,101403368,4387,D,6240,6190
S*Mobarakeh Steel,20240117,6250,6280,6210,6240,3.14644E+11,50417391,2739,D,6270,6250
S*Mobarakeh Steel,20240116,6270,6330,6210,6270,7.2865E+11,116133373,3743,D,6320,6260
S*Mobarakeh Steel,20240115,6340,6360,6270,6320,5.98168E+11,94699573,3483,D,6340,6300
S*Mobarakeh Steel,20240114,6310,6380,6300,6340,6.95842E+11,109819493,5116,D,6310,6360
S*Mobarakeh Steel,20240113,6260,6380,6230,6310,7.36422E+11,116692973,5231,D,6260,6280
S*Mobarakeh Steel,20240110,6240,6290,6240,6260,4.81666E+11,76889340,3570,D,6230,6260
S*Mobarakeh Steel,20240109,6170,6300,6150,6230,5.32235E+11,85498692,3976,D,6190,6200
S*Mobarakeh Steel,20240108,6190,6220,6160,6190,4.79905E+11,77523673,3612,D,6200,6170
S*Mobarakeh Steel,20240107,6130,6220,6130,6200,2.79874E+11,45124110,3056,D,6180,6200
S*Mobarakeh Steel,20240106,6180,6230,6140,6180,4.1201E+11,66717283,3445,D,6160,6200
S*Mobarakeh Steel,20240103,6180,6230,6100,6160,5.10237E+11,82800015,3654,D,6160,6190
S*Mobarakeh Steel,20240102,6180,6220,6100,6160,4.46093E+11,72415054,3753,D,6200,6150
S*Mobarakeh Steel,20240101,6230,6230,6150,6200,4.17832E+11,67436187,3320,D,6230,6180
S*Mobarakeh Steel,20231231,6300,6300,6180,6230,4.98911E+11,80066614,3884,D,6280,6190
S*Mobarakeh Steel,20231230,6280,6330,6250,6280,4.13007E+11,65778615,3774,D,6220,6280
S*Mobarakeh Steel,20231227,6270,6270,6190,6220,7.68386E+11,123557080,4970,D,6210,6220
S*Mobarakeh Steel,20231226,6230,6270,6170,6210,4.76494E+11,76730771,3980,D,6270,6200
S*Mobarakeh Steel,20231225,6290,6350,6200,6270,6.62004E+11,105551246,4492,D,6300,6240
S*Mobarakeh Steel,20231224,6340,6370,6250,6300,8.83284E+11,140109578,5589,D,6350,6280
S*Mobarakeh Steel,20231223,6370,6380,6300,6350,9.41287E+11,148221279,4916,D,6370,6340
S*Mobarakeh Steel,20231220,6350,6480,6300,6370,9.80725E+11,153877890,5259,D,6390,6340
S*Mobarakeh Steel,20231219,6350,6580,6280,6390,1.29409E+12,202528370,7525,D,6310,6350
S*Mobarakeh Steel,20231218,6170,6410,6170,6310,1.20011E+12,190143256,9752,D,6140,6310
S*Mobarakeh Steel,20231216,6100,6190,6070,6140,5.35942E+11,87352283,4729,D,6070,6150
S*Mobarakeh Steel,20231213,6060,6100,6030,6070,4.45641E+11,73469939,3286,D,6080,6070
S*Mobarakeh Steel,20231212,6070,6100,6040,6080,7.19296E+11,118383637,4391,D,6090,6070
S*Mobarakeh Steel,20231211,6100,6150,6070,6090,6.7474E+11,110779742,4487,D,6100,6080
S*Mobarakeh Steel,20231210,6050,6170,6010,6100,6.35304E+11,104171513,5341,D,6090,6090
S*Mobarakeh Steel,20231209,6140,6190,6030,6090,1.09737E+12,180278913,7530,D,6170,6030
S*Mobarakeh Steel,20231206,6190,6230,6120,6170,6.29742E+11,102142632,5891,D,6230,6150
S*Mobarakeh Steel,20231205,6240,6350,6140,6230,1.60502E+12,257715593,12522,D,6260,6200
S*Mobarakeh Steel,20231204,6320,6320,6150,6260,4.08679E+12,653013205,24614,D,5910,6240
S*Mobarakeh Steel,20231203,5600,6000,5540,5910,3.30854E+12,560194269,16579,D,5610,6000
S*Mobarakeh Steel,20231202,5560,5700,5540,5610,1.05722E+12,188412697,7381,D,5480,5560
S*Mobarakeh Steel,20231129,5400,5570,5380,5480,8.97344E+11,163757573,6352,D,5320,5500
S*Mobarakeh Steel,20231128,5310,5370,5280,5320,3.10101E+11,58268193,3183,D,5310,5360
S*Mobarakeh Steel,20231127,5350,5360,5290,5310,2.94804E+11,55531768,3188,D,5310,5310
S*Mobarakeh Steel,20231126,5320,5350,5290,5310,2.30715E+11,43468629,3112,D,5320,5320
S*Mobarakeh Steel,20231125,5320,5360,5290,5320,3.23305E+11,60727272,3511,D,5340,5300
S*Mobarakeh Steel,20231122,5300,5390,5290,5340,4.70867E+11,88214879,3378,D,5330,5320
S*Mobarakeh Steel,20231121,5350,5360,5300,5330,3.35286E+11,62888319,3521,D,5350,5310
S*Mobarakeh Steel,20231120,5350,5400,5310,5350,3.3403E+11,62435692,3173,D,5380,5310
S*Mobarakeh Steel,20231119,5400,5420,5350,5380,5.56749E+11,103415167,3661,D,5410,5380
S*Mobarakeh Steel,20231118,5440,5490,5370,5410,3.00027E+11,55412956,3714,D,5490,5420
S*Mobarakeh Steel,20231115,5530,5540,5420,5490,3.41106E+11,62185182,3588,D,5540,5490
S*Mobarakeh Steel,20231114,5600,5610,5500,5540,2.83574E+11,51152018,2790,D,5600,5540
S*Mobarakeh Steel,20231113,5660,5660,5560,5600,5.24151E+11,93677090,3756,D,5620,5580
S*Mobarakeh Steel,20231112,5620,5650,5570,5620,3.68392E+11,65526288,3061,D,5640,5600
S*Mobarakeh Steel,20231111,5600,5690,5600,5640,2.97274E+11,52665345,3387,D,5660,5640
S*Mobarakeh Steel,20231108,5780,5780,5600,5660,5.82586E+11,102966683,4525,D,5660,5630
S*Mobarakeh Steel,20231107,5520,5820,5520,5660,6.62535E+11,117065433,5807,D,5540,5720
S*Mobarakeh Steel,20231106,5570,5580,5500,5540,3.98758E+11,71995985,3821,D,5530,5540
S*Mobarakeh Steel,20231105,5580,5600,5510,5530,4.81131E+11,86997345,3855,D,5510,5550
S*Mobarakeh Steel,20231104,5440,5630,5440,5510,6.48678E+11,117686304,4911,D,5350,5500
S*Mobarakeh Steel,20231101,5330,5410,5220,5350,4.31903E+11,80699528,3521,D,5360,5390
S*Mobarakeh Steel,20231031,5400,5420,5330,5360,4.57529E+11,85290364,3689,D,5350,5370
S*Mobarakeh Steel,20231030,5250,5400,5250,5350,3.22141E+11,60200487,3317,D,5230,5390
S*Mobarakeh Steel,20231029,5170,5270,5160,5230,2.98969E+11,57169267,3255,D,5200,5260
S*Mobarakeh Steel,20231028,5330,5330,5160,5200,6.34709E+11,122006100,5596,D,5350,5160
S*Mobarakeh Steel,20231025,5330,5390,5320,5350,3.29142E+11,61496230,2980,D,5320,5350
S*Mobarakeh Steel,20231024,5360,5400,5280,5320,5.19055E+11,97500089,3586,D,5390,5300
S*Mobarakeh Steel,20231023,5380,5460,5350,5390,4.63065E+11,85893078,4015,D,5370,5390
S*Mobarakeh Steel,20231022,5300,5440,5300,5370,5.14261E+11,95757133,5329,D,5210,5380
S*Mobarakeh Steel,20231021,5210,5240,5180,5210,4.62596E+11,88739679,3320,D,5230,5190
S*Mobarakeh Steel,20231018,5240,5280,5190,5230,4.63799E+11,88764855,2908,D,5240,5260
S*Mobarakeh Steel,20231017,0,0,0,5240,0,0,0,D,5240,5280
S*Mobarakeh Steel,20231016,5200,5290,5200,5240,2.54319E+11,48551498,3016,D,5180,5280
S*Mobarakeh Steel,20231015,5120,5250,5110,5180,3.76249E+11,72600489,3218,D,5140,5240
S*Mobarakeh Steel,20231014,5220,5230,5050,5140,3.57513E+11,69556400,3455,D,5220,5150
S*Mobarakeh Steel,20231011,5300,5300,5190,5220,2.54035E+11,48623209,3041,D,5240,5230
S*Mobarakeh Steel,20231010,5230,5290,5190,5240,3.04421E+11,58044386,3111,D,5230,5260
S*Mobarakeh Steel,20231009,5080,5400,5080,5230,3.60611E+11,68912694,4532,D,5130,5180
S*Mobarakeh Steel,20231008,5260,5270,5080,5130,6.94376E+11,135307065,6297,D,5290,5150
S*Mobarakeh Steel,20231007,5300,5350,5260,5290,5.36383E+11,101466441,3916,D,5300,5290
S*Mobarakeh Steel,20231004,5310,5360,5290,5300,4.5796E+11,86346374,3694,D,5300,5310
S*Mobarakeh Steel,20231002,5280,5350,5250,5300,5.76615E+11,108710565,4104,D,5310,5300
S*Mobarakeh Steel,20231001,5410,5430,5280,5310,5.70268E+11,107429619,4875,D,5410,5300
S*Mobarakeh Steel,20230930,5510,5550,5340,5410,5.70334E+11,105515003,6119,D,5500,5350
S*Mobarakeh Steel,20230927,5500,5540,5460,5500,4.9362E+11,89692328,3700,D,5520,5510
S*Mobarakeh Steel,20230926,5560,5560,5500,5520,4.55205E+11,82486265,4196,D,5540,5510
S*Mobarakeh Steel,20230925,5580,5610,5490,5540,6.25239E+11,112842856,4224,D,5590,5540
S*Mobarakeh Steel,20230923,5550,5610,5550,5590,3.84805E+11,68876272,3201,D,5590,5580
S*Mobarakeh Steel,20230920,5610,5650,5530,5590,7.14668E+11,127810415,3542,D,5600,5600
S*Mobarakeh Steel,20230919,5570,5620,5550,5600,6.94573E+11,124079974,3278,D,5570,5610
S*Mobarakeh Steel,20230918,5550,5610,5530,5570,8.41007E+11,151092451,4354,D,5570,5560
S*Mobarakeh Steel,20230917,5560,5660,5530,5570,4.6278E+11,83045619,4871,D,5560,5560
S*Mobarakeh Steel,20230913,5560,5600,5530,5560,5.76949E+11,103681013,5175,D,5560,5560
S*Mobarakeh Steel,20230912,5600,5600,5530,5560,4.00713E+11,72110806,2838,D,5550,5550
S*Mobarakeh Steel,20230911,5530,5600,5500,5550,4.12089E+11,74309985,3419,D,5570,5590
S*Mobarakeh Steel,20230910,5520,5600,5470,5570,6.15543E+11,110475841,3824,D,5610,5550
S*Mobarakeh Steel,20230909,5590,5760,5550,5610,4.40404E+11,78512848,4207,D,5680,5550
S*Mobarakeh Steel,20230905,5690,5800,5590,5680,6.86717E+11,120871716,5165,D,5670,5620
S*Mobarakeh Steel,20230904,5550,5740,5530,5670,5.69981E+11,100566866,4414,D,5600,5660
S*Mobarakeh Steel,20230903,5590,5660,5520,5600,3.59585E+11,64217517,3701,D,5590,5600
S*Mobarakeh Steel,20230902,5660,5720,5490,5590,7.50707E+11,134370385,5570,D,5620,5590
S*Mobarakeh Steel,20230830,5510,5730,5510,5620,7.08472E+11,125955299,5462,D,5610,5610
S*Mobarakeh Steel,20230829,5630,5730,5520,5610,7.39763E+11,131877599,5665,D,5580,5530
S*Mobarakeh Steel,20230828,5590,5690,5480,5580,9.29474E+11,166512551,7310,D,5500,5550
S*Mobarakeh Steel,20230827,5340,5580,5270,5500,1.28212E+12,233151626,9017,D,5220,5520
S*Mobarakeh Steel,20230826,5110,5310,5050,5220,8.01176E+11,153494477,5931,D,5000,5260
S*Mobarakeh Steel,20230823,4960,5050,4950,5000,3.48935E+11,69737133,3823,D,5000,5040
S*Mobarakeh Steel,20230822,5070,5070,4970,5000,3.85568E+11,77110559,3725,D,5060,4990
S*Mobarakeh Steel,20230821,5060,5110,5040,5060,2.6311E+11,52038276,2807,D,5050,5070
S*Mobarakeh Steel,20230820,5050,5080,5040,5050,3.73197E+11,73867748,3473,D,5050,5050
S*Mobarakeh Steel,20230819,5070,5110,5010,5050,3.79251E+11,75146488,4036,D,5110,5050
S*Mobarakeh Steel,20230816,5090,5140,5080,5110,3.18954E+11,62458561,3092,D,5120,5100
S*Mobarakeh Steel,20230815,5120,5180,5080,5120,3.32717E+11,64986507,2926,D,5170,5100
S*Mobarakeh Steel,20230814,5180,5250,5120,5170,3.59684E+11,69543411,3425,D,5170,5160
S*Mobarakeh Steel,20230813,5120,5220,5100,5170,3.03011E+11,58579340,3139,D,5160,5180
S*Mobarakeh Steel,20230812,5200,5310,5110,5160,5.54046E+11,107356345,4451,D,5320,5130
S*Mobarakeh Steel,20230809,5350,5400,5270,5320,3.13332E+11,58903565,3338,D,5350,5320
S*Mobarakeh Steel,20230808,5340,5390,5220,5350,4.5809E+11,85572351,3271,D,5370,5340
S*Mobarakeh Steel,20230807,5430,5430,5310,5370,4.51875E+11,84210683,3384,D,5340,5350
S*Mobarakeh Steel,20230806,5380,5400,5250,5340,4.61208E+11,86390288,4993,D,5300,5390
S*Mobarakeh Steel,20230805,5140,5360,5140,5300,7.29925E+11,137682646,7365,D,5010,5360
S*Mobarakeh Steel,20230801,5040,5160,4960,5010,5.68271E+11,113361598,5019,D,4970,5160
S*Mobarakeh Steel,20230731,4900,5040,4890,4970,3.23903E+11,65185000,3457,D,4940,4960
S*Mobarakeh Steel,20230730,4990,5020,4900,4940,6.48449E+11,131186888,5611,D,4990,4920
S*Mobarakeh Steel,20230729,5000,5030,4970,4990,3.28166E+11,65750231,4100,D,5000,4990
S*Mobarakeh Steel,20230726,5000,5030,4920,5000,2.78768E+11,55747071,4389,D,5030,5000
S*Mobarakeh Steel,20230725,5070,5140,4980,5030,3.5738E+11,71003596,6135,D,5020,5010
S*Mobarakeh Steel,20230724,5010,5050,4990,5020,2.8686E+11,57109828,3685,D,4960,5050
S*Mobarakeh Steel,20230723,0,0,0,4960,0,0,0,D,4960,4990
S*Mobarakeh Steel,20230722,0,0,0,5460,0,0,0,D,5460,5490
S*Mobarakeh Steel,20230719,0,0,0,5460,0,0,0,D,5460,5490
S*Mobarakeh Steel,20230718,5260,5490,5260,5460,1.22345E+12,224243595,9760,D,5140,5490
S*Mobarakeh Steel,20230717,5280,5340,5000,5140,9.07932E+11,176626718,9791,D,5340,5260
S*Mobarakeh Steel,20230716,5520,5520,5270,5340,5.29457E+11,99060289,6711,D,5530,5340
S*Mobarakeh Steel,20230715,5530,5600,5470,5530,4.14984E+11,75064706,5105,D,5470,5510
S*Mobarakeh Steel,20230712,5570,5600,5370,5470,5.80085E+11,106044406,7687,D,5670,5520
S*Mobarakeh Steel,20230711,5720,5780,5570,5670,8.50374E+11,149920504,6515,D,5770,5580
S*Mobarakeh Steel,20230710,5800,5880,5750,5770,4.37018E+11,75699210,4154,D,5800,5750
S*Mobarakeh Steel,20230709,5770,5850,5730,5800,4.12802E+11,71151549,4266,D,5830,5800
S*Mobarakeh Steel,20230708,5900,5930,5760,5830,3.79839E+11,65120779,5495,D,5910,5770
S*Mobarakeh Steel,20230705,5870,5980,5850,5910,3.93682E+11,66622061,4641,D,5930,5890
S*Mobarakeh Steel,20230704,5870,6030,5840,5930,7.73797E+11,130524700,8122,D,5740,5900
S*Mobarakeh Steel,20230703,5640,5880,5590,5740,6.05475E+11,105465938,6428,D,5580,5830
S*Mobarakeh Steel,20230702,5500,5660,5490,5580,2.63772E+11,47231036,4386,D,5520,5600
S*Mobarakeh Steel,20230701,5560,5580,5490,5520,2.94346E+11,53327532,6061,D,5580,5500
S*Mobarakeh Steel,20230628,5620,5640,5540,5580,2.42128E+11,43415863,4089,D,5620,5570
S*Mobarakeh Steel,20230627,5700,5750,5570,5620,3.26439E+11,58122823,4637,D,5690,5620
S*Mobarakeh Steel,20230626,5600,5730,5560,5690,5.162E+11,90734114,5471,D,5650,5690
S*Mobarakeh Steel,20230625,5620,5780,5580,5650,3.75209E+11,66455705,5943,D,5580,5600
S*Mobarakeh Steel,20230624,5600,5660,5540,5580,4.58262E+11,82124904,7530,D,5660,5620
S*Mobarakeh Steel,20230621,5700,5750,5570,5660,4.20565E+11,74345505,6119,D,5680,5640
S*Mobarakeh Steel,20230620,5710,5770,5640,5680,2.6244E+11,46171020,4077,D,5710,5700
S*Mobarakeh Steel,20230619,5820,5820,5680,5710,5.66527E+11,99238817,5748,D,5770,5690
S*Mobarakeh Steel,20230618,5790,5820,5590,5770,7.00113E+11,121290120,5627,D,5810,5780
S*Mobarakeh Steel,20230617,5820,5910,5750,5810,3.66496E+11,63127519,5687,D,5820,5750
S*Mobarakeh Steel,20230614,5730,5910,5680,5820,3.65446E+11,62838935,6240,D,5590,5800
S*Mobarakeh Steel,20230613,5500,5700,5500,5590,5.35405E+11,95755494,6673,D,5520,5630
S*Mobarakeh Steel,20230612,5700,5700,5460,5520,1.39722E+12,253173030,15366,D,5820,5510
S*Mobarakeh Steel,20230611,5860,5860,5740,5820,7.85385E+11,134906296,9300,D,5890,5810
S*Mobarakeh Steel,20230610,6060,6100,5820,5890,1.22804E+12,208352537,10322,D,6130,5870
S*Mobarakeh Steel,20230607,6130,6200,6090,6130,7.46409E+11,121742996,6172,D,6130,6140
S*Mobarakeh Steel,20230606,6150,6150,6100,6130,7.02582E+11,114689026,6008,D,6120,6130
S*Mobarakeh Steel,20230603,6140,6160,6090,6120,4.14735E+11,67822579,5756,D,6100,6100
S*Mobarakeh Steel,20230531,6150,6150,6020,6100,8.11105E+11,132886502,6705,D,6140,6140
S*Mobarakeh Steel,20230530,6200,6210,6120,6140,9.03795E+11,147161500,7310,D,6140,6150
S*Mobarakeh Steel,20230529,6210,6230,6110,6140,7.52948E+11,122716152,7651,D,6130,6120
S*Mobarakeh Steel,20230528,6220,6250,6070,6130,1.04589E+12,170660998,10058,D,6250,6210
S*Mobarakeh Steel,20230527,6300,6370,6170,6250,1.13741E+12,181880942,11296,D,6360,6300
S*Mobarakeh Steel,20230524,6450,6460,6320,6360,9.27961E+11,145969153,9183,D,6370,6330
S*Mobarakeh Steel,20230523,6440,6450,6310,6370,1.15288E+12,181098784,11495,D,6410,6340
S*Mobarakeh Steel,20230522,6530,6580,6360,6410,1.23538E+12,192852613,12317,D,6440,6380
S*Mobarakeh Steel,20230521,6380,6570,6320,6440,1.90566E+12,295904651,12351,D,6440,6530
S*Mobarakeh Steel,20230520,6500,6520,6380,6440,1.27271E+12,197492942,11166,D,6680,6470
S*Mobarakeh Steel,20230517,0,0,0,6680,0,0,0,D,6680,6730
S*Mobarakeh Steel,20230515,6750,6760,6590,6680,1.2617E+12,188982290,10152,D,6670,6730
S*Mobarakeh Steel,20230514,6460,6790,6460,6670,1.52309E+12,228292468,13592,D,6420,6700
S*Mobarakeh Steel,20230513,6560,6610,6200,6420,2.71789E+12,423664181,19008,D,6560,6520
S*Mobarakeh Steel,20230510,6820,6820,6420,6560,2.09627E+12,319702220,16084,D,6580,6620
S*Mobarakeh Steel,20230509,6170,6800,6170,6580,1.89005E+12,287446777,20856,D,6480,6730
S*Mobarakeh Steel,20230508,6540,6870,6400,6480,2.77659E+12,428610795,20532,D,6880,6400
S*Mobarakeh Steel,20230507,7230,7250,6730,6880,3.99789E+12,580962258,30154,D,7230,6730
S*Mobarakeh Steel,20230506,7260,7360,7090,7230,2.23469E+12,308938513,19750,D,7240,7240
S*Mobarakeh Steel,20230503,7340,7340,7140,7240,2.29856E+12,317542345,18767,D,7280,7210
S*Mobarakeh Steel,20230502,7180,7370,7120,7280,2.70547E+12,371862610,18811,D,7070,7350
S*Mobarakeh Steel,20230501,7150,7170,6890,7070,3.05E+12,431638871,22946,D,7050,7120
S*Mobarakeh Steel,20230430,7060,7290,6880,7050,4.47711E+12,634600863,30140,D,6840,7110
S*Mobarakeh Steel,20230429,6670,6840,6670,6840,7.01276E+12,1025644709,28194,D,6400,6840
S*Mobarakeh Steel,20230426,6330,6500,6250,6400,2.23326E+12,349071534,17351,D,6390,6490
S*Mobarakeh Steel,20230425,6240,6490,6240,6390,2.12357E+12,332099309,16769,D,6280,6340
S*Mobarakeh Steel,20230424,6310,6340,6210,6280,1.51039E+12,240649139,14505,D,6310,6320
S*Mobarakeh Steel,20230419,6370,6410,6230,6310,1.58392E+12,250828258,16527,D,6370,6300
S*Mobarakeh Steel,20230418,6310,6500,6260,6370,2.56699E+12,403022157,24710,D,6340,6300
S*Mobarakeh Steel,20230417,6330,6460,6270,6340,2.21906E+12,350123370,19831,D,6320,6320
S*Mobarakeh Steel,20230416,6400,6420,6250,6320,1.93594E+12,306540311,18765,D,6330,6290
S*Mobarakeh Steel,20230415,6300,6410,6260,6330,2.21378E+12,349695944,22662,D,6200,6290
S*Mobarakeh Steel,20230411,6220,6320,6130,6200,1.37793E+12,222345202,14217,D,6260,6230
S*Mobarakeh Steel,20230410,6400,6490,6110,6260,2.18761E+12,349421340,25972,D,6420,6170
S*Mobarakeh Steel,20230409,6570,6570,6350,6420,2.02989E+12,316354456,21988,D,6450,6370
S*Mobarakeh Steel,20230408,6220,6630,6180,6450,3.49951E+12,542465282,29235,D,6210,6430
S*Mobarakeh Steel,20230405,6230,6280,6100,6210,2.0897E+12,336729315,20790,D,6270,6230
S*Mobarakeh Steel,20230404,6300,6410,6160,6270,1.68514E+12,268808210,20456,D,6210,6180
S*Mobarakeh Steel,20230403,6240,6300,6000,6210,2.01312E+12,324399386,24873,D,6310,6300
S*Mobarakeh Steel,20230329,6330,6400,6250,6310,1.65151E+12,261767907,21753,D,6310,6320
S*Mobarakeh Steel,20230328,6430,6460,6210,6310,2.01336E+12,319285689,25730,D,6340,6320
S*Mobarakeh Steel,20230327,6200,6480,6050,6340,1.42776E+12,225341510,17960,D,6320,6400
S*Mobarakeh Steel,20230326,6380,6570,6110,6320,2.29386E+12,362716933,29399,D,6230,6180
S*Mobarakeh Steel,20230325,6150,6300,5910,6230,2.8451E+12,456619517,25586,D,5890,6300
S*Mobarakeh Steel,20230319,5770,6060,5770,5890,5.24884E+12,891831928,25825,D,5260,6000
S*Mobarakeh Steel,20230318,0,0,0,7940,0,0,0,D,7940,7930
S*Mobarakeh Steel,20230315,0,0,0,7940,0,0,0,D,7940,7930
S*Mobarakeh Steel,20230314,0,0,0,7940,0,0,0,D,7940,7930
S*Mobarakeh Steel,20230313,7920,8100,7880,7940,1.87426E+12,235952241,15895,D,7920,7930
S*Mobarakeh Steel,20230312,8000,8060,7780,7920,1.73897E+12,219466342,13905,D,8260,7900
S*Mobarakeh Steel,20230311,8440,8490,8100,8260,2.43086E+12,294411392,20572,D,8440,8120
S*Mobarakeh Steel,20230307,8010,8490,8010,8440,4.63696E+12,549719790,20825,D,7940,8490
S*Mobarakeh Steel,20230306,8070,8070,7760,7940,1.64396E+12,206946906,11062,D,8080,7960
S*Mobarakeh Steel,20230305,8050,8350,8000,8080,1.19031E+12,147265490,10816,D,8110,8070
S*Mobarakeh Steel,20230304,8210,8230,8020,8110,1.73356E+12,213687956,14240,D,8350,8050
S*Mobarakeh Steel,20230301,8490,8560,8200,8350,3.17196E+12,379717791,18891,D,8570,8220
S*Mobarakeh Steel,20230228,8550,8700,8270,8570,2.36062E+12,275533774,17938,D,8450,8480
S*Mobarakeh Steel,20230227,8370,8750,8070,8450,4.43254E+12,524418093,29988,D,8480,8450
S*Mobarakeh Steel,20230226,8510,8510,8220,8480,7.30453E+12,861116981,36474,D,7960,8510
S*Mobarakeh Steel,20230225,7960,7960,7960,7960,2.11668E+12,265914635,6964,D,7440,7960
S*Mobarakeh Steel,20230222,7380,7700,7250,7440,3.24761E+12,436560018,24118,D,7340,7640
S*Mobarakeh Steel,20230221,7340,7340,7280,7340,5.50249E+12,749737326,19217,D,6860,7340
S*Mobarakeh Steel,20230220,6830,6860,6700,6860,2.50557E+12,365385476,8715,D,6420,6860
S*Mobarakeh Steel,20230219,6300,6580,6290,6420,1.33184E+12,207471282,10562,D,6270,6550
S*Mobarakeh Steel,20230215,6260,6330,6210,6270,4.45507E+11,71012495,4058,D,6300,6270
S*Mobarakeh Steel,20230214,6310,6350,6240,6300,6.40599E+11,101760189,5002,D,6320,6260
S*Mobarakeh Steel,20230213,6290,6410,6260,6320,6.66608E+11,105500295,5363,D,6260,6290
S*Mobarakeh Steel,20230212,6220,6300,6200,6260,5.37582E+11,85916203,4999,D,6270,6280
S*Mobarakeh Steel,20230208,6220,6380,6200,6270,6.44619E+11,102835863,5958,D,6180,6210
S*Mobarakeh Steel,20230207,6050,6270,6050,6180,6.48203E+11,104857562,5796,D,6000,6250
S*Mobarakeh Steel,20230206,5950,6080,5940,6000,5.47904E+11,91392166,4885,D,5950,6050
S*Mobarakeh Steel,20230205,5980,6000,5890,5950,9.36778E+11,157450063,5581,D,5990,5950
S*Mobarakeh Steel,20230201,6000,6030,5960,5990,5.89616E+11,98408845,4478,D,5990,5980
S*Mobarakeh Steel,20230131,5970,6100,5910,5990,5.40281E+11,90202536,5095,D,5870,5990
S*Mobarakeh Steel,20230130,5800,6010,5680,5870,8.13329E+11,138509344,7765,D,5870,5970
S*Mobarakeh Steel,20230129,6010,6020,5790,5870,1.11279E+12,189522032,9240,D,6080,5970
S*Mobarakeh Steel,20230128,6140,6180,6020,6080,7.65625E+11,125951557,6878,D,6080,6030
S*Mobarakeh Steel,20230125,6200,6200,6030,6080,7.19736E+11,118382059,6761,D,6210,6100
S*Mobarakeh Steel,20230124,6220,6270,6140,6210,4.55517E+11,73351074,5084,D,6230,6210
S*Mobarakeh Steel,20230123,6240,6380,6110,6230,8.52042E+11,136778785,7263,D,6180,6260
S*Mobarakeh Steel,20230122,6130,6290,6110,6180,8.14438E+11,131724234,7806,D,6140,6240
S*Mobarakeh Steel,20230121,6190,6310,6100,6140,1.58304E+12,257670035,14448,D,6400,6130
S*Mobarakeh Steel,20230118,6410,6460,6350,6400,6.37188E+11,99567404,7617,D,6440,6380
S*Mobarakeh Steel,20230117,6510,6560,6360,6440,9.46844E+11,147135689,9549,D,6460,6390
S*Mobarakeh Steel,20230116,6430,6560,6380,6460,7.61003E+11,117797090,8144,D,6300,6470
S*Mobarakeh Steel,20230115,0,0,0,6300,0,0,0,D,6300,6430
S*Mobarakeh Steel,20230114,6240,6470,6060,6300,1.01871E+12,161647166,9167,D,6420,6430
S*Mobarakeh Steel,20230111,6480,6530,6300,6420,8.69126E+11,135329474,10207,D,6500,6350
S*Mobarakeh Steel,20230110,6410,6550,6380,6500,2.6927E+12,414261588,18219,D,6130,6460
S*Mobarakeh Steel,20230109,6050,6290,6010,6130,1.08512E+12,176884698,9445,D,6080,6210
S*Mobarakeh Steel,20230108,6050,6220,5960,6080,1.29164E+12,212355054,11173,D,5900,6010
S*Mobarakeh Steel,20230107,5880,5990,5800,5900,6.15326E+11,104310491,7624,D,5800,5930
S*Mobarakeh Steel,20230104,5930,5930,5760,5800,4.99673E+11,86151879,6707,D,5940,5880
S*Mobarakeh Steel,20230103,6020,6050,5850,5940,8.96675E+11,150830117,8137,D,5980,5900
S*Mobarakeh Steel,20230102,6000,6030,5940,5980,7.6221E+11,127510359,7775,D,5840,5960
S*Mobarakeh Steel,20230101,5870,6090,5700,5840,1.23427E+12,211337374,11497,D,5970,5920
S*Mobarakeh Steel,20221231,5870,6250,5850,5970,2.07452E+12,347343782,18877,D,6280,5910
S*Mobarakeh Steel,20221228,6100,6290,6100,6280,2.58421E+12,411315121,12332,D,5880,6290
S*Mobarakeh Steel,20221226,5890,5940,5760,5880,7.08242E+11,120347075,8243,D,5930,5880
S*Mobarakeh Steel,20221225,6000,6050,5830,5930,8.35853E+11,140889964,9149,D,5830,5880
S*Mobarakeh Steel,20221224,5600,5910,5570,5830,1.12714E+12,193191975,10551,D,5530,5910
S*Mobarakeh Steel,20221221,5490,5610,5450,5530,3.62672E+11,65637455,4222,D,5550,5540
S*Mobarakeh Steel,20221220,5630,5650,5490,5550,4.39309E+11,79175063,4437,D,5630,5530
S*Mobarakeh Steel,20221219,5700,5740,5500,5630,7.86143E+11,139743574,6804,D,5620,5580
S*Mobarakeh Steel,20221218,5470,5720,5470,5620,9.39688E+11,167058795,7676,D,5390,5630
S*Mobarakeh Steel,20221217,5450,5460,5320,5390,5.28401E+11,97960083,6174,D,5467,5410
S*Mobarakeh Steel,20221214,5380,5647,5360,5467,1.13096E+12,206867820,10860,D,5287,5438
S*Mobarakeh Steel,20221213,5051,5312,5051,5287,1.84128E+12,348239330,11985,D,4965,5312
S*Mobarakeh Steel,20221212,4800,5030,4800,4965,4.69991E+11,94668209,5576,D,4795,5020
S*Mobarakeh Steel,20221211,4759,4880,4759,4795,3.37452E+11,70375438,4971,D,4756,4806
S*Mobarakeh Steel,20221210,4819,4819,4706,4756,3.45762E+11,72699016,4638,D,4865,4740
S*Mobarakeh Steel,20221207,4915,4920,4815,4865,2.5656E+11,52737862,5099,D,4940,4817
S*Mobarakeh Steel,20221206,4962,4963,4921,4940,2.62695E+11,53175287,3228,D,4959,4922
S*Mobarakeh Steel,20221205,5000,5000,4929,4959,3.70763E+11,74759233,3729,D,4987,4988
S*Mobarakeh Steel,20221204,4950,5020,4933,4987,3.70304E+11,74246594,4110,D,4984,4981
S*Mobarakeh Steel,20221203,4969,5040,4949,4984,1.91635E+11,38451481,2198,D,4922,4990
S*Mobarakeh Steel,20221130,0,0,0,4922,0,0,0,D,4922,4921
S*Mobarakeh Steel,20221129,0,0,0,4922,0,0,0,D,4922,4921
S*Mobarakeh Steel,20221128,4930,4945,4910,4922,3.25225E+11,66075060,3900,D,4918,4921
S*Mobarakeh Steel,20221127,4900,4970,4871,4918,3.12633E+11,63563986,3372,D,4912,4950
S*Mobarakeh Steel,20221126,4990,5000,4880,4912,2.00479E+11,40813436,3099,D,4930,4900
S*Mobarakeh Steel,20221123,4950,4970,4900,4930,2.30021E+11,46624018,3450,D,4950,4920
S*Mobarakeh Steel,20221122,4950,4990,4910,4950,1.58311E+11,31997103,2560,D,4980,4930
S*Mobarakeh Steel,20221121,4990,5010,4920,4980,3.11527E+11,62515328,3290,D,4980,4950
S*Mobarakeh Steel,20221120,4860,5050,4850,4980,2.5114E+11,50420114,3135,D,4900,4960
S*Mobarakeh Steel,20221119,5040,5040,4820,4900,5.23602E+11,106945198,5745,D,5060,4920
S*Mobarakeh Steel,20221116,5080,5110,5010,5060,2.43801E+11,48226617,3079,D,5040,5040
S*Mobarakeh Steel,20221115,5030,5100,5000,5040,3.66174E+11,72657034,3830,D,5030,5070
S*Mobarakeh Steel,20221114,5080,5110,4920,5030,4.16325E+11,82687906,4976,D,5080,5080
S*Mobarakeh Steel,20221113,5110,5160,5020,5080,4.61236E+11,90819243,6412,D,5210,5080
S*Mobarakeh Steel,20221112,5160,5340,5100,5210,5.65638E+11,108555719,7146,D,5157,5110
S*Mobarakeh Steel,20221109,5149,5260,5021,5157,6.80771E+11,132021163,7188,D,5166,5160
S*Mobarakeh Steel,20221108,5221,5347,5034,5166,9.25204E+11,179079767,10808,D,5128,5156
S*Mobarakeh Steel,20221107,4985,5249,4950,5128,9.54037E+11,186032836,10364,D,4949,5214
S*Mobarakeh Steel,20221106,4944,5050,4850,4949,7.6151E+11,153882871,8739,D,4914,4985
S*Mobarakeh Steel,20221105,4660,4932,4660,4914,1.23888E+12,252089157,7470,D,4610,4932
S*Mobarakeh Steel,20221102,4611,4669,4522,4610,5.25216E+11,113926621,4848,D,4611,4666
S*Mobarakeh Steel,20221101,4580,4645,4560,4611,4.19711E+11,91024869,4478,D,4549,4582
S*Mobarakeh Steel,20221031,4550,4590,4517,4549,5.34377E+11,117473603,5381,D,4487,4580
S*Mobarakeh Steel,20221030,4394,4550,4365,4487,8.57329E+11,191063150,6832,D,4361,4550
S*Mobarakeh Steel,20221029,4370,4404,4319,4361,7.58035E+11,173822689,6457,D,4311,4342
S*Mobarakeh Steel,20221026,4424,4444,4214,4311,6.67858E+11,154912131,8843,D,4432,4285
S*Mobarakeh Steel,20221025,4474,4493,4378,4432,5.74776E+11,129681942,8398,D,4474,4388
S*Mobarakeh Steel,20221024,4640,4640,4416,4474,1.40341E+12,313694377,17347,D,4732,4471
S*Mobarakeh Steel,20221023,4854,4855,4643,4732,3.70119E+11,78221679,6549,D,4884,4699
S*Mobarakeh Steel,20221022,4901,4910,4859,4884,2.29284E+11,46946435,3411,D,4910,4874
S*Mobarakeh Steel,20221019,4940,4960,4880,4910,1.07778E+11,21968294,2687,D,4950,4890
S*Mobarakeh Steel,20221018,5000,5010,4910,4950,1.38832E+11,28056860,2405,D,4980,4930
S*Mobarakeh Steel,20221017,5000,5000,4910,4980,1.48598E+11,29816705,2078,D,4990,5000
S*Mobarakeh Steel,20221016,5040,5040,4930,4990,1.8728E+11,37568225,2303,D,5030,5010
S*Mobarakeh Steel,20221015,5070,5080,4940,5030,1.4777E+11,29365546,2299,D,5058,5040
S*Mobarakeh Steel,20221012,5055,5090,5018,5058,1.65805E+11,32782519,2532,D,4979,5065
S*Mobarakeh Steel,20221011,4921,5060,4904,4979,1.85089E+11,37174234,2794,D,4897,5015
S*Mobarakeh Steel,20221010,4909,4920,4879,4897,1.62277E+11,33137450,2719,D,4909,4910
S*Mobarakeh Steel,20221009,4914,4920,4880,4909,2.7057E+11,55112475,2578,D,4914,4901
S*Mobarakeh Steel,20221008,4920,4980,4899,4914,1.41391E+11,28772541,2848,D,4920,4902
S*Mobarakeh Steel,20221004,4910,4960,4900,4920,1.08471E+11,22066425,2104,D,4930,4920
S*Mobarakeh Steel,20221003,4930,4980,4900,4930,1.2873E+11,26126619,2143,D,4930,4910
S*Mobarakeh Steel,20221002,4920,4970,4870,4930,1.73876E+11,35283387,2643,D,4930,4940
S*Mobarakeh Steel,20221001,5060,5060,4900,4930,2.09323E+11,42451061,3400,D,5040,4900
S*Mobarakeh Steel,20220928,4990,5110,4950,5040,2.24676E+11,44592048,3552,D,4950,5020
S*Mobarakeh Steel,20220926,4880,5020,4870,4950,2.45443E+11,49543805,4308,D,4910,4920
S*Mobarakeh Steel,20220924,4990,4990,4860,4910,2.32389E+11,47330516,4780,D,5020,4880
S*Mobarakeh Steel,20220921,5050,5080,4990,5020,2.46376E+11,49116423,4401,D,5080,4990
S*Mobarakeh Steel,20220920,5100,5110,5060,5080,1.51667E+11,29849060,2366,D,5100,5070
S*Mobarakeh Steel,20220919,5110,5120,5080,5100,2.10165E+11,41222453,2704,D,5110,5090
S*Mobarakeh Steel,20220918,5170,5190,5080,5110,1.7878E+11,34970851,3165,D,5170,5110
S*Mobarakeh Steel,20220914,5250,5250,5120,5170,2.32828E+11,45054451,3908,D,5180,5150
S*Mobarakeh Steel,20220913,5160,5230,5120,5180,4.00648E+11,77278407,4958,D,5100,5220
S*Mobarakeh Steel,20220912,5100,5170,5050,5100,2.75376E+11,53997996,5170,D,5030,5130
S*Mobarakeh Steel,20220911,5040,5060,5020,5030,1.89855E+11,37750629,3062,D,5030,5030
S*Mobarakeh Steel,20220910,5050,5070,4990,5030,2.53874E+11,50441468,3581,D,5060,5040
S*Mobarakeh Steel,20220907,5080,5090,5020,5060,2.15291E+11,42583792,3401,D,5060,5040
S*Mobarakeh Steel,20220906,5080,5100,5020,5060,1.75609E+11,34701518,3234,D,5080,5070
S*Mobarakeh Steel,20220905,5150,5150,5050,5080,2.47384E+11,48675596,4011,D,5090,5060
S*Mobarakeh Steel,20220904,5100,5180,5070,5090,2.15397E+11,42292675,3891,D,5090,5090
S*Mobarakeh Steel,20220903,5120,5170,5020,5090,3.31644E+11,65174611,5148,D,5140,5080
S*Mobarakeh Steel,20220831,5160,5190,5120,5140,1.85445E+11,36092715,3911,D,5170,5120
S*Mobarakeh Steel,20220830,5200,5280,5130,5170,2.34455E+11,45326522,5325,D,5230,5130
S*Mobarakeh Steel,20220829,5270,5280,5200,5230,2.6165E+11,50011302,5179,D,5270,5210
S*Mobarakeh Steel,20220828,5350,5350,5240,5270,2.60409E+11,49398850,4191,D,5330,5260
S*Mobarakeh Steel,20220827,5380,5380,5300,5330,2.75202E+11,51647450,5280,D,5330,5320
S*Mobarakeh Steel,20220824,5330,5370,5280,5330,3.65888E+11,68699416,5303,D,5270,5330
S*Mobarakeh Steel,20220823,5230,5340,5220,5270,3.29123E+11,62393229,6703,D,5310,5280
S*Mobarakeh Steel,20220822,5420,5420,5240,5310,6.21874E+11,117052411,8497,D,5420,5290
S*Mobarakeh Steel,20220821,5420,5450,5400,5420,3.51314E+11,64793800,2068,D,5560,5430
S*Mobarakeh Steel,20220820,0,0,0,5560,0,0,0,D,5560,5540
S*Mobarakeh Steel,20220817,5600,5650,5500,5560,4.23917E+11,76206181,5200,D,5600,5540
S*Mobarakeh Steel,20220816,5730,5730,5510,5600,3.03614E+11,54168816,5039,D,5670,5590
S*Mobarakeh Steel,20220815,5720,5750,5600,5670,3.95085E+11,69689904,5627,D,5740,5690
S*Mobarakeh Steel,20220814,5850,5850,5650,5740,3.54087E+11,61677930,5739,D,5780,5720
S*Mobarakeh Steel,20220813,5520,5850,5500,5780,8.64611E+11,149535604,9910,D,5520,5810
S*Mobarakeh Steel,20220810,5590,5600,5480,5520,5.42781E+11,98255194,8348,D,5460,5520
S*Mobarakeh Steel,20220809,5470,5500,5390,5460,6.92061E+11,126831611,6913,D,5240,5500
S*Mobarakeh Steel,20220806,0,0,0,9470,0,0,0,D,9470,9650
S*Mobarakeh Steel,20220803,0,0,0,11170,0,0,0,D,11170,11350
S*Mobarakeh Steel,20220802,0,0,0,11170,0,0,0,D,11170,11350
S*Mobarakeh Steel,20220801,0,0,0,11170,0,0,0,D,11170,11350
S*Mobarakeh Steel,20220731,10830,11370,10690,11170,1.66185E+12,148767350,13410,D,11040,11350
S*Mobarakeh Steel,20220730,10980,11170,10840,11040,5.40333E+11,48954520,6181,D,10930,10890
S*Mobarakeh Steel,20220727,10700,11090,10680,10930,4.90875E+11,44930484,5716,D,10690,10930
S*Mobarakeh Steel,20220726,10600,10760,10600,10690,4.9073E+11,45920539,4829,D,10690,10680
S*Mobarakeh Steel,20220725,10890,10930,10500,10690,7.2747E+11,68029792,7488,D,10930,10540
S*Mobarakeh Steel,20220724,10990,10990,10710,10930,3.0091E+11,27535444,1413,D,10990,10830
S*Mobarakeh Steel,20220723,0,0,0,10990,0,0,0,D,10990,10990
S*Mobarakeh Steel,20220720,0,0,0,10990,0,0,0,D,10990,10990
S*Mobarakeh Steel,20220719,0,0,0,10990,0,0,0,D,10990,10990
S*Mobarakeh Steel,20220717,11090,11090,10910,10990,5.47339E+11,49798334,6205,D,11080,10990
S*Mobarakeh Steel,20220716,11370,11370,10910,11080,5.33033E+11,48110092,6433,D,11310,11030
S*Mobarakeh Steel,20220713,11400,11500,11200,11310,5.12431E+11,45327426,5997,D,11370,11370
S*Mobarakeh Steel,20220712,11300,11460,11200,11370,8.5016E+11,74778647,6903,D,11400,11370
S*Mobarakeh Steel,20220711,11280,11660,11210,11400,1.29831E+12,113911578,13596,D,11100,11300
S*Mobarakeh Steel,20220709,10990,11300,10950,11100,7.60908E+11,68566315,5962,D,11040,10990
S*Mobarakeh Steel,20220706,10960,11220,10930,11040,9.53796E+11,86387594,6988,D,10980,10930
S*Mobarakeh Steel,20220705,10830,11100,10790,10980,6.61147E+11,60218627,6538,D,10800,10990
S*Mobarakeh Steel,20220704,10830,10900,10760,10800,3.01E+11,27861189,3696,D,10800,10790
S*Mobarakeh Steel,20220703,10820,10840,10630,10800,3.13664E+11,29044751,3937,D,10830,10840
S*Mobarakeh Steel,20220702,10900,10930,10660,10830,4.33993E+11,40088493,5029,D,10940,10710
S*Mobarakeh Steel,20220629,10920,10970,10900,10940,3.97508E+11,36334015,3670,D,10930,10930
S*Mobarakeh Steel,20220628,10910,11050,10880,10930,4.90103E+11,44829513,5085,D,10890,10920
S*Mobarakeh Steel,20220627,10800,10950,10780,10890,9.21595E+11,84656585,6689,D,10890,10900
S*Mobarakeh Steel,20220626,11110,11120,10750,10890,8.31278E+11,76316596,6732,D,11150,10790
S*Mobarakeh Steel,20220625,11320,11320,11070,11150,8.99157E+11,80665442,8481,D,11440,11080
S*Mobarakeh Steel,20220622,11460,11550,11310,11440,4.92403E+11,43038062,4235,D,11550,11470
S*Mobarakeh Steel,20220621,11580,11610,11460,11550,4.92497E+11,42656631,4072,D,11620,11480
S*Mobarakeh Steel,20220620,11590,11740,11580,11620,5.78398E+11,49782910,4561,D,11610,11610
S*Mobarakeh Steel,20220619,11660,11740,11560,11610,5.26782E+11,45368856,4662,D,11610,11610
S*Mobarakeh Steel,20220618,11650,11750,11550,11610,7.04543E+11,60658889,5815,D,11710,11700
S*Mobarakeh Steel,20220615,11730,11990,11580,11710,4.54047E+11,38764404,5093,D,11820,11820
S*Mobarakeh Steel,20220614,11750,11910,11640,11820,7.90862E+11,66911238,5887,D,11820,11820
S*Mobarakeh Steel,20220613,11600,12100,11600,11820,1.26348E+12,106858966,10013,D,11460,11660
S*Mobarakeh Steel,20220612,11300,11700,11200,11460,8.17717E+11,71378541,7088,D,11290,11540
S*Mobarakeh Steel,20220611,11260,11340,11150,11290,6.87301E+11,60888112,6432,D,11290,11310
S*Mobarakeh Steel,20220608,11360,11360,11250,11290,5.69448E+11,50448912,4284,D,11280,11310
S*Mobarakeh Steel,20220607,11340,11340,11150,11280,8.97226E+11,79572207,7000,D,11280,11270
S*Mobarakeh Steel,20220606,11480,11480,11020,11280,7.02837E+11,62333539,6488,D,11750,11480
S*Mobarakeh Steel,20220601,0,0,0,11750,0,0,0,D,11750,11700
S*Mobarakeh Steel,20220531,11770,11900,11600,11750,3.347E+11,28475982,5298,D,11750,11700
S*Mobarakeh Steel,20220530,11800,11930,11680,11750,6.61386E+11,56275815,6326,D,11730,11760
S*Mobarakeh Steel,20220529,11820,11890,11580,11730,6.99489E+11,59616472,6863,D,11960,11780
S*Mobarakeh Steel,20220528,12120,12250,11750,11960,8.04836E+11,67288466,8097,D,12110,11980
S*Mobarakeh Steel,20220525,12260,12280,11950,12110,1.00668E+12,83136147,10114,D,12260,12120
S*Mobarakeh Steel,20220524,12390,12390,12180,12260,1.00412E+12,81883317,6780,D,12400,12290
S*Mobarakeh Steel,20220523,12550,12580,12270,12400,1.24528E+12,100386697,8431,D,12540,12330
S*Mobarakeh Steel,20220522,12560,12600,12400,12540,1.12988E+12,90110710,7097,D,12550,12560
S*Mobarakeh Steel,20220521,12590,12660,12250,12550,7.70988E+11,61424001,7022,D,12690,12540
S*Mobarakeh Steel,20220518,12630,12830,12510,12690,9.30344E+11,73293898,9650,D,12770,12750
S*Mobarakeh Steel,20220517,12700,12890,12550,12770,1.93881E+12,151834110,16825,D,12320,12590
S*Mobarakeh Steel,20220516,12100,12620,12090,12320,1.66496E+12,135088447,15602,D,12090,12500
S*Mobarakeh Steel,20220515,12190,12240,11910,12090,6.52465E+11,53947704,7845,D,12160,12180
S*Mobarakeh Steel,20220514,12220,12470,12050,12160,9.26594E+11,76201024,9297,D,12120,12130
S*Mobarakeh Steel,20220511,11890,12240,11850,12120,8.92011E+11,73623774,7609,D,11890,12090
S*Mobarakeh Steel,20220510,11940,11970,11820,11890,4.72765E+11,39754507,5574,D,11940,11830
S*Mobarakeh Steel,20220509,12180,12180,11780,11940,1.07918E+12,90397371,9046,D,12050,11940
S*Mobarakeh Steel,20220508,11820,12180,11820,12050,8.97416E+11,74499497,9796,D,11820,12170
S*Mobarakeh Steel,20220507,11780,11970,11750,11820,7.94385E+11,67222216,8397,D,11770,11850
S*Mobarakeh Steel,20220502,11810,11880,11740,11770,7.04561E+11,59839168,7545,D,11880,11790
S*Mobarakeh Steel,20220501,11900,11990,11790,11880,6.13961E+11,51692308,6607,D,11960,11900
S*Mobarakeh Steel,20220430,12070,12070,11900,11960,6.49715E+11,54328105,7700,D,12080,11930
S*Mobarakeh Steel,20220427,12100,12150,11980,12080,9.30332E+11,77016131,8354,D,12090,12100
S*Mobarakeh Steel,20220426,12060,12200,12010,12090,7.72072E+11,63858219,8023,D,12050,12090
S*Mobarakeh Steel,20220425,11840,12200,11820,12050,9.81255E+11,81443515,7174,D,11910,12100
S*Mobarakeh Steel,20220424,12240,12240,11790,11910,6.02161E+11,50561981,7452,D,12080,12000
S*Mobarakeh Steel,20220420,12110,12140,12000,12080,4.48168E+11,37106890,3902,D,11990,12130
S*Mobarakeh Steel,20220419,0,0,0,11990,0,0,0,D,11990,12050
S*Mobarakeh Steel,20220418,0,0,0,11990,0,0,0,D,11990,12050
S*Mobarakeh Steel,20220417,12000,12070,11800,11990,9.27699E+11,77393649,8126,D,11990,12050
S*Mobarakeh Steel,20220416,11900,12080,11870,11990,7.07921E+11,59035946,6469,D,11860,12010
S*Mobarakeh Steel,20220413,11570,11970,11570,11860,6.86884E+11,57938049,6783,D,11680,11950
S*Mobarakeh Steel,20220412,11800,11930,11650,11680,2.07981E+12,178129847,14148,D,12260,11650
S*Mobarakeh Steel,20220411,12230,12330,12210,12260,6.5013E+11,53011076,6513,D,12220,12330
S*Mobarakeh Steel,20220410,12060,12330,12060,12220,7.53425E+11,61678908,6930,D,11980,12160
S*Mobarakeh Steel,20220409,11850,12100,11670,11980,5.90239E+11,49277413,6963,D,12060,12000
S*Mobarakeh Steel,20220406,12280,12370,11940,12060,8.65449E+11,71742464,9884,D,12300,11960
S*Mobarakeh Steel,20220405,12200,12420,12010,12300,1.26802E+12,103074692,11113,D,12360,12280
S*Mobarakeh Steel,20220404,12670,12670,12020,12360,2.84199E+12,229946162,18851,D,12160,12150
S*Mobarakeh Steel,20220403,11780,12190,11650,12160,1.78637E+12,146890520,9301,D,11610,12190
S*Mobarakeh Steel,20220330,11420,11700,11310,11610,4.10813E+11,35378688,5410,D,11510,11680
S*Mobarakeh Steel,20220329,11850,11850,11410,11510,8.26642E+11,71795937,8666,D,11750,11420
S*Mobarakeh Steel,20220328,11750,11940,11620,11750,6.97502E+11,59376845,8237,D,11670,11790
S*Mobarakeh Steel,20220327,11570,11850,11460,11670,9.97204E+11,85471309,10221,D,11440,11720
S*Mobarakeh Steel,20220326,11400,11480,11100,11440,1.43361E+12,125349807,8955,D,10940,11480
S*Mobarakeh Steel,20220319,10780,11060,10770,10940,5.92879E+11,54184282,6637,D,10670,11020
S*Mobarakeh Steel,20220316,10520,10750,10500,10670,3.32493E+11,31151156,4262,D,10520,10700
S*Mobarakeh Steel,20220315,10520,10590,10450,10520,4.48239E+11,42623906,3934,D,10520,10520
S*Mobarakeh Steel,20220314,10460,10580,10460,10520,3.93553E+11,37398632,3885,D,10510,10520
S*Mobarakeh Steel,20220313,10340,10630,10310,10510,5.05429E+11,48103494,4904,D,10470,10470
S*Mobarakeh Steel,20220312,10540,10610,10360,10470,5.94573E+11,56776747,5778,D,10590,10440
S*Mobarakeh Steel,20220309,10470,10790,10470,10590,6.61009E+11,62395650,5895,D,10530,10550
S*Mobarakeh Steel,20220308,10620,10650,10420,10530,5.33907E+11,50706125,5465,D,10740,10550
S*Mobarakeh Steel,20220307,10710,10960,10560,10740,7.92672E+11,73826403,8636,D,10590,10650
S*Mobarakeh Steel,20220306,10350,10670,10320,10590,1.7866E+12,168635516,12189,D,10170,10670
S*Mobarakeh Steel,20220305,10100,10360,10070,10170,6.72276E+11,66073828,7225,D,10070,10330
S*Mobarakeh Steel,20220302,10160,10180,10020,10070,2.57174E+11,25550776,4557,D,10110,10040
S*Mobarakeh Steel,20220228,10010,10210,10010,10110,3.85261E+11,38119433,5355,D,10050,10100
S*Mobarakeh Steel,20220227,10100,10190,10000,10050,3.24651E+11,32296255,5692,D,10240,10080
S*Mobarakeh Steel,20220226,10400,10410,10070,10240,4.47417E+11,43711296,5928,D,10400,10130
S*Mobarakeh Steel,20220223,10400,10470,10390,10400,4.57519E+11,43979966,3814,D,10400,10410
S*Mobarakeh Steel,20220222,10410,10460,10330,10400,6.61967E+11,63647744,5350,D,10360,10450
S*Mobarakeh Steel,20220221,10490,10490,10260,10360,4.23369E+11,40848872,6366,D,10490,10300
S*Mobarakeh Steel,20220220,10500,10510,10470,10490,7.22905E+11,68904742,4368,D,10490,10500
S*Mobarakeh Steel,20220219,10490,10500,10470,10490,9.85779E+11,93975742,5003,D,10490,10490
S*Mobarakeh Steel,20220216,10540,10610,10470,10490,5.60894E+11,53472515,4437,D,10480,10490
S*Mobarakeh Steel,20220214,10380,10580,10300,10480,6.80101E+11,64920148,6077,D,10220,10560
S*Mobarakeh Steel,20220213,10140,10260,10100,10220,5.72751E+11,56030732,3761,D,10260,10210
S*Mobarakeh Steel,20220212,10410,10500,10140,10260,3.54383E+11,34530073,4678,D,10330,10210
S*Mobarakeh Steel,20220209,10310,10490,10080,10330,6.33146E+11,61317877,8068,D,10390,10480
S*Mobarakeh Steel,20220208,10440,10500,10210,10390,6.57433E+11,63260500,4967,D,10440,10280
S*Mobarakeh Steel,20220207,10340,10540,10340,10440,5.2143E+11,49945065,3981,D,10670,10440
S*Mobarakeh Steel,20220206,10810,10820,10310,10670,3.94928E+12,370043527,14669,D,10810,10550
S*Mobarakeh Steel,20220205,10800,10840,10790,10810,1.19698E+12,110739404,6628,D,10790,10830
S*Mobarakeh Steel,20220202,10760,10830,10760,10790,1.02898E+12,95405420,6633,D,10760,10820
S*Mobarakeh Steel,20220201,10850,10850,10740,10760,1.35634E+12,126077575,6991,D,10740,10750
S*Mobarakeh Steel,20220131,10710,10900,10680,10740,7.37878E+11,68680765,8425,D,10660,10760
S*Mobarakeh Steel,20220130,10610,10800,10520,10660,1.78557E+12,167499431,13047,D,10390,10710
S*Mobarakeh Steel,20220129,10240,10410,10100,10390,9.37937E+11,90300564,6831,D,9920,10410
S*Mobarakeh Steel,20220126,9920,9950,9720,9920,8.54013E+11,86080853,8962,D,9480,9950
S*Mobarakeh Steel,20220125,9430,9650,9100,9480,2.93504E+12,309472216,12985,D,9560,9640
S*Mobarakeh Steel,20220124,9600,9760,9430,9560,4.6743E+11,48904568,6079,D,9700,9480
S*Mobarakeh Steel,20220123,9900,9900,9550,9700,4.87278E+11,50232031,5841,D,9970,9650
S*Mobarakeh Steel,20220122,9900,10100,9840,9970,5.81773E+11,58374900,8085,D,9620,9900
S*Mobarakeh Steel,20220119,9620,9760,9580,9620,4.54972E+11,47305116,6183,D,9580,9620
S*Mobarakeh Steel,20220118,9820,9830,9440,9580,8.04643E+11,83956395,9512,D,9930,9540
S*Mobarakeh Steel,20220117,10010,10100,9820,9930,4.22462E+11,42529152,6437,D,9990,9940
S*Mobarakeh Steel,20220116,10060,10100,9890,9990,3.981E+11,39831559,5531,D,10050,10030
S*Mobarakeh Steel,20220115,10100,10200,9970,10050,5.8607E+11,58314729,5826,D,10100,10000
S*Mobarakeh Steel,20220112,10020,10180,10010,10100,3.09719E+11,30675607,4504,D,10100,10040
S*Mobarakeh Steel,20220111,10180,10270,10040,10100,2.81137E+11,27833048,4386,D,10030,10050
S*Mobarakeh Steel,20220110,10020,10180,9960,10030,4.93991E+11,49246139,5983,D,10060,10060
S*Mobarakeh Steel,20220109,10230,10300,9970,10060,6.08531E+11,60495870,7467,D,10360,10070
S*Mobarakeh Steel,20220108,10400,10560,10240,10360,4.28293E+11,41338897,5721,D,10400,10410
S*Mobarakeh Steel,20220105,10390,10490,10330,10400,2.77922E+11,26713888,3902,D,10390,10430
S*Mobarakeh Steel,20220104,10440,10500,10360,10390,4.14731E+11,39916173,4486,D,10570,10380
S*Mobarakeh Steel,20220103,10690,10720,10490,10570,3.16164E+11,29918409,4132,D,10570,10510
S*Mobarakeh Steel,20220102,10540,10680,10480,10570,3.78579E+11,35831288,5119,D,10530,10680
S*Mobarakeh Steel,20220101,10680,10680,10450,10530,5.72053E+11,54312297,6498,D,10820,10480
S*Mobarakeh Steel,20211229,10940,11070,10680,10820,8.63067E+11,79734418,7422,D,10960,10680
S*Mobarakeh Steel,20211228,11090,11090,10820,10960,6.37999E+11,58207314,7189,D,11100,10970
S*Mobarakeh Steel,20211227,11000,11240,10870,11100,1.17431E+12,105818947,11795,D,10710,10960
S*Mobarakeh Steel,20211226,10590,10950,10450,10710,7.69932E+11,71882370,8826,D,10810,10910
S*Mobarakeh Steel,20211225,10800,11060,10580,10810,1.02824E+12,95133663,13112,D,10550,10630
S*Mobarakeh Steel,20211222,10300,10620,10210,10550,1.20296E+12,114037521,9305,D,10120,10620
S*Mobarakeh Steel,20211221,9960,10230,9960,10120,6.93793E+11,68536996,5995,D,9950,10170
S*Mobarakeh Steel,20211220,9920,10060,9830,9950,6.29591E+11,63269962,6417,D,9700,9960
S*Mobarakeh Steel,20211219,9910,9990,9590,9700,4.20691E+11,43384852,6730,D,9950,9680
S*Mobarakeh Steel,20211218,9910,10070,9880,9950,4.22257E+11,42451768,6070,D,9870,9930
S*Mobarakeh Steel,20211215,9850,10100,9770,9870,4.1213E+11,41755901,8472,D,9850,9840
S*Mobarakeh Steel,20211214,9670,10020,9630,9850,6.59248E+11,66947017,7942,D,9790,9900
S*Mobarakeh Steel,20211213,10090,10190,9620,9790,1.30934E+12,133774229,15950,D,10120,9620
S*Mobarakeh Steel,20211212,10300,10300,10050,10120,5.15192E+11,50932531,5566,D,10410,10120
S*Mobarakeh Steel,20211211,10540,10600,10320,10410,4.05066E+11,38903883,5344,D,10460,10350
S*Mobarakeh Steel,20211208,10260,10650,10260,10460,5.32026E+11,50875004,7184,D,10260,10480
S*Mobarakeh Steel,20211207,10170,10370,10130,10260,3.75099E+11,36566182,5121,D,10270,10280
S*Mobarakeh Steel,20211206,10350,10380,10160,10270,3.92663E+11,38216266,5740,D,10320,10190
S*Mobarakeh Steel,20211205,10270,10470,10210,10320,6.63248E+11,64240048,8119,D,10100,10300
S*Mobarakeh Steel,20211204,10400,10420,9990,10100,6.24409E+11,61827229,9648,D,10070,10230
S*Mobarakeh Steel,20211201,10080,10190,9980,10070,6.4174E+11,63712750,9695,D,10100,10130
S*Mobarakeh Steel,20211130,10250,10250,10020,10100,5.69508E+11,56379579,9364,D,10220,10020
S*Mobarakeh Steel,20211129,10300,10400,10120,10220,5.84364E+11,57199650,8523,D,10300,10160
S*Mobarakeh Steel,20211128,10110,10450,10110,10300,7.54752E+11,73268483,9904,D,10280,10200
S*Mobarakeh Steel,20211127,10350,10550,10240,10280,1.19205E+12,116006291,16071,D,10770,10240
S*Mobarakeh Steel,20211124,10800,10940,10690,10770,5.58424E+11,51873959,7960,D,10910,10740
S*Mobarakeh Steel,20211123,11120,11130,10800,10910,4.33959E+11,39776506,8463,D,11130,10820
S*Mobarakeh Steel,20211122,11180,11290,10950,11130,7.22012E+11,64860126,10572,D,10880,11080
S*Mobarakeh Steel,20211121,10700,11170,10570,10880,1.01559E+12,93324728,13456,D,10690,11040
S*Mobarakeh Steel,20211120,11020,11190,10610,10690,1.43813E+12,134548898,17586,D,11160,10690
S*Mobarakeh Steel,20211117,11150,11340,11050,11160,5.97675E+11,53548043,8786,D,11220,11200
S*Mobarakeh Steel,20211116,11060,11390,11060,11220,5.16801E+11,46062879,7117,D,11280,11150
S*Mobarakeh Steel,20211115,11650,11660,11160,11280,8.09288E+11,71773060,10567,D,11740,11250
S*Mobarakeh Steel,20211114,11750,11930,11600,11740,7.10445E+11,60503628,9077,D,11750,11650
S*Mobarakeh Steel,20211113,11800,11950,11510,11750,7.2484E+11,61711653,9829,D,11970,11690
S*Mobarakeh Steel,20211110,11940,12080,11800,11970,9.01008E+11,75246306,10570,D,12010,12010
S*Mobarakeh Steel,20211109,12030,12200,11880,12010,8.06502E+11,67165074,10873,D,11940,11940
S*Mobarakeh Steel,20211108,11710,12150,11620,11940,9.666E+11,80923031,11648,D,11940,12000
S*Mobarakeh Steel,20211107,12050,12320,11680,11940,1.849E+12,154811384,20929,D,12290,11700
S*Mobarakeh Steel,20211106,12050,12480,12030,12290,1.84962E+12,150487290,21413,D,11930,12130
S*Mobarakeh Steel,20211103,11810,12110,11750,11930,1.09695E+12,91949372,12940,D,11670,12040
S*Mobarakeh Steel,20211102,11680,11840,11510,11670,9.42912E+11,80821341,9937,D,11400,11800
S*Mobarakeh Steel,20211101,11200,11520,11200,11400,1.0428E+12,91477408,11467,D,10980,11380
S*Mobarakeh Steel,20211031,11320,11440,10770,10980,1.5454E+12,140709717,14748,D,11310,10920
S*Mobarakeh Steel,20211030,11700,11730,11130,11310,1.086E+12,95982108,13625,D,11480,11700
S*Mobarakeh Steel,20211027,11070,11600,11040,11480,2.05325E+12,178922727,19469,D,11050,11600
S*Mobarakeh Steel,20211026,10800,11180,10770,11050,9.90346E+11,89600552,10262,D,10960,11070
S*Mobarakeh Steel,20211025,10990,11160,10820,10960,9.90474E+11,90378714,11675,D,10990,10870
S*Mobarakeh Steel,20211023,11070,11070,10800,10990,3.07531E+12,279919222,25408,D,10550,10930
S*Mobarakeh Steel,20211020,10620,10660,10430,10550,5.67245E+11,53755334,6227,D,10770,10470
S*Mobarakeh Steel,20211019,10800,10870,10620,10770,5.60192E+11,52028961,7694,D,10630,10630
S*Mobarakeh Steel,20211018,10500,10760,10400,10630,8.50988E+11,80021213,8684,D,10600,10690
S*Mobarakeh Steel,20211017,10710,10950,10500,10600,1.06706E+12,100696047,11633,D,10550,10540
S*Mobarakeh Steel,20211016,10400,10550,10400,10550,9.981E+11,94628320,5615,D,10050,10550
S*Mobarakeh Steel,20211013,10020,10200,9970,10050,6.72672E+11,66932409,9869,D,10070,10180
S*Mobarakeh Steel,20211012,10150,10250,9990,10070,6.83649E+11,67893378,10131,D,10310,10080
S*Mobarakeh Steel,20211011,10300,10400,10210,10310,5.0117E+11,48597848,7594,D,10280,10210
S*Mobarakeh Steel,20211010,10230,10410,10140,10280,4.55139E+11,44285258,7323,D,10380,10310
S*Mobarakeh Steel,20211009,10620,10720,10260,10380,6.27966E+11,60522468,9303,D,10670,10350
S*Mobarakeh Steel,20211006,10820,10840,10600,10670,7.66722E+11,71842154,11121,D,10830,10620
S*Mobarakeh Steel,20211004,10890,10960,10720,10830,4.43536E+11,40935944,7689,D,10860,10790
S*Mobarakeh Steel,20211003,10870,11020,10700,10860,7.0501E+11,64915676,9427,D,10900,10890
S*Mobarakeh Steel,20211002,10590,11000,10590,10900,1.38665E+12,127159011,15429,D,10480,10870
S*Mobarakeh Steel,20210929,10410,10660,10380,10480,6.49827E+11,61996626,10047,D,10440,10560
S*Mobarakeh Steel,20210928,10600,10600,10350,10440,4.55163E+11,43601832,10422,D,10500,10490
S*Mobarakeh Steel,20210926,10750,10750,10350,10500,5.12584E+11,48809259,10829,D,10550,10450
S*Mobarakeh Steel,20210925,10280,10600,10280,10550,1.06993E+12,101417753,16336,D,10100,10580
S*Mobarakeh Steel,20210922,10160,10280,9920,10100,9.99847E+11,98950600,15427,D,10140,10280
S*Mobarakeh Steel,20210921,10480,10580,9980,10140,8.78695E+11,86617042,13281,D,10480,10160
S*Mobarakeh Steel,20210920,10410,10590,10390,10480,6.94784E+11,66306057,10858,D,10440,10470
S*Mobarakeh Steel,20210919,10450,10880,10290,10440,8.07093E+11,77340350,13109,D,10710,10390
S*Mobarakeh Steel,20210918,11140,11150,10660,10710,1.18237E+12,110358481,17347,D,11220,10660
S*Mobarakeh Steel,20210915,11220,11330,11100,11220,7.12022E+11,63440038,14600,D,11310,11240
S*Mobarakeh Steel,20210914,11200,11430,11180,11310,9.34317E+11,82630655,13814,D,11180,11360
S*Mobarakeh Steel,20210913,11200,11390,11060,11180,1.07047E+12,95728347,14257,D,11260,11190
S*Mobarakeh Steel,20210912,11440,11450,11080,11260,1.20006E+12,106561064,17391,D,11580,11320
S*Mobarakeh Steel,20210911,11750,11790,11460,11580,1.51884E+12,131105853,15124,D,11600,11490
S*Mobarakeh Steel,20210908,11430,11800,11430,11600,1.27016E+12,109476794,21851,D,11590,11650
S*Mobarakeh Steel,20210907,11500,11810,11400,11590,1.19504E+12,103122623,15824,D,11800,11520
S*Mobarakeh Steel,20210906,11750,11950,11510,11800,1.31489E+12,111468142,17728,D,11890,11790
S*Mobarakeh Steel,20210905,12050,12060,11720,11890,6.96751E+11,58579333,13019,D,12060,11890
S*Mobarakeh Steel,20210904,12200,12250,11920,12060,1.27271E+12,105516641,17378,D,12040,12040
S*Mobarakeh Steel,20210901,12000,12300,11750,12040,1.21873E+12,101181740,14077,D,11930,12110
S*Mobarakeh Steel,20210831,11750,12270,11570,11930,1.92378E+12,161311348,23380,D,12100,11900
S*Mobarakeh Steel,20210830,12450,12500,12000,12100,3.79447E+12,313525813,26640,D,12630,12000
S*Mobarakeh Steel,20210829,12680,13100,12350,12630,3.41668E+12,270492020,32565,D,12510,12450
S*Mobarakeh Steel,20210828,12420,12710,12290,12510,2.12844E+12,170089447,25828,D,12370,12650
S*Mobarakeh Steel,20210825,12600,12610,12210,12370,1.51197E+12,122251981,19921,D,12470,12460
S*Mobarakeh Steel,20210824,12160,12670,12160,12470,1.89125E+12,151607814,19624,D,12250,12500
S*Mobarakeh Steel,20210823,12370,12420,12030,12250,1.59487E+12,130225077,20272,D,12360,12260
S*Mobarakeh Steel,20210822,12400,12580,12110,12360,2.20036E+12,178042872,27877,D,12330,12400
S*Mobarakeh Steel,20210815,12370,12490,11970,12330,1.92892E+12,156398366,19446,D,12210,12460
S*Mobarakeh Steel,20210814,12490,12490,11900,12210,2.37221E+12,194218710,29310,D,12280,12370
S*Mobarakeh Steel,20210811,12150,12370,12070,12280,4.18554E+12,340891219,36166,D,11790,12370
S*Mobarakeh Steel,20210810,11550,11890,11470,11790,4.16418E+12,353301509,27255,D,11330,11890
S*Mobarakeh Steel,20210809,11000,11480,11000,11330,2.49377E+12,220118923,24154,D,11000,11400
S*Mobarakeh Steel,20210808,11020,11120,10860,11000,2.78519E+12,253156718,18100,D,10550,11000
S*Mobarakeh Steel,20210807,0,0,0,10550,0,0,0,D,10550,10620
S*Mobarakeh Steel,20210804,0,0,0,10550,0,0,0,D,10550,10620
S*Mobarakeh Steel,20210803,0,0,0,10950,0,0,0,D,10950,11020
S*Mobarakeh Steel,20210802,0,0,0,10950,0,0,0,D,10950,11020
S*Mobarakeh Steel,20210801,0,0,0,10950,0,0,0,D,10950,11020
S*Mobarakeh Steel,20210731,10690,11050,10650,10950,2.53691E+12,231700713,24868,D,10600,11020
S*Mobarakeh Steel,20210728,10350,10770,10350,10600,1.22168E+12,115208632,13123,D,10540,10650
S*Mobarakeh Steel,20210727,10760,10800,10410,10540,1.1238E+12,106614974,13499,D,10790,10420
S*Mobarakeh Steel,20210726,10840,10840,10660,10790,4.15617E+11,38512453,3324,D,10490,10710
S*Mobarakeh Steel,20210719,0,0,0,10490,0,0,0,D,10490,10580
S*Mobarakeh Steel,20210718,10490,10630,10390,10490,1.0101E+12,96260142,12234,D,10660,10580
S*Mobarakeh Steel,20210717,10730,10790,10510,10660,8.26923E+11,77603918,10842,D,10670,10640
S*Mobarakeh Steel,20210714,10510,10770,10510,10670,8.95027E+11,83900309,12026,D,10830,10720
S*Mobarakeh Steel,20210713,10720,11050,10660,10830,1.16813E+12,107829635,15788,D,10850,10700
S*Mobarakeh Steel,20210712,10660,11060,10610,10850,1.69554E+12,156216780,19250,D,10540,10740
S*Mobarakeh Steel,20210711,10400,10690,10350,10540,1.03984E+12,98697009,14398,D,10260,10590
S*Mobarakeh Steel,20210710,10260,10430,10200,10260,9.0485E+11,88156494,11959,D,10460,10330
S*Mobarakeh Steel,20210707,10490,10720,10330,10460,1.2163E+12,116233464,17032,D,10690,10420
S*Mobarakeh Steel,20210706,10400,10770,10380,10690,2.34397E+12,219330222,23503,D,10260,10760
S*Mobarakeh Steel,20210705,10130,10430,10130,10260,1.17611E+12,114635355,15407,D,10270,10380
S*Mobarakeh Steel,20210704,10050,10470,10010,10270,5.72845E+11,55760104,9048,D,10250,10230
S*Mobarakeh Steel,20210703,10630,10630,10100,10250,1.16877E+12,114014851,16321,D,10630,10100
S*Mobarakeh Steel,20210630,10580,10730,10520,10630,5.06047E+11,47625377,8536,D,10670,10600
S*Mobarakeh Steel,20210629,10510,10820,10510,10670,6.29648E+11,59021339,8894,D,10610,10620
S*Mobarakeh Steel,20210628,10550,10690,10410,10610,7.30767E+11,68898363,10074,D,10650,10630
S*Mobarakeh Steel,20210627,10650,10820,10520,10650,8.08571E+11,75911169,12782,D,10800,10610
S*Mobarakeh Steel,20210626,10880,10960,10580,10800,1.55743E+12,144220200,20109,D,10590,10590
S*Mobarakeh Steel,20210623,10380,10720,10230,10590,2.60767E+12,246232566,19090,D,10210,10720
S*Mobarakeh Steel,20210622,10060,10390,10050,10210,9.96065E+11,97535316,11970,D,10080,10330
S*Mobarakeh Steel,20210621,9870,10140,9860,10080,7.28769E+11,72315904,8171,D,10140,10060
S*Mobarakeh Steel,20210620,10110,10290,9980,10140,1.14246E+12,112701749,9822,D,10090,10000
S*Mobarakeh Steel,20210619,9910,10240,9880,10090,1.58803E+12,157409167,11316,D,9920,10210
S*Mobarakeh Steel,20210616,9730,9960,9730,9920,1.1271E+12,113619491,8371,D,9920,9930
S*Mobarakeh Steel,20210615,9900,10020,9750,9920,8.91977E+11,89910141,9679,D,9850,9760
S*Mobarakeh Steel,20210614,9830,9930,9740,9850,8.3234E+11,84498866,8446,D,9720,9920
S*Mobarakeh Steel,20210613,9650,9820,9550,9720,5.25946E+11,54092184,6396,D,9740,9750
S*Mobarakeh Steel,20210612,9670,9850,9640,9740,7.65152E+11,78592576,7866,D,9770,9670
S*Mobarakeh Steel,20210609,9700,9890,9630,9770,4.66894E+11,47787996,6554,D,9930,9840
S*Mobarakeh Steel,20210608,9970,10140,9720,9930,9.34966E+11,94171046,11876,D,10010,9800
S*Mobarakeh Steel,20210607,9970,10150,9920,10010,7.59662E+11,75864677,10968,D,9840,10000
S*Mobarakeh Steel,20210602,9560,9940,9560,9840,8.80046E+11,89406208,9352,D,9650,9870
S*Mobarakeh Steel,20210601,9520,9800,9520,9650,5.69296E+11,58977676,7348,D,9640,9570
S*Mobarakeh Steel,20210531,9520,9950,9470,9640,8.11362E+11,84163749,9335,D,9770,9570
S*Mobarakeh Steel,20210530,9850,9850,9450,9770,1.85323E+12,189740020,17198,D,9390,9610
S*Mobarakeh Steel,20210529,9040,9410,9040,9390,9.21702E+11,98191699,6145,D,8970,9410
S*Mobarakeh Steel,20210526,8900,9130,8760,8970,5.51146E+11,61427501,10754,D,8900,8990
S*Mobarakeh Steel,20210525,9000,9000,8790,8900,5.82914E+11,65478842,7232,D,8870,8880
S*Mobarakeh Steel,20210524,0,0,0,8870,0,0,0,D,8870,8770
S*Mobarakeh Steel,20210523,0,0,0,12440,0,0,0,D,12440,12290
S*Mobarakeh Steel,20210522,0,0,0,12440,0,0,0,D,12440,12290
S*Mobarakeh Steel,20210519,0,0,0,12440,0,0,0,D,12440,12290
S*Mobarakeh Steel,20210518,12220,12820,12220,12440,8.42392E+11,67706877,8784,D,12470,12290
S*Mobarakeh Steel,20210517,12570,12700,12200,12470,5.12408E+11,41101240,6055,D,12740,12230
S*Mobarakeh Steel,20210516,12940,13090,12580,12740,6.56635E+11,51548294,8088,D,12910,12580
S*Mobarakeh Steel,20210515,12680,13190,12570,12910,7.70638E+11,59697544,9348,D,12730,12750
S*Mobarakeh Steel,20210512,13100,13150,12450,12730,9.90735E+11,77854760,11861,D,12660,12670
S*Mobarakeh Steel,20210511,12300,12740,12090,12660,1.76023E+12,138985009,12946,D,12020,12740
S*Mobarakeh Steel,20210510,11410,12270,11400,12020,1.27938E+12,106481412,12821,D,11580,12270
S*Mobarakeh Steel,20210509,11650,11750,11580,11580,6.90755E+11,59627396,5735,D,11930,11580
S*Mobarakeh Steel,20210508,12010,12350,11680,11930,5.44485E+11,45623577,8182,D,11970,11820
S*Mobarakeh Steel,20210505,11580,12210,11580,11970,7.86019E+11,65679451,9789,D,11720,11980
S*Mobarakeh Steel,20210503,11710,11860,11710,11720,1.11763E+12,95381332,9929,D,12070,11710
S*Mobarakeh Steel,20210502,12050,12050,12050,12070,1.05852E+11,8784390,719,D,12420,12050
S*Mobarakeh Steel,20210501,12550,12750,12390,12420,5.80749E+11,46744067,5079,D,12770,12390
S*Mobarakeh Steel,20210428,12670,13200,12450,12770,7.26552E+11,56904744,9133,D,12660,12660
S*Mobarakeh Steel,20210427,12250,12760,12230,12660,1.54415E+12,121999895,12443,D,12040,12610
S*Mobarakeh Steel,20210426,11710,12300,11710,12040,6.66962E+11,55383192,8584,D,11760,12220
S*Mobarakeh Steel,20210425,11750,11990,11650,11760,7.12834E+11,60595344,6562,D,12000,11780
S*Mobarakeh Steel,20210424,11800,12250,11800,12000,5.75701E+11,47959966,7339,D,12110,12130
S*Mobarakeh Steel,20210421,12200,12360,11980,12110,6.75014E+11,55757581,7164,D,12350,12020
S*Mobarakeh Steel,20210420,12310,12650,12120,12350,8.42586E+11,68198392,9962,D,12290,12180
S*Mobarakeh Steel,20210419,12230,12590,12230,12290,1.73548E+12,141171735,14929,D,12470,12470
S*Mobarakeh Steel,20210418,12450,12450,12450,12470,1.05201E+11,8449852,619,D,12700,12450
S*Mobarakeh Steel,20210417,12700,12880,12700,12700,1.23123E+11,9692007,1202,D,12950,12700
S*Mobarakeh Steel,20210414,13030,13170,12730,12950,1.37789E+12,106404742,13957,D,12980,12770
S*Mobarakeh Steel,20210413,12700,13040,12600,12980,2.44952E+12,188712769,19672,D,12310,13040
S*Mobarakeh Steel,20210412,12250,12530,12110,12310,9.45807E+11,76851728,12207,D,12230,12500
S*Mobarakeh Steel,20210411,12230,12300,12230,12230,1.52477E+12,124626379,12667,D,12470,12230
S*Mobarakeh Steel,20210410,12470,12530,12470,12470,2.5228E+11,20230451,1740,D,12720,12470
S*Mobarakeh Steel,20210407,12750,12880,12710,12720,3.08364E+11,24243843,3428,D,12960,12710
S*Mobarakeh Steel,20210406,13380,13410,12760,12960,7.03737E+11,54293452,10660,D,13020,12800
S*Mobarakeh Steel,20210405,12970,13380,12970,13020,1.42397E+12,109388395,14212,D,13230,13370
S*Mobarakeh Steel,20210404,13230,13230,13230,13230,1.53414E+11,11595923,781,D,13490,13230
S*Mobarakeh Steel,20210403,13490,13490,13490,13490,3.73008E+11,27650708,1821,D,13760,13490
S*Mobarakeh Steel,20210331,13900,14090,13700,13760,4.19956E+11,30518130,5643,D,13970,13700
S*Mobarakeh Steel,20210330,13640,14300,13600,13970,7.77505E+11,55662597,11833,D,13800,13930
S*Mobarakeh Steel,20210328,14060,14060,13780,13800,1.15942E+12,84018743,11461,D,14060,13780
S*Mobarakeh Steel,20210327,14100,14320,13890,14060,1.07052E+12,76163418,15439,D,14170,13920
S*Mobarakeh Steel,20210317,14310,14310,13860,14170,2.9436E+12,207764062,26202,D,13500,13990
S*Mobarakeh Steel,20210316,13500,13500,13500,13500,7.71845E+11,57173706,3345,D,12740,13500
S*Mobarakeh Steel,20210315,0,0,0,12740,0,0,0,D,12740,12710
S*Mobarakeh Steel,20210314,0,0,0,12740,0,0,0,D,12740,12710
S*Mobarakeh Steel,20210313,12380,13030,12380,12740,1.44491E+12,113400632,16928,D,12500,12710
S*Mobarakeh Steel,20210310,12480,12640,12340,12500,1.10141E+12,88138499,12192,D,12590,12590
S*Mobarakeh Steel,20210309,12700,13000,12240,12590,1.60438E+12,127413792,17137,D,12410,12400
S*Mobarakeh Steel,20210308,12140,12480,11970,12410,2.1629E+12,174284774,19517,D,11780,12480
S*Mobarakeh Steel,20210307,11450,12030,11450,11780,9.25201E+11,78545797,11613,D,11570,12030
S*Mobarakeh Steel,20210306,11750,11800,11510,11570,7.16732E+11,61958127,8896,D,11740,11550
S*Mobarakeh Steel,20210303,11900,11920,11600,11740,9.33916E+11,79521076,8799,D,11820,11910
S*Mobarakeh Steel,20210302,11810,12100,11600,11820,7.39705E+11,62580371,10582,D,11560,11860
S*Mobarakeh Steel,20210301,11690,11780,11360,11560,1.06117E+12,91798722,14642,D,11390,11730
S*Mobarakeh Steel,20210228,11370,11620,11370,11390,8.80833E+11,77302357,6292,D,11600,11610
S*Mobarakeh Steel,20210227,11600,11700,11600,11600,8.48352E+11,73127741,7767,D,11830,11600
S*Mobarakeh Steel,20210224,12240,12240,11580,11830,9.19204E+11,77691558,16434,D,11810,11640
S*Mobarakeh Steel,20210223,11430,12280,11420,11810,1.5945E+12,134965921,22624,D,11650,12170
S*Mobarakeh Steel,20210222,11640,11820,11640,11650,1.52629E+12,131051701,12396,D,11870,11640
S*Mobarakeh Steel,20210221,11890,12090,11850,11870,5.52042E+11,46505058,4804,D,12090,11850
S*Mobarakeh Steel,20210220,12220,12530,11960,12090,1.42013E+12,117439487,18276,D,12200,12180
S*Mobarakeh Steel,20210217,12300,12430,12190,12200,6.42912E+11,52683594,6312,D,12430,12200
S*Mobarakeh Steel,20210216,12550,12700,12410,12430,1.473E+12,118544579,12141,D,12660,12470
S*Mobarakeh Steel,20210215,12600,13030,12520,12660,1.98142E+12,156503255,20063,D,12770,12540
S*Mobarakeh Steel,20210214,12750,13190,12400,12770,2.77406E+12,217250609,26560,D,12580,12570
S*Mobarakeh Steel,20210213,12580,12580,12580,12580,1.08466E+12,86221150,4956,D,11870,12580
S*Mobarakeh Steel,20210209,11680,11900,11480,11870,8.78149E+11,73986789,7898,D,11340,11900
S*Mobarakeh Steel,20210208,11350,11350,11150,11340,1.79549E+12,158299571,14612,D,10810,11350
S*Mobarakeh Steel,20210207,10800,10810,10500,10810,3.95412E+11,36586710,4029,D,10300,10810
S*Mobarakeh Steel,20210206,10670,10800,10250,10300,1.13569E+12,110236217,14819,D,10780,10250
S*Mobarakeh Steel,20210203,10750,11490,10670,10780,8.10372E+11,75189910,8201,D,11230,10670
S*Mobarakeh Steel,20210202,11300,11600,11170,11230,1.09492E+12,97460009,12971,D,11750,11170
S*Mobarakeh Steel,20210201,12000,12150,11490,11750,1.11138E+12,94614721,13359,D,12090,11490
S*Mobarakeh Steel,20210131,12630,12700,11760,12090,1.26133E+12,104365384,18827,D,12220,11800
S*Mobarakeh Steel,20210130,11830,12250,11830,12220,1.10137E+12,90129496,12609,D,11670,12250
S*Mobarakeh Steel,20210127,11580,11940,11190,11670,1.051E+12,90083984,12415,D,11680,11820
S*Mobarakeh Steel,20210126,11890,12150,11210,11680,1.56465E+12,133965745,25865,D,11790,11300
S*Mobarakeh Steel,20210125,11400,12100,11100,11790,1.20638E+12,102333432,19715,D,11620,11710
S*Mobarakeh Steel,20210124,11770,11770,11160,11620,2.88176E+12,248088725,34078,D,11210,11440
S*Mobarakeh Steel,20210123,11210,11210,11210,11210,3.87496E+11,34566999,2648,D,10680,11210
S*Mobarakeh Steel,20210120,10550,10710,10450,10680,3.96092E+11,37096676,4431,D,10200,10710
S*Mobarakeh Steel,20210119,9400,10300,9390,10200,1.26579E+12,124121004,12768,D,9810,10300
S*Mobarakeh Steel,20210118,9810,10000,9810,9810,1.68715E+12,171942544,18153,D,10320,9810
S*Mobarakeh Steel,20210116,10370,10840,10300,10320,1.75264E+12,169871357,14152,D,10840,10300
S*Mobarakeh Steel,20210113,11180,11500,10740,10840,1.61098E+12,148548869,21471,D,11300,10740
S*Mobarakeh Steel,20210112,11500,11670,11280,11300,1.5495E+12,137108027,15784,D,11870,11280
S*Mobarakeh Steel,20210111,12300,12300,11400,11870,9.71575E+11,81843369,19202,D,11780,11520
S*Mobarakeh Steel,20210110,11650,11820,11500,11780,1.24322E+12,105531560,18609,D,11260,11820
S*Mobarakeh Steel,20210109,11370,11700,11200,11260,1.78318E+12,158313112,23877,D,11780,11230
S*Mobarakeh Steel,20210106,11850,12280,11710,11780,2.25456E+12,191378399,28550,D,12320,11720
S*Mobarakeh Steel,20210105,12610,12750,12060,12320,1.73749E+12,141067026,22845,D,12690,12060
S*Mobarakeh Steel,20210104,12720,13000,12570,12690,1.07452E+12,84691004,20590,D,12640,12640
S*Mobarakeh Steel,20210103,12410,13130,12320,12640,1.18888E+12,94039761,20571,D,12600,12700
S*Mobarakeh Steel,20210102,12700,13070,12560,12600,2.29735E+12,182265257,25300,D,13220,12560
S*Mobarakeh Steel,20201230,13510,13610,12850,13220,1.60765E+12,121632790,23202,D,13360,12920
S*Mobarakeh Steel,20201229,13530,13660,13150,13360,2.03076E+12,151977013,22333,D,13640,13610
S*Mobarakeh Steel,20201228,13450,13950,12830,13640,1.35293E+12,99193496,23256,D,13500,13550
S*Mobarakeh Steel,20201227,13330,13940,13170,13500,1.74414E+12,129166986,25460,D,13560,13620
S*Mobarakeh Steel,20201226,13850,14200,13380,13560,2.99331E+12,220671994,32340,D,14030,13460
S*Mobarakeh Steel,20201223,14200,14290,13870,14030,2.24234E+12,159829750,29569,D,14250,13960
S*Mobarakeh Steel,20201222,14100,14450,14070,14250,2.2013E+12,154424442,26208,D,14330,14240
S*Mobarakeh Steel,20201221,14510,14790,14010,14330,1.79178E+12,125040946,22858,D,14510,14150
S*Mobarakeh Steel,20201220,14800,14880,14160,14510,2.65642E+12,183053486,30196,D,14600,14520
S*Mobarakeh Steel,20201219,14550,14620,14300,14600,4.29957E+12,294540609,30191,D,13930,14620
S*Mobarakeh Steel,20201216,13470,14260,13360,13930,2.44424E+12,175432644,34433,D,13840,14120
S*Mobarakeh Steel,20201215,13980,14150,13830,13840,4.19835E+12,303302198,30337,D,14550,13830
S*Mobarakeh Steel,20201214,14960,15170,14360,14550,3.78088E+12,259853930,37825,D,15110,14360
S*Mobarakeh Steel,20201213,15200,15460,14800,15110,4.19221E+12,277490489,51027,D,15160,14880
S*Mobarakeh Steel,20201212,15130,15160,14950,15160,9.1276E+12,602215894,48448,D,14440,15160
S*Mobarakeh Steel,20201209,14200,14850,14020,14440,3.47259E+12,240497564,44818,D,14320,14770
S*Mobarakeh Steel,20201208,14250,14650,13910,14320,2.93225E+12,204837728,38111,D,14320,14310
S*Mobarakeh Steel,20201207,14520,14820,13840,14320,3.82165E+12,266796598,46853,D,14560,13980
S*Mobarakeh Steel,20201206,14560,14840,14300,14560,3.00905E+12,206649764,44264,D,14310,14520
S*Mobarakeh Steel,20201205,13900,14570,13900,14310,2.54483E+12,177800363,35806,D,14320,14390
S*Mobarakeh Steel,20201202,14500,14750,13830,14320,2.70421E+12,188800494,44263,D,14420,14050
S*Mobarakeh Steel,20201201,14220,14840,13900,14420,3.85053E+12,267082723,48231,D,14250,14250
S*Mobarakeh Steel,20201130,13880,14420,13750,14250,6.62911E+12,465357397,69404,D,13740,14280
S*Mobarakeh Steel,20201129,13980,14200,13250,13740,4.99364E+12,363363855,68399,D,13650,13810
S*Mobarakeh Steel,20201128,13270,13770,12910,13650,6.31742E+12,462832122,59179,D,13120,13770
S*Mobarakeh Steel,20201125,12350,13270,12350,13120,3.67466E+12,280121990,33060,D,12640,13270
S*Mobarakeh Steel,20201124,13050,13250,12540,12640,4.13199E+12,327023562,52683,D,13190,12540
S*Mobarakeh Steel,20201123,13070,13750,12890,13190,3.36428E+12,254999176,47836,D,13390,13090
S*Mobarakeh Steel,20201122,13280,13900,13280,13390,5.68923E+12,424794132,52645,D,13970,13280
S*Mobarakeh Steel,20201121,14700,14700,13500,13970,5.05953E+12,362214809,69792,D,14210,13500
S*Mobarakeh Steel,20201118,14200,14230,13750,14210,1.49651E+12,105286012,11389,D,13560,14230
S*Mobarakeh Steel,20201117,12990,13610,12980,13560,3.19437E+12,235596378,32557,D,12970,13610
S*Mobarakeh Steel,20201116,12450,13250,12150,12970,2.15406E+12,166110885,31263,D,12660,12990
S*Mobarakeh Steel,20201115,12920,12920,12310,12660,3.62103E+12,285931951,42647,D,12310,12420
S*Mobarakeh Steel,20201114,12200,12340,12000,12310,9.78816E+11,79522632,8839,D,11760,12340
S*Mobarakeh Steel,20201111,11650,12160,11290,11760,2.03603E+12,173100493,28812,D,11600,12000
S*Mobarakeh Steel,20201110,11840,11840,11250,11600,1.832E+12,157957655,32704,D,11540,11600
S*Mobarakeh Steel,20201109,11440,12060,11440,11540,5.17727E+12,448720148,43606,D,12040,11730
S*Mobarakeh Steel,20201108,11690,11690,11690,12040,47023515980,4022542,1530,D,12300,11690
S*Mobarakeh Steel,20201107,12300,12300,12300,12300,1.70879E+11,13892626,3335,D,12940,12300
S*Mobarakeh Steel,20201104,12940,12940,12610,12940,2.01734E+12,155946138,14153,D,12330,12940
S*Mobarakeh Steel,20201102,12100,12680,11910,12330,1.19131E+12,96584869,24997,D,12510,12310
S*Mobarakeh Steel,20201101,13100,13120,12360,12510,2.42142E+12,193483428,30741,D,13010,12370
S*Mobarakeh Steel,20201031,12900,13060,12450,13010,2.36745E+12,181913059,29424,D,12440,13060
S*Mobarakeh Steel,20201028,12070,13010,11880,12440,3.53288E+12,284033286,46437,D,12500,12910
S*Mobarakeh Steel,20201027,12850,13190,12430,12500,3.40901E+12,272763658,30884,D,13080,12440
S*Mobarakeh Steel,20201026,13060,13700,13060,13080,5.76239E+12,440495689,44563,D,13740,13060
S*Mobarakeh Steel,20201024,13960,14280,13620,13740,8.95101E+11,65151597,10681,D,14330,13620
S*Mobarakeh Steel,20201021,14500,15250,13980,14330,5.1504E+12,359350446,69251,D,14710,14360
S*Mobarakeh Steel,20201020,14710,14710,14710,14710,6.18644E+11,42056002,6464,D,15480,14710
S*Mobarakeh Steel,20201019,15480,15480,15480,15480,1.86532E+12,120498847,14565,D,16290,15480
S*Mobarakeh Steel,20201018,16700,16940,16180,16290,1.25637E+12,77129959,21448,D,17030,16180
S*Mobarakeh Steel,20201014,17390,17620,16840,17030,3.12417E+12,183427178,50169,D,17580,16910
S*Mobarakeh Steel,20201013,17600,18000,17020,17580,3.11295E+12,177118808,46400,D,17600,17630
S*Mobarakeh Steel,20201012,18000,18260,17320,17600,5.67298E+12,322364710,64970,D,18230,18050
S*Mobarakeh Steel,20201011,17600,18360,17560,18230,7.24221E+12,397335925,66811,D,17490,18030
S*Mobarakeh Steel,20201010,17700,17990,17120,17490,4.41895E+12,252686562,67084,D,18000,17500
S*Mobarakeh Steel,20201007,18280,18460,17550,18000,3.79324E+12,210699577,53829,D,17860,18060
S*Mobarakeh Steel,20201006,17700,18350,17320,17860,3.9727E+12,222404695,56258,D,17860,18240
S*Mobarakeh Steel,20201005,17610,18410,17330,17860,3.80778E+12,213147215,44472,D,18210,17700
S*Mobarakeh Steel,20201004,18760,19000,17780,18210,5.42531E+12,297946667,62606,D,18710,18090
S*Mobarakeh Steel,20201003,18290,18810,17930,18710,3.34236E+12,178638666,37819,D,17920,18810
S*Mobarakeh Steel,20200930,18170,18290,17100,17920,3.08368E+12,172105119,42033,D,17500,18290
S*Mobarakeh Steel,20200929,17040,18700,17040,17500,6.45753E+12,369086717,70828,D,17930,17960
S*Mobarakeh Steel,20200928,17930,17930,17930,17930,1.53608E+12,85670776,6796,D,18870,17930
S*Mobarakeh Steel,20200927,19430,19800,18820,18870,1.88865E+12,100078046,15092,D,19810,18820
S*Mobarakeh Steel,20200926,20500,20630,19100,19810,5.1244E+12,258637027,59100,D,19880,20030
S*Mobarakeh Steel,20200923,19980,20080,19160,19880,5.08803E+12,255917094,61805,D,19130,20070
S*Mobarakeh Steel,20200922,19500,20270,18560,19130,8.55077E+12,446998696,81239,D,19530,19900
S*Mobarakeh Steel,20200921,19530,19530,19530,19530,1.00459E+12,51438183,7069,D,20550,19530
S*Mobarakeh Steel,20200920,20990,21300,20270,20550,2.8566E+12,139013548,34946,D,21330,20270
S*Mobarakeh Steel,20200919,21380,21570,20500,21330,9.42082E+12,441572984,78858,D,20550,21160
S*Mobarakeh Steel,20200916,20580,20580,20100,20550,1.02914E+13,500745007,77447,D,19600,20580
S*Mobarakeh Steel,20200915,19600,19600,19600,19600,1.89148E+12,96504033,13528,D,18670,19600
S*Mobarakeh Steel,20200914,18500,18750,18010,18670,4.07081E+12,218019660,31669,D,17860,18750
S*Mobarakeh Steel,20200913,17590,18430,16690,17860,1.08913E+13,609948922,89659,D,17560,18430
S*Mobarakeh Steel,20200912,17570,17570,17110,17560,4.99667E+12,284629059,48362,D,16740,17570
S*Mobarakeh Steel,20200909,16280,17580,16280,16740,6.28676E+12,375517715,62947,D,17130,17370
S*Mobarakeh Steel,20200908,17130,17130,17130,17130,2.60544E+11,15209824,3630,D,18030,17130
S*Mobarakeh Steel,20200907,18120,18400,17990,18030,1.16549E+12,64652211,12780,D,18930,17990
S*Mobarakeh Steel,20200906,19290,19290,18000,18930,8.47471E+12,447589909,89314,D,18380,18410
S*Mobarakeh Steel,20200905,18150,18490,18000,18380,6.31743E+12,343688943,66449,D,17610,18490
S*Mobarakeh Steel,20200902,17950,18100,17580,17610,5.64808E+12,320807603,47981,D,18500,17580
S*Mobarakeh Steel,20200901,18690,19450,17790,18500,7.55016E+12,408200456,84980,D,18720,18000
S*Mobarakeh Steel,20200831,18800,18800,17910,18720,1.56681E+13,836882421,114025,D,17910,18800
S*Mobarakeh Steel,20200826,17910,17910,17910,17910,5.40018E+11,30151735,3110,D,17060,17910
S*Mobarakeh Steel,20200825,17060,17060,17060,17060,1.00875E+12,59129576,7302,D,16250,17060
S*Mobarakeh Steel,20200824,17500,17670,15990,16250,1.0573E+13,650651559,100132,D,16830,16700
S*Mobarakeh Steel,20200823,17940,18000,16700,16830,7.06028E+12,419529484,56036,D,17570,16700
S*Mobarakeh Steel,20200822,17800,18030,16350,17570,6.50055E+12,369911387,82507,D,17180,17580
S*Mobarakeh Steel,20200819,17180,17180,17180,17180,2.66657E+12,155213627,26576,D,18080,17180
S*Mobarakeh Steel,20200818,18860,19210,17390,18080,7.80626E+12,431821069,96145,D,18300,17700
S*Mobarakeh Steel,20200817,18310,18310,17900,18300,4.98512E+12,272467806,34053,D,17440,18310
S*Mobarakeh Steel,20200816,18200,18490,17290,17440,9.0659E+12,519906075,110715,D,18200,17300
S*Mobarakeh Steel,20200815,18870,19200,18110,18200,7.26204E+12,399122646,86542,D,19060,18110
S*Mobarakeh Steel,20200812,19550,19550,17690,19060,9.45891E+12,496178223,110378,D,18620,18600
S*Mobarakeh Steel,20200811,19000,20240,18320,18620,7.80136E+12,418906516,110197,D,19280,18480
S*Mobarakeh Steel,20200810,19200,20140,18700,19280,3.46366E+12,179613365,44608,D,20720,19110
S*Mobarakeh Steel,20200809,0,0,0,20720,0,0,0,D,20720,20150
S*Mobarakeh Steel,20200805,0,0,0,20940,0,0,0,D,20940,20370
S*Mobarakeh Steel,20200804,0,0,0,20940,0,0,0,D,20940,20370
S*Mobarakeh Steel,20200803,21600,22500,20360,20940,2.79245E+12,133363122,45764,D,21430,20370
S*Mobarakeh Steel,20200802,21680,21680,20800,21430,8.85659E+12,413360829,121774,D,20650,21390
S*Mobarakeh Steel,20200801,20600,20730,19000,20650,5.16647E+12,250228158,64841,D,19750,20730
S*Mobarakeh Steel,20200729,19690,20500,19680,19750,1.12428E+13,569322331,142628,D,20710,19830
S*Mobarakeh Steel,20200728,21500,22240,20140,20710,7.52594E+12,363457353,98010,D,21190,20140
S*Mobarakeh Steel,20200727,21100,21990,21100,21190,1.0584E+13,499427002,117520,D,22210,21100
S*Mobarakeh Steel,20200726,22920,24330,22030,22210,3.49005E+12,157129954,64738,D,23180,22030
S*Mobarakeh Steel,20200725,23400,23820,21560,23180,1.21537E+13,524224778,170906,D,22690,22300
S*Mobarakeh Steel,20200722,23200,24820,22460,22690,8.06157E+12,355217157,112934,D,23640,22460
S*Mobarakeh Steel,20200721,22740,24420,22100,23640,1.84058E+13,778642302,222795,D,23260,22500
S*Mobarakeh Steel,20200720,23260,23270,21070,23260,2.01102E+13,864680953,173561,D,22170,23270
S*Mobarakeh Steel,20200719,20780,22960,20780,22170,1.96586E+13,886851975,148385,D,21870,22960
S*Mobarakeh Steel,20200718,21870,21870,21870,21870,1.19087E+12,54452078,33394,D,23020,21870
S*Mobarakeh Steel,20200715,0,0,0,23020,0,0,0,D,23020,23000
S*Mobarakeh Steel,20200714,23020,23020,22900,23020,2.57432E+12,111838508,28384,D,21930,23000
S*Mobarakeh Steel,20200713,21150,22200,20100,21930,1.7464E+13,796433515,154135,D,21150,22200
S*Mobarakeh Steel,20200712,21150,21150,21000,21150,1.11523E+13,527309863,86314,D,20150,21150
S*Mobarakeh Steel,20200711,19500,21080,19080,20150,6.82572E+12,338823684,59164,D,20080,21080
S*Mobarakeh Steel,20200708,20260,20260,18340,20080,1.7939E+13,893263244,173613,D,19300,19460
S*Mobarakeh Steel,20200707,19300,19300,19300,19300,3.39946E+12,176137871,9547,D,18390,19300
S*Mobarakeh Steel,20200706,18390,18390,18390,18390,1.93642E+12,105297588,6662,D,17520,18390
S*Mobarakeh Steel,20200705,17300,17750,16070,17520,4.6497E+12,265465012,43224,D,16910,17750
S*Mobarakeh Steel,20200704,17480,17480,15820,16910,9.54891E+12,564699680,111457,D,16650,16970
S*Mobarakeh Steel,20200701,16650,16650,16650,16650,2.27709E+12,136762363,14947,D,15860,16650
S*Mobarakeh Steel,20200630,15860,15860,15860,15860,2.12579E+12,134034481,17444,D,15110,15860
S*Mobarakeh Steel,20200629,14800,16150,14630,15110,6.93699E+12,459042305,88743,D,15390,15540
S*Mobarakeh Steel,20200628,15600,15600,14300,15390,1.13863E+13,740019948,101074,D,14860,15120
S*Mobarakeh Steel,20200627,14860,14860,14860,14860,1.70294E+12,114599090,9502,D,14160,14860
S*Mobarakeh Steel,20200624,0,0,0,14160,0,0,0,D,14160,14160
S*Mobarakeh Steel,20200623,14160,14160,14160,14160,2.0376E+11,14389854,976,D,13490,14160
S*Mobarakeh Steel,20200622,13500,13500,13100,13490,3.0611E+12,226987185,24775,D,12860,13500
S*Mobarakeh Steel,20200621,12870,12870,12500,12860,4.03036E+12,313371052,37924,D,12260,12870
S*Mobarakeh Steel,20200620,12200,12270,12010,12260,2.64831E+12,216076048,24294,D,11690,12270
S*Mobarakeh Steel,20200616,11320,11990,11100,11690,4.34253E+12,371368524,48400,D,11470,11890
S*Mobarakeh Steel,20200615,11700,11880,11160,11470,3.44732E+12,300459716,50009,D,11680,11280
S*Mobarakeh Steel,20200614,12000,12090,11260,11680,4.14057E+12,354608361,60392,D,11850,11800
S*Mobarakeh Steel,20200613,11850,11850,11790,11850,4.65789E+12,393121085,35286,D,11291,11850
S*Mobarakeh Steel,20200610,11100,11301,11050,11291,3.1126E+12,275676980,19884,D,10763,11301
S*Mobarakeh Steel,20200609,10420,11070,10380,10763,3.2825E+12,304990042,41186,D,10589,10835
S*Mobarakeh Steel,20200608,10034,11090,10034,10589,3.83566E+12,362219387,55100,D,10562,10270
S*Mobarakeh Steel,20200607,10569,10569,10107,10562,2.41348E+12,228499778,17705,D,10066,10549
S*Mobarakeh Steel,20200606,10000,10107,9800,10066,1.67509E+12,166412659,16994,D,9626,10107
S*Mobarakeh Steel,20200602,9430,9649,9274,9626,2.83493E+12,294517212,26426,D,9190,9649
S*Mobarakeh Steel,20200601,9040,9449,8774,9190,1.37869E+12,150021727,25000,D,9047,9207
S*Mobarakeh Steel,20200531,9350,9541,8633,9047,2.39116E+12,264309250,40758,D,9087,8996
S*Mobarakeh Steel,20200530,9087,9087,9080,9087,2.17454E+12,239302335,19256,D,8655,9087
S*Mobarakeh Steel,20200527,8150,8804,8150,8655,2.67034E+12,308524869,35096,D,8385,8804
S*Mobarakeh Steel,20200526,8371,8811,8371,8385,2.97804E+12,355168587,32188,D,8808,8371
S*Mobarakeh Steel,20200523,8811,8811,8811,8811,1.21302E+12,137670564,11602,D,9274,8811
S*Mobarakeh Steel,20200520,9268,9433,9268,9274,2.25047E+12,242669672,23703,D,9755,9268
S*Mobarakeh Steel,20200519,10350,10350,9657,9755,3.16319E+12,324276938,44852,D,10165,9657
S*Mobarakeh Steel,20200518,10020,10700,9904,10165,8.75669E+12,861474427,89696,D,10425,10224
S*Mobarakeh Steel,20200517,10425,10425,10425,10425,4.23465E+11,40620147,5539,D,10973,10425
S*Mobarakeh Steel,20200516,10973,10973,10973,10973,2.86776E+11,26134681,5211,D,11550,10973
S*Mobarakeh Steel,20200513,11650,12232,11068,11550,5.88985E+12,509965126,57935,D,11236,11068
S*Mobarakeh Steel,20200512,0,0,0,11236,0,0,0,D,11236,11236
S*Mobarakeh Steel,20200511,0,0,0,11236,0,0,0,D,11236,11236
S*Mobarakeh Steel,20200510,11236,11236,11236,11236,2.78171E+11,24757092,804,D,10701,11236
S*Mobarakeh Steel,20200509,10695,10707,10500,10701,3.80038E+12,355155961,23398,D,10198,10707
S*Mobarakeh Steel,20200506,9749,10727,9749,10198,6.49102E+12,636475471,73200,D,10262,10330
S*Mobarakeh Steel,20200505,10523,10523,9615,10262,1.10927E+13,1080966094,110855,D,10022,9760
S*Mobarakeh Steel,20200504,10022,10022,10021,10022,4.69246E+12,468215951,28525,D,9545,10022
S*Mobarakeh Steel,20200503,9545,9545,9545,9545,1.24081E+12,129995424,4287,D,9091,9545
S*Mobarakeh Steel,20200502,9091,9091,9091,9091,1.22962E+12,135256635,4342,D,8659,9091
S*Mobarakeh Steel,20200429,8659,8659,8659,8659,8.37391E+11,96707645,3331,D,8247,8659
S*Mobarakeh Steel,20200428,8247,8247,8247,8247,1.02429E+12,124202025,6890,D,7855,8247
S*Mobarakeh Steel,20200427,7855,7855,7855,7855,1.1196E+12,142533610,7932,D,7481,7855
S*Mobarakeh Steel,20200426,7138,7494,7138,7481,1.71883E+12,229746254,12284,D,6799,7494
S*Mobarakeh Steel,20200425,0,0,0,6799,0,0,0,D,6799,6750
S*Mobarakeh Steel,20200422,0,0,0,6799,0,0,0,D,6799,6750
S*Mobarakeh Steel,20200421,6804,6804,6740,6799,1.76317E+11,25932767,2343,D,6480,6750
S*Mobarakeh Steel,20200420,6170,6506,6162,6480,8.95326E+11,138177573,9851,D,6197,6506
S*Mobarakeh Steel,20200419,6243,6243,5649,6197,1.18608E+12,191387234,14385,D,5946,6066
S*Mobarakeh Steel,20200418,5946,5946,5910,5946,3.8983E+11,65565430,5056,D,5663,5946
S*Mobarakeh Steel,20200415,5400,5715,5390,5663,6.99521E+11,123535206,11079,D,5443,5715
S*Mobarakeh Steel,20200414,5260,5590,5260,5443,6.71226E+11,123314843,16389,D,5523,5451
S*Mobarakeh Steel,20200413,5730,5730,5402,5523,6.35198E+11,115016599,12856,D,5522,5500
S*Mobarakeh Steel,20200412,5330,5561,5327,5522,9.56455E+11,173208702,15473,D,5297,5561
S*Mobarakeh Steel,20200411,5289,5324,5157,5297,1.26219E+12,238264769,21824,D,5071,5267
S*Mobarakeh Steel,20200408,5000,5083,4945,5071,8.48749E+11,167361051,10689,D,4841,5083
S*Mobarakeh Steel,20200407,4738,4898,4700,4841,1.1728E+12,242271587,15572,D,4665,4898
S*Mobarakeh Steel,20200406,4700,4718,4600,4665,4.85364E+11,104034987,11578,D,4698,4680
S*Mobarakeh Steel,20200405,4700,4751,4600,4698,5.62819E+11,119810418,13873,D,4665,4699
S*Mobarakeh Steel,20200404,4577,4703,4510,4665,8.42543E+11,180596289,17484,D,4481,4650
S*Mobarakeh Steel,20200330,4450,4525,4414,4481,4.73397E+11,105642056,11024,D,4490,4491
S*Mobarakeh Steel,20200329,4500,4550,4450,4490,6.3307E+11,140995529,15932,D,4413,4464
S*Mobarakeh Steel,20200328,4400,4520,4329,4413,1.14222E+12,258849936,29098,D,4453,4494
S*Mobarakeh Steel,20200325,4441,4522,4400,4453,4.86884E+11,109339844,14626,D,4411,4460
S*Mobarakeh Steel,20200324,4525,4549,4391,4411,3.60776E+11,81785766,9409,D,4622,4391
S*Mobarakeh Steel,20200318,4626,4662,4536,4622,5.04942E+11,109237495,11748,D,4537,4639
S*Mobarakeh Steel,20200317,4585,4608,4452,4537,5.31309E+11,117098437,10409,D,4535,4600
S*Mobarakeh Steel,20200316,4568,4593,4446,4535,6.26347E+11,138110458,14198,D,4417,4578
S*Mobarakeh Steel,20200315,4380,4550,4274,4417,7.59679E+11,171993669,14409,D,4497,4499
S*Mobarakeh Steel,20200314,4602,4659,4483,4497,4.68656E+11,104211448,6623,D,4718,4483
S*Mobarakeh Steel,20200311,4600,4814,4599,4718,3.89687E+11,82595898,10269,D,4594,4670
S*Mobarakeh Steel,20200310,4510,4710,4501,4594,8.22639E+11,179063359,16223,D,4730,4515
S*Mobarakeh Steel,20200309,4729,4777,4729,4730,7.58214E+11,160307128,9206,D,4977,4729
S*Mobarakeh Steel,20200307,4920,5119,4818,4977,1.3405E+12,269340186,19002,D,4966,4950
S*Mobarakeh Steel,20200304,5000,5055,4820,4966,1.22586E+12,246866390,17220,D,4816,4920
S*Mobarakeh Steel,20200303,4730,4911,4720,4816,1.43626E+12,298232723,18939,D,4678,4911
S*Mobarakeh Steel,20200302,4642,4722,4601,4678,8.96968E+11,191761660,14317,D,4603,4670
S*Mobarakeh Steel,20200301,4537,4647,4500,4603,6.42444E+11,139572044,13809,D,4578,4601
S*Mobarakeh Steel,20200229,4550,4677,4536,4578,1.38842E+12,303292073,23065,D,4774,4536
S*Mobarakeh Steel,20200226,4888,4888,4700,4774,8.42091E+11,176398293,18055,D,4703,4715
S*Mobarakeh Steel,20200225,4665,4737,4602,4703,1.74926E+12,371914178,23517,D,4512,4737
S*Mobarakeh Steel,20200224,4590,4650,4433,4512,1.06496E+12,236031176,19688,D,4461,4630
S*Mobarakeh Steel,20200223,4411,4511,4405,4461,1.34331E+12,301117928,22558,D,4297,4505
S*Mobarakeh Steel,20200222,4100,4396,4100,4297,7.42623E+11,172810546,13106,D,4277,4350
S*Mobarakeh Steel,20200219,4329,4329,4235,4277,7.37476E+11,172411174,13927,D,4288,4240
S*Mobarakeh Steel,20200218,4370,4376,4210,4288,9.03031E+11,210601472,16211,D,4329,4300
S*Mobarakeh Steel,20200217,4349,4374,4255,4329,1.62786E+12,376064567,24412,D,4168,4300
S*Mobarakeh Steel,20200216,4059,4206,4010,4168,1.79551E+12,430782117,18883,D,4006,4206
S*Mobarakeh Steel,20200215,4040,4078,3938,4006,6.19372E+11,154628478,12997,D,3979,3993
S*Mobarakeh Steel,20200212,3929,4020,3929,3979,7.10432E+11,178530575,14256,D,3918,4000
S*Mobarakeh Steel,20200210,3950,3990,3800,3918,3.39556E+11,86656376,9519,D,3925,3929
S*Mobarakeh Steel,20200209,4000,4000,3898,3925,3.0671E+11,78140364,8194,D,3948,3950
S*Mobarakeh Steel,20200208,4020,4020,3889,3948,4.97579E+11,126039935,11359,D,3926,3901
S*Mobarakeh Steel,20200205,3994,3994,3899,3926,3.62866E+11,92421571,10366,D,3972,3948
S*Mobarakeh Steel,20200204,4063,4069,3896,3972,2.93879E+11,73993133,8960,D,4001,3950
S*Mobarakeh Steel,20200203,3909,4059,3899,4001,6.81654E+11,170381419,14119,D,3870,3989
S*Mobarakeh Steel,20200202,3810,3910,3786,3870,2.5898E+11,66923282,8138,D,3853,3898
S*Mobarakeh Steel,20200201,3965,3965,3796,3853,2.54774E+11,66129050,9321,D,3874,3800
S*Mobarakeh Steel,20200128,3840,3940,3819,3874,4.67259E+11,120613900,12062,D,3778,3910
S*Mobarakeh Steel,20200127,3731,3853,3688,3778,3.41164E+11,90299058,8657,D,3765,3801
S*Mobarakeh Steel,20200126,3869,3869,3729,3765,3.35504E+11,89103849,10836,D,3816,3740
S*Mobarakeh Steel,20200125,3839,3840,3799,3816,3.95124E+11,103554430,12940,D,3801,3807
S*Mobarakeh Steel,20200122,3780,3840,3733,3801,3.75209E+11,98702175,11133,D,3791,3836
S*Mobarakeh Steel,20200121,3815,3828,3748,3791,4.42447E+11,116697256,13167,D,3844,3750
S*Mobarakeh Steel,20200120,3910,3922,3803,3844,6.29882E+11,163862388,18565,D,3913,3820
S*Mobarakeh Steel,20200119,3911,3955,3888,3913,4.96319E+11,126845211,12247,D,3950,3910
S*Mobarakeh Steel,20200118,3980,4000,3891,3950,8.68987E+11,219976080,19024,D,3926,3939
S*Mobarakeh Steel,20200115,3900,3980,3850,3926,4.12383E+11,105050384,13169,D,3974,3920
S*Mobarakeh Steel,20200114,4000,4017,3903,3974,7.10215E+11,178731503,17625,D,3976,3950
S*Mobarakeh Steel,20200113,4000,4019,3899,3976,2.85706E+12,718660988,37833,D,3555,4000
S*Mobarakeh Steel,20200112,0,0,0,3555,0,0,0,D,3555,3608
S*Mobarakeh Steel,20200111,0,0,0,5715,0,0,0,D,5715,5800
S*Mobarakeh Steel,20200108,0,0,0,5715,0,0,0,D,5715,5800
S*Mobarakeh Steel,20200107,0,0,0,5715,0,0,0,D,5715,5800
S*Mobarakeh Steel,20200105,5530,5800,5530,5715,7.42975E+11,129997241,14770,D,5524,5800
S*Mobarakeh Steel,20200104,5524,5544,5524,5524,2.31972E+12,419929040,16803,D,5814,5524
S*Mobarakeh Steel,20200101,5650,5855,5647,5814,8.09631E+11,139267200,12242,D,5577,5799
S*Mobarakeh Steel,20191231,5590,5631,5455,5577,3.94226E+11,70687324,8095,D,5511,5602
S*Mobarakeh Steel,20191230,5499,5549,5481,5511,3.6438E+11,66113626,7003,D,5442,5525
S*Mobarakeh Steel,20191229,5500,5500,5381,5442,2.65229E+11,48734408,6186,D,5360,5476
S*Mobarakeh Steel,20191228,5300,5439,5299,5360,2.73852E+11,51087866,6250,D,5284,5384
S*Mobarakeh Steel,20191225,5379,5379,5252,5284,2.22017E+11,42018897,6509,D,5399,5299
S*Mobarakeh Steel,20191224,5432,5462,5330,5399,1.90003E+11,35192423,5181,D,5446,5360
S*Mobarakeh Steel,20191223,5514,5535,5250,5446,3.7395E+11,68670299,7614,D,5363,5400
S*Mobarakeh Steel,20191222,5296,5460,5268,5363,4.10186E+11,76481176,7525,D,5238,5430
S*Mobarakeh Steel,20191221,5230,5266,5196,5238,2.09774E+11,40049540,5315,D,5183,5260
S*Mobarakeh Steel,20191218,5110,5224,5081,5183,3.11707E+11,60143651,5884,D,5091,5195
S*Mobarakeh Steel,20191217,5020,5104,5020,5091,3.34973E+11,65796658,6041,D,5019,5081
S*Mobarakeh Steel,20191216,5060,5060,4998,5019,1.52045E+11,30294915,3954,D,5048,5021
S*Mobarakeh Steel,20191215,4990,5120,4961,5048,3.90747E+11,77412645,7271,D,4937,5029
S*Mobarakeh Steel,20191214,4915,4980,4897,4937,3.59126E+11,72744710,6276,D,4879,4967
S*Mobarakeh Steel,20191211,4880,4915,4839,4879,1.64942E+11,33806431,4417,D,4941,4895
S*Mobarakeh Steel,20191210,4950,4979,4883,4941,3.7515E+11,75927443,6697,D,4906,4900
S*Mobarakeh Steel,20191209,4989,4995,4865,4906,2.43847E+11,49707633,6596,D,4903,4878
S*Mobarakeh Steel,20191208,4830,4990,4820,4903,4.27644E+11,87229341,8145,D,4800,4920
S*Mobarakeh Steel,20191207,4740,4831,4725,4800,6.76727E+11,140984936,11769,D,4601,4785
S*Mobarakeh Steel,20191204,4650,4650,4570,4601,1.95286E+11,42445863,4365,D,4609,4621
S*Mobarakeh Steel,20191203,4590,4653,4550,4609,2.12945E+11,46200501,5092,D,4562,4620
S*Mobarakeh Steel,20191202,4610,4645,4491,4562,3.00957E+11,65976536,6267,D,4484,4549
S*Mobarakeh Steel,20191201,4446,4577,4410,4484,3.34526E+11,74611238,6328,D,4409,4500
S*Mobarakeh Steel,20191130,4440,4456,4390,4409,2.14555E+11,48659958,5052,D,4398,4400
S*Mobarakeh Steel,20191127,4417,4425,4372,4398,93703139613,21304838,2875,D,4379,4380
S*Mobarakeh Steel,20191126,4419,4420,4361,4379,91861087449,20976160,3155,D,4368,4378
S*Mobarakeh Steel,20191125,4390,4397,4349,4368,1.0968E+11,25110536,3628,D,4374,4376
S*Mobarakeh Steel,20191124,4380,4408,4350,4374,1.0527E+11,24068738,3096,D,4383,4360
S*Mobarakeh Steel,20191123,4400,4400,4365,4383,1.12728E+11,25721985,3266,D,4411,4379
S*Mobarakeh Steel,20191120,4450,4478,4393,4411,1.16111E+11,26322584,2947,D,4440,4404
S*Mobarakeh Steel,20191119,4473,4497,4419,4440,69381947630,15624847,2441,D,4442,4429
S*Mobarakeh Steel,20191118,4488,4499,4415,4442,91321105038,20557669,2505,D,4452,4419
S*Mobarakeh Steel,20191117,4439,4529,4397,4452,2.21412E+11,49731900,3229,D,4475,4435
S*Mobarakeh Steel,20191116,4549,4549,4452,4475,1.02926E+11,22998443,2731,D,4482,4453
S*Mobarakeh Steel,20191113,4480,4500,4452,4482,1.45679E+11,32505242,3582,D,4487,4493
S*Mobarakeh Steel,20191112,4500,4549,4475,4487,91940407936,20490208,3135,D,4499,4480
S*Mobarakeh Steel,20191111,4500,4551,4480,4499,1.01266E+11,22507786,2500,D,4498,4498
S*Mobarakeh Steel,20191110,4499,4532,4481,4498,1.02137E+11,22707837,2446,D,4532,4510
S*Mobarakeh Steel,20191109,4550,4610,4500,4532,1.15338E+11,25448947,3454,D,4512,4510
S*Mobarakeh Steel,20191105,4510,4598,4474,4512,1.45138E+11,32163735,3646,D,4521,4540
S*Mobarakeh Steel,20191104,4575,4590,4475,4521,1.47402E+11,32603577,3807,D,4554,4499
S*Mobarakeh Steel,20191103,4579,4598,4528,4554,1.10549E+11,24274233,3308,D,4568,4533
S*Mobarakeh Steel,20191102,4631,4645,4500,4568,1.5688E+11,34343570,4679,D,4612,4555
S*Mobarakeh Steel,20191030,4591,4639,4584,4612,2.19154E+11,47515122,5249,D,4573,4599
S*Mobarakeh Steel,20191028,4600,4610,4529,4573,1.39849E+11,30583169,3401,D,4576,4580
S*Mobarakeh Steel,20191026,4610,4614,4559,4576,1.31729E+11,28788791,2887,D,4573,4572
S*Mobarakeh Steel,20191023,4680,4681,4544,4573,2.44578E+11,53479735,4545,D,4644,4550
S*Mobarakeh Steel,20191022,4680,4710,4560,4644,1.80562E+11,38879978,4211,D,4566,4639
S*Mobarakeh Steel,20191021,4551,4650,4460,4566,3.16819E+11,69380067,5755,D,4458,4633
S*Mobarakeh Steel,20191020,4561,4678,4380,4458,1.9018E+11,42658937,4235,D,4524,4400
S*Mobarakeh Steel,20191016,4460,4600,4460,4524,1.27864E+11,28264094,3403,D,4477,4500
S*Mobarakeh Steel,20191015,4580,4680,4420,4477,2.79759E+11,62482126,4976,D,4595,4450
S*Mobarakeh Steel,20191014,4650,4689,4500,4595,1.89791E+11,41300290,4188,D,4637,4539
S*Mobarakeh Steel,20191013,4740,4741,4570,4637,1.94894E+11,42034074,4607,D,4582,4582
S*Mobarakeh Steel,20191012,4451,4628,4442,4582,6.20188E+11,135353076,7729,D,4408,4628
S*Mobarakeh Steel,20191009,4323,4451,4323,4408,2.24225E+11,50865537,3972,D,4384,4449
S*Mobarakeh Steel,20191008,4451,4529,4302,4384,1.75435E+11,40019517,4095,D,4470,4349
S*Mobarakeh Steel,20191007,4500,4545,4420,4470,2.07788E+11,46489109,4091,D,4453,4450
S*Mobarakeh Steel,20191006,4477,4499,4360,4453,1.80078E+11,40436555,3822,D,4558,4480
S*Mobarakeh Steel,20191005,4585,4610,4511,4558,2.20837E+11,48451495,4673,D,4585,4520
S*Mobarakeh Steel,20191002,4600,4639,4549,4585,1.9677E+11,42915226,4145,D,4647,4600
S*Mobarakeh Steel,20191001,4781,4784,4530,4647,3.4347E+11,73912719,6502,D,4732,4604
S*Mobarakeh Steel,20190930,4735,4801,4688,4732,2.7371E+11,57843822,5254,D,4692,4780
S*Mobarakeh Steel,20190929,4800,4800,4613,4692,1.72966E+11,36864120,5519,D,4723,4701
S*Mobarakeh Steel,20190928,4575,4739,4572,4723,6.44224E+11,136413113,10288,D,4514,4734
S*Mobarakeh Steel,20190925,4499,4563,4455,4514,1.74433E+11,38639739,5035,D,4510,4526
S*Mobarakeh Steel,20190924,4580,4580,4430,4510,1.80573E+11,40034355,4587,D,4523,4505
S*Mobarakeh Steel,20190923,4487,4579,4421,4523,3.34481E+11,73957861,6586,D,4369,4560
S*Mobarakeh Steel,20190922,4299,4444,4270,4369,3.27418E+11,74938697,6080,D,4303,4420
S*Mobarakeh Steel,20190921,4245,4375,4245,4303,1.11609E+11,25934730,4186,D,4291,4292
S*Mobarakeh Steel,20190918,4344,4349,4200,4291,2.23633E+11,52116075,5032,D,4402,4346
S*Mobarakeh Steel,20190917,4475,4480,4360,4402,2.48928E+11,56546079,6888,D,4499,4369
S*Mobarakeh Steel,20190916,4520,4559,4466,4499,2.64229E+11,58734351,6141,D,4484,4473
S*Mobarakeh Steel,20190915,4516,4521,4440,4484,2.22064E+11,49522402,6006,D,4509,4500
S*Mobarakeh Steel,20190914,4480,4581,4450,4509,3.55732E+11,78897157,7152,D,4427,4542
S*Mobarakeh Steel,20190911,4467,4480,4375,4427,1.96479E+11,44385226,5600,D,4428,4473
S*Mobarakeh Steel,20190908,4482,4491,4400,4428,2.41044E+11,54437544,8548,D,4481,4415
S*Mobarakeh Steel,20190907,4518,4518,4435,4481,3.02081E+11,67416432,10081,D,4489,4480
S*Mobarakeh Steel,20190904,4490,4540,4433,4489,6.33615E+11,141142184,12954,D,4380,4500
S*Mobarakeh Steel,20190903,4173,4432,4173,4380,7.77441E+11,177510532,13839,D,4221,4430
S*Mobarakeh Steel,20190902,4365,4365,4123,4221,2.5308E+11,59960593,6463,D,4339,4200
S*Mobarakeh Steel,20190901,4380,4442,4286,4339,3.30169E+11,76090189,8348,D,4268,4320
S*Mobarakeh Steel,20190831,4180,4286,4180,4268,8.05226E+11,188663037,11464,D,4082,4286
S*Mobarakeh Steel,20190828,4028,4128,3962,4082,2.44284E+11,59847896,5474,D,4040,4110
S*Mobarakeh Steel,20190827,4043,4075,4000,4040,2.68784E+11,66537758,6591,D,3976,4007
S*Mobarakeh Steel,20190826,3884,4010,3883,3976,3.20324E+11,80567372,7344,D,3869,3988
S*Mobarakeh Steel,20190825,3870,3900,3836,3869,1.53788E+11,39748870,4157,D,3870,3877
S*Mobarakeh Steel,20190824,3928,3928,3847,3870,1.77391E+11,45831957,6045,D,3901,3869
S*Mobarakeh Steel,20190821,3969,3969,3870,3901,1.35301E+11,34680392,4050,D,3895,3918
S*Mobarakeh Steel,20190819,3918,3918,3860,3895,1.21652E+11,31231287,3218,D,3902,3892
S*Mobarakeh Steel,20190818,3890,3938,3890,3902,84596348834,21677522,2448,D,3931,3899
S*Mobarakeh Steel,20190817,3996,4027,3880,3931,1.09917E+11,27961634,4198,D,3975,3890
S*Mobarakeh Steel,20190814,3976,3989,3935,3975,1.64192E+11,41310406,5071,D,3865,3971
S*Mobarakeh Steel,20190813,3880,3914,3805,3865,1.1577E+11,29955942,4676,D,3829,3900
S*Mobarakeh Steel,20190811,3800,3890,3795,3829,1.12596E+11,29406196,3494,D,3826,3829
S*Mobarakeh Steel,20190810,3855,3870,3805,3826,1.17582E+11,30731968,3704,D,3876,3808
S*Mobarakeh Steel,20190807,3856,3884,3856,3876,1.19876E+11,30927302,3517,D,3879,3880
S*Mobarakeh Steel,20190806,3949,3949,3855,3879,1.85425E+11,47808062,4436,D,3938,3890
S*Mobarakeh Steel,20190805,3960,3970,3905,3938,1.4109E+11,35825542,3681,D,3952,3943
S*Mobarakeh Steel,20190804,3980,3980,3923,3952,79218751524,20044701,2537,D,3966,3960
S*Mobarakeh Steel,20190803,4000,4000,3950,3966,1.26589E+11,31918382,3507,D,4009,3960
S*Mobarakeh Steel,20190731,4020,4033,3999,4009,1.18327E+11,29517675,3102,D,4034,4008
S*Mobarakeh Steel,20190730,4060,4079,4016,4034,80942927966,20065684,1957,D,4054,4030
S*Mobarakeh Steel,20190729,4100,4102,4025,4054,63699873135,15712337,1882,D,4054,4048
S*Mobarakeh Steel,20190728,4050,4120,4011,4054,89531578930,22085899,2393,D,4017,4077
S*Mobarakeh Steel,20190727,4060,4110,3996,4017,1.5198E+11,37830454,3934,D,4101,4000
S*Mobarakeh Steel,20190724,4095,4139,4061,4101,1.44204E+11,35163887,2963,D,4090,4095
S*Mobarakeh Steel,20190723,4150,4150,4060,4090,96825962895,23676615,2989,D,4147,4079
S*Mobarakeh Steel,20190722,4196,4200,4100,4147,1.89677E+11,45741206,3640,D,3997,4120
S*Mobarakeh Steel,20190721,0,0,0,4297,0,0,0,D,4297,4288
S*Mobarakeh Steel,20190720,0,0,0,4297,0,0,0,D,4297,4288
S*Mobarakeh Steel,20190717,4290,4350,4250,4297,2.92585E+11,68088206,5870,D,4311,4288
S*Mobarakeh Steel,20190716,4430,4430,4249,4311,2.23696E+11,51891347,4327,D,4425,4289
S*Mobarakeh Steel,20190715,4420,4505,4390,4425,2.46193E+11,55637123,4400,D,4419,4400
S*Mobarakeh Steel,20190714,4432,4446,4401,4419,2.40921E+11,54514198,4314,D,4428,4421
S*Mobarakeh Steel,20190713,4463,4480,4400,4428,1.45436E+11,32847132,3028,D,4461,4425
S*Mobarakeh Steel,20190710,4450,4480,4445,4461,1.68143E+11,37695735,2995,D,4472,4460
S*Mobarakeh Steel,20190709,4530,4547,4430,4472,2.18699E+11,48902641,3479,D,4504,4430
S*Mobarakeh Steel,20190708,4435,4549,4435,4504,2.19935E+11,48828347,4048,D,4424,4505
S*Mobarakeh Steel,20190707,4405,4455,4398,4424,98621008933,22293420,2144,D,4408,4428
S*Mobarakeh Steel,20190706,4497,4497,4371,4408,1.50023E+11,34036128,2861,D,4499,4401
S*Mobarakeh Steel,20190703,4594,4620,4449,4499,1.68592E+11,37477038,3455,D,4583,4480
S*Mobarakeh Steel,20190702,4689,4689,4550,4583,1.35605E+11,29587731,2563,D,4640,4568
S*Mobarakeh Steel,20190701,4661,4710,4609,4640,1.67392E+11,36076884,2890,D,4772,4660
S*Mobarakeh Steel,20190630,4870,4871,4720,4772,1.13219E+11,23727806,2759,D,4835,4729
S*Mobarakeh Steel,20190626,4799,4874,4770,4835,2.88473E+11,59660458,4923,D,4698,4845
S*Mobarakeh Steel,20190625,4554,4723,4490,4698,6.92484E+11,147395625,7870,D,4499,4723
S*Mobarakeh Steel,20190624,4420,4550,4404,4499,2.64194E+11,58724043,3423,D,4388,4530
S*Mobarakeh Steel,20190623,4351,4422,4351,4388,1.408E+11,32089275,2143,D,4365,4417
S*Mobarakeh Steel,20190622,4300,4400,4300,4365,1.21159E+11,27758329,1809,D,4351,4370
S*Mobarakeh Steel,20190619,4399,4399,4332,4351,1.85455E+11,42625991,2726,D,4399,4340
S*Mobarakeh Steel,20190618,4411,4467,4348,4399,2.26768E+11,51555380,3174,D,4349,4375
S*Mobarakeh Steel,20190617,4338,4450,4310,4349,1.66989E+11,38400053,2782,D,4375,4325
S*Mobarakeh Steel,20190616,4301,4510,4300,4375,2.41665E+11,55241225,3626,D,4336,4340
S*Mobarakeh Steel,20190615,4304,4365,4301,4336,1.46077E+11,33688105,2072,D,4382,4350
S*Mobarakeh Steel,20190612,4400,4406,4345,4382,1.8191E+11,41510171,2946,D,4382,4360
S*Mobarakeh Steel,20190611,4431,4432,4360,4382,97928613400,22348465,1793,D,4417,4370
S*Mobarakeh Steel,20190610,4463,4470,4391,4417,1.5343E+11,34735005,2550,D,4444,4391
S*Mobarakeh Steel,20190609,4352,4478,4351,4444,1.90391E+11,42838835,2952,D,4378,4400
S*Mobarakeh Steel,20190608,4400,4444,4350,4378,1.09069E+11,24913408,1870,D,4385,4389
S*Mobarakeh Steel,20190603,4398,4399,4375,4385,1.59726E+11,36423696,2646,D,4385,4381
S*Mobarakeh Steel,20190602,4350,4429,4343,4385,2.05871E+11,46946800,3091,D,4390,4370
S*Mobarakeh Steel,20190601,4475,4478,4340,4390,1.97711E+11,45032953,2582,D,4500,4382
S*Mobarakeh Steel,20190529,4565,4565,4451,4500,1.38006E+11,30665657,2877,D,4499,4470
S*Mobarakeh Steel,20190528,4400,4502,4400,4499,8.56201E+11,190310337,7721,D,4288,4502
S*Mobarakeh Steel,20190526,4250,4329,4250,4288,1.32198E+11,30832557,2312,D,4251,4255
S*Mobarakeh Steel,20190525,4219,4299,4219,4251,72899540572,17147374,1374,D,4273,4259
S*Mobarakeh Steel,20190522,4296,4333,4250,4273,75572250568,17685100,1653,D,4295,4274
S*Mobarakeh Steel,20190521,4200,4352,4200,4295,1.94879E+11,45369223,2857,D,4187,4295
S*Mobarakeh Steel,20190520,4150,4249,4150,4187,1.42172E+11,33957022,2166,D,4162,4188
S*Mobarakeh Steel,20190519,4130,4200,4122,4162,1.45049E+11,34848004,2394,D,4187,4171
S*Mobarakeh Steel,20190518,4250,4261,4120,4187,1.16318E+11,27782110,2481,D,4245,4151
S*Mobarakeh Steel,20190515,4250,4300,4211,4245,94177964800,22185485,1791,D,4292,4231
S*Mobarakeh Steel,20190514,4250,4340,4221,4292,1.55023E+11,36115999,2658,D,4233,4230
S*Mobarakeh Steel,20190513,4170,4276,4170,4233,1.33685E+11,31581771,2278,D,4126,4249
S*Mobarakeh Steel,20190512,4110,4250,4019,4126,2.23726E+11,54223782,3643,D,4212,4174
S*Mobarakeh Steel,20190511,4209,4340,4127,4212,3.05355E+11,72487944,5471,D,4336,4180
S*Mobarakeh Steel,20190508,4250,4389,4233,4336,2.89424E+11,66752568,4836,D,4216,4368
S*Mobarakeh Steel,20190507,4250,4330,4100,4216,3.66428E+11,86917031,5722,D,4295,4285
S*Mobarakeh Steel,20190506,4443,4444,4275,4295,6.15776E+11,143365604,7301,D,4499,4275
S*Mobarakeh Steel,20190505,4600,4600,4350,4499,2.90351E+11,64536009,4850,D,4487,4436
S*Mobarakeh Steel,20190504,4410,4550,4401,4487,2.61191E+11,58207882,4655,D,4391,4503
S*Mobarakeh Steel,20190501,4295,4444,4290,4391,1.94567E+11,44306231,3979,D,4350,4408
S*Mobarakeh Steel,20190430,4420,4430,4240,4350,2.67971E+11,61597932,4800,D,4279,4329
S*Mobarakeh Steel,20190429,4108,4312,4108,4279,8.79682E+11,205588050,8558,D,4107,4312
S*Mobarakeh Steel,20190428,4040,4149,4040,4107,2.74413E+11,66816031,4222,D,3991,4120
S*Mobarakeh Steel,20190427,3986,4027,3970,3991,1.48018E+11,37091902,3074,D,3992,4026
S*Mobarakeh Steel,20190424,3994,4020,3962,3992,1.74163E+11,43630592,2937,D,3974,4012
S*Mobarakeh Steel,20190423,3922,4000,3922,3974,1.51204E+11,38052018,2380,D,3983,3954
S*Mobarakeh Steel,20190422,4024,4050,3943,3983,2.19641E+11,55150517,3820,D,4003,3950
S*Mobarakeh Steel,20190420,3999,4020,3980,4003,2.08894E+11,52190645,4343,D,3978,4006
S*Mobarakeh Steel,20190417,3951,4010,3921,3978,1.74918E+11,43966566,3343,D,4021,3969
S*Mobarakeh Steel,20190416,4050,4062,3950,4021,3.05073E+11,75869278,6222,D,4052,3965
S*Mobarakeh Steel,20190415,3957,4095,3951,4052,3.40809E+11,84106222,5134,D,3921,4050
S*Mobarakeh Steel,20190414,3885,3959,3870,3921,1.92064E+11,48980107,3742,D,3936,3940
S*Mobarakeh Steel,20190413,4000,4000,3880,3936,2.30003E+11,58430145,5789,D,3930,3891
S*Mobarakeh Steel,20190410,3820,3943,3800,3930,7.66635E+11,195084157,9899,D,3756,3943
S*Mobarakeh Steel,20190409,3720,3798,3699,3756,3.57433E+11,95166991,5642,D,3705,3782
S*Mobarakeh Steel,20190408,3653,3761,3593,3705,2.96731E+11,80089704,5663,D,3729,3724
S*Mobarakeh Steel,20190407,3673,3770,3670,3729,1.3954E+11,37421159,2969,D,3654,3700
S*Mobarakeh Steel,20190406,3671,3683,3621,3654,85622310484,23433538,2286,D,3675,3675
S*Mobarakeh Steel,20190331,3700,3732,3611,3675,1.03487E+11,28159704,3424,D,3686,3670
S*Mobarakeh Steel,20190330,3605,3730,3605,3686,1.74935E+11,47453747,3507,D,3557,3700
S*Mobarakeh Steel,20190327,3528,3586,3500,3557,84495436538,23757584,2001,D,3497,3583
S*Mobarakeh Steel,20190326,3516,3519,3480,3497,66072878386,18896498,1693,D,3506,3519
S*Mobarakeh Steel,20190325,3530,3531,3497,3506,98603616988,28121230,1678,D,3515,3500
S*Mobarakeh Steel,20190319,3497,3541,3480,3515,1.66705E+11,47425139,3677,D,3478,3519
S*Mobarakeh Steel,20190318,3439,3530,3415,3478,1.56496E+11,44997647,3041,D,3429,3470
S*Mobarakeh Steel,20190317,3475,3475,3402,3429,1.41927E+11,41393814,2787,D,3466,3412
S*Mobarakeh Steel,20190316,3435,3496,3400,3466,1.31311E+11,37889433,3605,D,3471,3460
S*Mobarakeh Steel,20190313,3428,3525,3370,3471,2.80822E+11,80902768,5556,D,3405,3405
S*Mobarakeh Steel,20190312,3364,3444,3310,3405,1.80627E+11,53047535,3902,D,3352,3418
S*Mobarakeh Steel,20190311,3245,3366,3245,3352,4.30662E+11,128488094,6105,D,3206,3300
S*Mobarakeh Steel,20190310,3130,3282,3121,3206,2.04202E+11,63700618,3445,D,3145,3238
S*Mobarakeh Steel,20190309,3149,3160,3121,3145,83759266586,26631513,1645,D,3150,3136
S*Mobarakeh Steel,20190306,3141,3198,3136,3150,1.05115E+11,33367510,2178,D,3144,3169
S*Mobarakeh Steel,20190305,3160,3170,3110,3144,83309401623,26497564,1916,D,3167,3150
S*Mobarakeh Steel,20190304,3166,3204,3150,3167,92421960251,29182731,2183,D,3165,3152
S*Mobarakeh Steel,20190303,3158,3188,3131,3165,1.02396E+11,32356501,2392,D,3188,3167
S*Mobarakeh Steel,20190302,3268,3270,3159,3188,98685745084,30955210,2611,D,3255,3160
S*Mobarakeh Steel,20190227,3250,3294,3235,3255,97041129194,29809873,2492,D,3275,3235
S*Mobarakeh Steel,20190226,3270,3330,3230,3275,1.38036E+11,42152442,3221,D,3322,3257
S*Mobarakeh Steel,20190225,3251,3379,3251,3322,2.17811E+11,65568770,4916,D,3245,3337
S*Mobarakeh Steel,20190224,3251,3275,3180,3245,2.89518E+11,89210761,6024,D,3196,3229
S*Mobarakeh Steel,20190223,3168,3198,3148,3196,6.44157E+11,201549362,9623,D,3046,3198
S*Mobarakeh Steel,20190220,3010,3120,3010,3046,4.19457E+11,137718369,5530,D,2820,3110
S*Mobarakeh Steel,20190219,0,0,0,2820,0,0,0,D,2820,2815
S*Mobarakeh Steel,20190218,0,0,0,4888,0,0,0,D,4888,4880
S*Mobarakeh Steel,20190217,0,0,0,4888,0,0,0,D,4888,4880
S*Mobarakeh Steel,20190216,0,0,0,4888,0,0,0,D,4888,4880
S*Mobarakeh Steel,20190213,0,0,0,4888,0,0,0,D,4888,4880
S*Mobarakeh Steel,20190212,4920,4950,4866,4888,70621395284,14448155,1570,D,4906,4880
S*Mobarakeh Steel,20190210,4929,4985,4872,4906,47374937774,9657438,1179,D,4924,4875
S*Mobarakeh Steel,20190206,4950,4950,4889,4924,82181749713,16688733,1392,D,4921,4930
S*Mobarakeh Steel,20190205,4800,4980,4800,4921,1.25491E+11,25499269,2042,D,4838,4950
S*Mobarakeh Steel,20190204,4801,4900,4792,4838,56303143208,11636611,1204,D,4786,4849
S*Mobarakeh Steel,20190203,4850,4898,4726,4786,95339665849,19919186,1494,D,4863,4820
S*Mobarakeh Steel,20190202,4908,4920,4790,4863,34616117643,7118939,928,D,4891,4800
S*Mobarakeh Steel,20190130,4900,4919,4840,4891,55266083751,11298814,1771,D,4794,4865
S*Mobarakeh Steel,20190129,4720,4849,4720,4794,57053039873,11899865,1005,D,4765,4799
S*Mobarakeh Steel,20190128,4850,4874,4725,4765,49703896319,10430587,1166,D,4800,4745
S*Mobarakeh Steel,20190127,4899,4899,4733,4800,1.06131E+11,22111859,1822,D,4930,4749
S*Mobarakeh Steel,20190126,4999,4999,4880,4930,45664937591,9263104,1145,D,4982,4900
S*Mobarakeh Steel,20190123,5005,5079,4921,4982,68057542506,13660741,1465,D,4986,4930
S*Mobarakeh Steel,20190122,4995,5032,4968,4986,46788790005,9383440,1003,D,4969,4979
S*Mobarakeh Steel,20190121,5004,5100,4906,4969,1.11949E+11,22530670,1495,D,5033,4973
S*Mobarakeh Steel,20190120,5070,5103,4977,5033,75343927770,14968653,1288,D,5105,5030
S*Mobarakeh Steel,20190119,5109,5117,5087,5105,51481611130,10085060,1471,D,5104,5107
S*Mobarakeh Steel,20190116,5125,5137,5084,5104,99276962527,19451360,1604,D,5108,5110
S*Mobarakeh Steel,20190115,5033,5140,5033,5108,93699359580,18344147,1927,D,5031,5120
S*Mobarakeh Steel,20190114,5029,5083,4999,5031,68207412888,13556723,1630,D,4977,5018
S*Mobarakeh Steel,20190113,4853,5053,4853,4977,1.2193E+11,24499175,2542,D,4938,4973
S*Mobarakeh Steel,20190112,4951,4970,4889,4938,39037088716,7904697,1030,D,4945,4910
S*Mobarakeh Steel,20190109,4921,4995,4920,4945,50755837458,10264412,1215,D,4896,4940
S*Mobarakeh Steel,20190108,4810,4930,4807,4896,95663752576,19539442,1670,D,4802,4900
S*Mobarakeh Steel,20190107,4759,4899,4710,4802,77337890405,16106344,1767,D,4705,4799
S*Mobarakeh Steel,20190106,4645,4789,4645,4705,55588308815,11815119,1288,D,4704,4718
S*Mobarakeh Steel,20190105,4786,4786,4670,4704,43258222471,9196638,1187,D,4751,4670
S*Mobarakeh Steel,20190102,4715,4887,4645,4751,94576216571,19906632,1620,D,4812,4690
S*Mobarakeh Steel,20190101,4889,4897,4761,4812,52981742581,11009272,1367,D,4889,4770
S*Mobarakeh Steel,20181231,4915,4940,4830,4889,65376101772,13372959,1261,D,4929,4830
S*Mobarakeh Steel,20181230,4921,4957,4891,4929,67007936939,13595634,1442,D,4877,4900
S*Mobarakeh Steel,20181229,4804,5000,4796,4877,78865411891,16171412,1618,D,4805,4941
S*Mobarakeh Steel,20181226,4780,4880,4740,4805,1.22702E+11,25537182,1888,D,4742,4816
S*Mobarakeh Steel,20181225,4806,4848,4700,4742,66842437045,14096584,1417,D,4806,4730
S*Mobarakeh Steel,20181224,4860,4861,4755,4806,1.08782E+11,22634085,2151,D,4747,4780
S*Mobarakeh Steel,20181223,4603,4781,4602,4747,1.06113E+11,22353014,2315,D,4554,4760
S*Mobarakeh Steel,20181222,4580,4580,4540,4554,68563895269,15057314,1357,D,4545,4560
S*Mobarakeh Steel,20181219,4601,4697,4509,4545,1.29514E+11,28495309,2520,D,4746,4564
S*Mobarakeh Steel,20181218,4778,4790,4644,4746,1.12599E+11,23724471,2114,D,4763,4669
S*Mobarakeh Steel,20181217,4820,4987,4669,4763,2.11275E+11,44353159,2875,D,4914,4700
S*Mobarakeh Steel,20181216,4973,4980,4840,4914,1.03263E+11,21015445,1833,D,5026,4880
S*Mobarakeh Steel,20181215,5048,5060,4960,5026,63802733634,12695652,1241,D,5054,4982
S*Mobarakeh Steel,20181212,5000,5130,4950,5054,1.173E+11,23209204,2064,D,5143,5010
S*Mobarakeh Steel,20181211,5170,5180,5061,5143,80857144041,15722071,1206,D,5150,5072
S*Mobarakeh Steel,20181210,5152,5190,5120,5150,74834572132,14530523,1255,D,5152,5140
S*Mobarakeh Steel,20181209,5170,5240,5090,5152,88528373551,17183553,1438,D,5213,5139
S*Mobarakeh Steel,20181208,5270,5275,5145,5213,96803295185,18571155,1849,D,5270,5175
S*Mobarakeh Steel,20181205,5200,5330,5171,5270,1.06892E+11,20283154,1838,D,5255,5267
S*Mobarakeh Steel,20181204,5369,5369,5121,5255,1.7314E+11,32946474,2140,D,5285,5259
S*Mobarakeh Steel,20181203,5250,5337,5151,5285,1.1236E+11,21261740,2604,D,5084,5289
S*Mobarakeh Steel,20181202,4950,5118,4950,5084,2.23826E+11,44025493,3148,D,4875,5118
S*Mobarakeh Steel,20181201,4990,4999,4793,4875,4.76403E+11,97731978,4793,D,5045,4910
S*Mobarakeh Steel,20181128,5235,5241,4989,5045,1.96836E+11,39017983,3313,D,5241,5030
S*Mobarakeh Steel,20181127,5243,5350,5195,5241,75031932070,14317226,1885,D,5195,5220
S*Mobarakeh Steel,20181126,5135,5290,5120,5195,3.31634E+11,63842374,3768,D,5254,5200
S*Mobarakeh Steel,20181124,5409,5440,5213,5254,69257588437,13181961,974,D,5487,5213
S*Mobarakeh Steel,20181121,5471,5588,5437,5487,90631292359,16518250,1630,D,5531,5443
S*Mobarakeh Steel,20181120,5500,5599,5500,5531,69360738646,12540723,1375,D,5511,5541
S*Mobarakeh Steel,20181119,5490,5568,5447,5511,1.0121E+11,18366446,1750,D,5434,5501
S*Mobarakeh Steel,20181118,5551,5555,5369,5434,2.51225E+11,46235249,3369,D,5651,5498
S*Mobarakeh Steel,20181117,5780,5798,5515,5651,1.78199E+11,31532894,3347,D,5803,5522
S*Mobarakeh Steel,20181114,5822,5849,5754,5803,1.73647E+11,29923111,2087,D,5818,5780
S*Mobarakeh Steel,20181113,5840,5880,5769,5818,1.20956E+11,20790448,1874,D,5756,5769
S*Mobarakeh Steel,20181112,5749,5794,5733,5756,1.2434E+11,21602310,1780,D,5707,5760
S*Mobarakeh Steel,20181111,5845,5845,5602,5707,1.45197E+11,25440054,2291,D,5825,5702
S*Mobarakeh Steel,20181110,5880,5910,5752,5825,1.76235E+11,30256007,2464,D,5882,5770
S*Mobarakeh Steel,20181106,5914,5950,5850,5882,1.76719E+11,30046385,2437,D,5886,5858
S*Mobarakeh Steel,20181105,5885,5930,5855,5886,1.57892E+11,26827123,2186,D,5878,5900
S*Mobarakeh Steel,20181104,5900,5950,5805,5878,1.28534E+11,21867703,2003,D,5895,5825
S*Mobarakeh Steel,20181103,5950,5997,5816,5895,3.33978E+11,56658338,3527,D,5991,5821
S*Mobarakeh Steel,20181031,6000,6050,5920,5991,2.20188E+11,36752008,2475,D,5999,5948
S*Mobarakeh Steel,20181029,6000,6070,5957,5999,1.85797E+11,30971786,2300,D,5956,5957
S*Mobarakeh Steel,20181028,5950,5990,5936,5956,2.2534E+11,37834030,2940,D,5959,5980
S*Mobarakeh Steel,20181027,5989,6100,5880,5959,2.0945E+11,35149678,2615,D,5989,5891
S*Mobarakeh Steel,20181024,6100,6100,5902,5989,2.04151E+11,34089940,2819,D,6082,5970
S*Mobarakeh Steel,20181023,6219,6219,5990,6082,3.1626E+11,52001112,3573,D,6219,6093
S*Mobarakeh Steel,20181022,6310,6310,6100,6219,2.9639E+11,47657657,3339,D,6309,6294
S*Mobarakeh Steel,20181021,6350,6400,6227,6309,3.42998E+11,54366087,3790,D,6342,6270
S*Mobarakeh Steel,20181020,6262,6444,6261,6342,2.77752E+11,43794197,4440,D,6154,6339
S*Mobarakeh Steel,20181017,6022,6350,6000,6154,1.60865E+12,261402007,11350,D,6265,6327
S*Mobarakeh Steel,20181016,6300,6355,6196,6265,3.55934E+11,56808663,4647,D,6206,6230
S*Mobarakeh Steel,20181015,6055,6265,6055,6206,4.58708E+11,73910186,5839,D,5977,6265
S*Mobarakeh Steel,20181014,5941,6100,5920,5977,75448708127,12622487,960,D,5893,6040
S*Mobarakeh Steel,20181013,6185,6228,5839,5893,4.17107E+11,70783678,4917,D,6146,5900
S*Mobarakeh Steel,20181010,6190,6223,6079,6146,3.44337E+11,56024305,4860,D,6141,6148
S*Mobarakeh Steel,20181009,6100,6158,6051,6141,5.41308E+11,88145190,5848,D,5865,6099
S*Mobarakeh Steel,20181008,5690,6017,5690,5865,6.63576E+11,113145358,7966,D,5731,6015
S*Mobarakeh Steel,20181007,5820,5996,5697,5731,1.77979E+12,310558307,12564,D,5996,5697
S*Mobarakeh Steel,20181006,6140,6412,5833,5996,7.65166E+11,127612924,8400,D,6140,5834
S*Mobarakeh Steel,20181003,5975,6299,5975,6140,5.36799E+11,87423553,7632,D,6214,6240
S*Mobarakeh Steel,20181002,6440,6440,6206,6214,9.61653E+11,154749494,7480,D,6532,6206
S*Mobarakeh Steel,20181001,6630,6630,6202,6532,1.04917E+12,160615000,12276,D,6315,6400
S*Mobarakeh Steel,20180930,6195,6335,6149,6315,1.15079E+12,182219733,9279,D,6034,6335
S*Mobarakeh Steel,20180929,6190,6190,5921,6034,6.205E+11,102834373,9686,D,5925,6149
S*Mobarakeh Steel,20180926,5890,6021,5794,5925,6.6671E+11,112523240,8612,D,5758,5950
S*Mobarakeh Steel,20180925,5700,5793,5655,5758,4.94411E+11,85867112,6853,D,5518,5760
S*Mobarakeh Steel,20180924,5407,5573,5395,5518,4.43206E+11,80321619,6015,D,5308,5572
S*Mobarakeh Steel,20180923,5221,5380,5221,5308,4.51171E+11,85003736,5711,D,5262,5360
S*Mobarakeh Steel,20180922,5240,5310,5212,5262,3.69931E+11,70299892,4932,D,5184,5240
S*Mobarakeh Steel,20180918,5140,5269,5061,5184,4.72377E+11,91126951,5112,D,5240,5210
S*Mobarakeh Steel,20180917,5310,5380,5150,5240,4.42471E+11,84434172,5944,D,5206,5179
S*Mobarakeh Steel,20180916,5250,5399,5130,5206,6.78113E+11,130244731,7185,D,5399,5299
S*Mobarakeh Steel,20180915,5589,5589,5250,5399,7.53843E+11,139633614,10958,D,5477,5290
S*Mobarakeh Steel,20180912,5373,5641,5373,5477,9.43633E+11,172289926,8199,D,5118,5451
S*Mobarakeh Steel,20180911,5050,5148,4955,5118,7.99977E+11,156318564,7516,D,4903,5148
S*Mobarakeh Steel,20180910,4780,4906,4780,4903,9.20717E+11,187787517,7285,D,4673,4906
S*Mobarakeh Steel,20180909,4600,4750,4575,4673,2.94299E+11,62982378,4499,D,4656,4749
S*Mobarakeh Steel,20180908,4641,4748,4579,4656,2.68476E+11,57656889,4239,D,4606,4616
S*Mobarakeh Steel,20180905,4610,4669,4521,4606,1.57148E+11,34121226,2363,D,4647,4660
S*Mobarakeh Steel,20180904,4690,4720,4590,4647,2.03764E+11,43853092,3246,D,4538,4600
S*Mobarakeh Steel,20180903,4490,4630,4401,4538,2.48745E+11,54814083,3428,D,4410,4630
S*Mobarakeh Steel,20180902,4530,4530,4388,4410,4.57766E+11,103793052,5395,D,4532,4464
S*Mobarakeh Steel,20180901,4610,4650,4499,4532,2.5662E+11,56622339,4044,D,4624,4510
S*Mobarakeh Steel,20180829,4681,4730,4589,4624,1.87258E+11,40495751,2753,D,4666,4600
S*Mobarakeh Steel,20180828,4770,4777,4603,4666,2.86874E+11,61480035,3975,D,4845,4670
S*Mobarakeh Steel,20180827,4880,4920,4752,4845,2.83713E+11,58561180,3918,D,4782,4830
S*Mobarakeh Steel,20180826,4600,4900,4582,4782,2.283E+11,47736849,3866,D,4678,4820
S*Mobarakeh Steel,20180825,4820,4820,4591,4678,2.59403E+11,55448842,4490,D,4785,4602
S*Mobarakeh Steel,20180821,4755,4879,4700,4785,3.20463E+11,66970452,4175,D,4885,4805
S*Mobarakeh Steel,20180820,4711,4900,4711,4885,1.19512E+12,244672211,9472,D,4667,4900
S*Mobarakeh Steel,20180819,4620,4738,4616,4667,1.57762E+11,33805601,2768,D,4522,4621
S*Mobarakeh Steel,20180818,4513,4600,4463,4522,1.93497E+11,42787696,3148,D,4524,4590
S*Mobarakeh Steel,20180815,4531,4588,4490,4524,4.18667E+11,92549493,4623,D,4645,4560
S*Mobarakeh Steel,20180814,4541,4740,4541,4645,4.75017E+11,102268210,5102,D,4536,4665
S*Mobarakeh Steel,20180813,4601,4610,4499,4536,3.16204E+11,69704298,4062,D,4672,4570
S*Mobarakeh Steel,20180812,4640,4815,4600,4672,3.15175E+11,67466162,4080,D,4623,4630
S*Mobarakeh Steel,20180811,4675,4698,4561,4623,3.31422E+11,71695309,4622,D,4720,4640
S*Mobarakeh Steel,20180808,4830,4850,4690,4720,4.24967E+11,90041745,5275,D,4836,4717
S*Mobarakeh Steel,20180807,4770,4970,4671,4836,7.60409E+11,157241306,11346,D,4851,4750
S*Mobarakeh Steel,20180806,4858,4858,4701,4851,1.95367E+12,402745783,15072,D,4627,4740
S*Mobarakeh Steel,20180805,4525,4631,4525,4627,1.20593E+12,260608113,9152,D,4411,4631
S*Mobarakeh Steel,20180804,4389,4500,4333,4411,5.14058E+11,116527538,6622,D,4438,4500
S*Mobarakeh Steel,20180801,4538,4538,4325,4438,8.53188E+11,192234557,10106,D,4412,4390
S*Mobarakeh Steel,20180731,4412,4412,4412,4412,1.36482E+11,30934240,700,D,4202,4412
S*Mobarakeh Steel,20180730,4088,4209,4051,4202,5.70391E+11,135735293,4624,D,4009,4209
S*Mobarakeh Steel,20180729,4033,4033,3910,4009,5.52793E+11,137902254,7293,D,3841,4033
S*Mobarakeh Steel,20180728,3841,3841,3830,3841,2.08103E+11,54179527,1585,D,3659,3841
S*Mobarakeh Steel,20180727,0,0,0,3659,0,0,0,D,3659,3720
S*Mobarakeh Steel,20180726,0,0,0,3659,0,0,0,D,3659,3720
S*Mobarakeh Steel,20180725,3600,3745,3591,3659,2.1195E+11,57927106,3022,D,3603,3720
S*Mobarakeh Steel,20180724,3638,3660,3560,3603,1.31305E+11,36442057,1983,D,3629,3598
S*Mobarakeh Steel,20180723,3641,3649,3601,3629,1.68607E+11,46456843,1906,D,3540,3620
S*Mobarakeh Steel,20180722,0,0,0,3790,0,0,0,D,3790,3792
S*Mobarakeh Steel,20180721,0,0,0,3790,0,0,0,D,3790,3792
S*Mobarakeh Steel,20180718,0,0,0,3790,0,0,0,D,3790,3792
S*Mobarakeh Steel,20180717,3820,3820,3770,3790,2.2488E+11,59328181,3354,D,3820,3792
S*Mobarakeh Steel,20180716,3814,3880,3801,3820,91306678600,23900477,1830,D,3807,3801
S*Mobarakeh Steel,20180715,3810,3845,3770,3807,1.10109E+11,28922585,1773,D,3836,3844
S*Mobarakeh Steel,20180714,3930,3938,3797,3836,1.57136E+11,40962049,2723,D,3919,3800
S*Mobarakeh Steel,20180711,3965,3968,3871,3919,1.70959E+11,43621201,3346,D,4001,3900
S*Mobarakeh Steel,20180710,4000,4100,3972,4001,2.11594E+11,52885260,2598,D,3964,3980
S*Mobarakeh Steel,20180708,3980,3991,3948,3964,1.00202E+11,25279568,1602,D,3994,3962
S*Mobarakeh Steel,20180707,4097,4097,3943,3994,2.20247E+11,55146314,2598,D,4129,3950
S*Mobarakeh Steel,20180704,4200,4210,4011,4129,2.36859E+11,57360799,3336,D,4131,4090
S*Mobarakeh Steel,20180703,4040,4161,4003,4131,3.73526E+11,90416960,4665,D,3963,4143
S*Mobarakeh Steel,20180702,3851,4019,3851,3963,2.43324E+11,61392817,3213,D,3855,3998
S*Mobarakeh Steel,20180701,3940,3980,3828,3855,4.80047E+11,124521862,5353,D,4029,3850
S*Mobarakeh Steel,20180630,4035,4145,3911,4029,3.95621E+11,98181934,5121,D,4028,3976
S*Mobarakeh Steel,20180627,4200,4249,3984,4028,6.96612E+11,172942555,6826,D,4193,3985
S*Mobarakeh Steel,20180626,4270,4299,4073,4193,4.61116E+11,109984278,6138,D,4286,4170
S*Mobarakeh Steel,20180625,4200,4288,4195,4286,1.34775E+12,314465711,11974,D,4084,4288
S*Mobarakeh Steel,20180624,3960,4096,3960,4084,8.73649E+11,213915020,9509,D,3901,4094
S*Mobarakeh Steel,20180623,3900,3983,3831,3901,2.37561E+11,60903357,3370,D,3916,3962
S*Mobarakeh Steel,20180620,4003,4003,3855,3916,3.35674E+11,85715572,4135,D,3835,3880
S*Mobarakeh Steel,20180619,3700,3912,3650,3835,2.81598E+11,73433191,3736,D,3726,3912
S*Mobarakeh Steel,20180618,3750,3777,3660,3726,6.17123E+11,165621502,7669,D,3598,3670
S*Mobarakeh Steel,20180617,3598,3598,3521,3598,7.24824E+11,201455433,5592,D,3427,3598
S*Mobarakeh Steel,20180613,3351,3429,3351,3427,4.51157E+11,131646682,3830,D,3266,3429
S*Mobarakeh Steel,20180612,3196,3320,3185,3266,1.172E+11,35889978,1973,D,3182,3320
S*Mobarakeh Steel,20180611,3190,3196,3152,3182,93231062411,29303794,1427,D,3195,3193
S*Mobarakeh Steel,20180610,3229,3239,3165,3195,1.18421E+11,37066828,1982,D,3241,3165
S*Mobarakeh Steel,20180609,3255,3268,3222,3241,49029426855,15127234,1171,D,3221,3235
S*Mobarakeh Steel,20180603,3198,3253,3180,3221,86017025740,26701381,2009,D,3191,3250
S*Mobarakeh Steel,20180602,3152,3220,3152,3191,1.4894E+11,46675306,2532,D,3114,3189
S*Mobarakeh Steel,20180530,3069,3155,3060,3114,2.20927E+11,70955603,3487,D,3062,3155
S*Mobarakeh Steel,20180529,3062,3071,3051,3062,57373026749,18736708,1248,D,3051,3060
S*Mobarakeh Steel,20180528,3047,3083,3035,3051,97963798370,32109161,1800,D,3047,3045
S*Mobarakeh Steel,20180527,3077,3077,3026,3047,1.06534E+11,34966579,2069,D,3059,3049
S*Mobarakeh Steel,20180526,2990,3095,2982,3059,2.77516E+11,90732912,4534,D,2948,3070
S*Mobarakeh Steel,20180523,2911,2969,2911,2948,1.18021E+11,40031614,2006,D,2931,2960
S*Mobarakeh Steel,20180522,2920,2958,2919,2931,65917225323,22488717,1269,D,2912,2923
S*Mobarakeh Steel,20180521,2911,2936,2896,2912,84131610450,28889926,1511,D,2888,2918
S*Mobarakeh Steel,20180520,2851,2910,2851,2888,55265983574,19134426,1176,D,2855,2910
S*Mobarakeh Steel,20180519,2850,2870,2840,2855,38682705665,13550682,762,D,2854,2855
S*Mobarakeh Steel,20180516,2860,2864,2841,2854,51076322582,17896328,766,D,2856,2858
S*Mobarakeh Steel,20180515,2866,2885,2840,2856,42067677554,14729419,896,D,2849,2849
S*Mobarakeh Steel,20180514,2824,2860,2823,2849,92885367850,32605876,1973,D,2809,2850
S*Mobarakeh Steel,20180513,2810,2823,2793,2809,95543381999,34008762,1412,D,2805,2818
S*Mobarakeh Steel,20180512,2799,2848,2778,2805,1.54265E+11,54993816,2278,D,2813,2780
S*Mobarakeh Steel,20180509,2845,2845,2741,2813,2.31984E+11,82480996,2477,D,2852,2770
S*Mobarakeh Steel,20180508,2851,2885,2812,2852,35994840446,12619088,803,D,2850,2823
S*Mobarakeh Steel,20180507,2770,2869,2770,2850,43346921906,15209253,963,D,2774,2850
S*Mobarakeh Steel,20180506,2721,2818,2721,2774,58697741597,21158893,862,D,2749,2780
S*Mobarakeh Steel,20180505,2779,2783,2716,2749,31200274719,11348083,591,D,2753,2716
S*Mobarakeh Steel,20180501,2724,2791,2716,2753,25574426464,9289806,543,D,2744,2779
S*Mobarakeh Steel,20180430,2750,2777,2725,2744,33791503490,12316400,723,D,2767,2732
S*Mobarakeh Steel,20180429,2755,2808,2745,2767,18621039243,6729069,475,D,2794,2756
S*Mobarakeh Steel,20180428,2839,2839,2760,2794,26478458403,9476921,617,D,2857,2770
S*Mobarakeh Steel,20180425,2810,2870,2810,2857,36900353998,12916078,862,D,2811,2842
S*Mobarakeh Steel,20180424,2751,2847,2751,2811,28582566700,10168338,790,D,2746,2824
S*Mobarakeh Steel,20180423,2710,2780,2705,2746,33237868904,12102022,919,D,2720,2767
S*Mobarakeh Steel,20180422,2777,2777,2709,2720,57553804620,21161331,1541,D,2765,2720
S*Mobarakeh Steel,20180421,2810,2810,2748,2765,42755440177,15460879,1212,D,2815,2755
S*Mobarakeh Steel,20180418,2815,2868,2795,2815,54670202223,19423324,942,D,2820,2800
S*Mobarakeh Steel,20180417,2800,2850,2800,2820,28189256025,9995389,665,D,2805,2811
S*Mobarakeh Steel,20180416,2854,2857,2780,2805,62147042009,22152127,1442,D,2865,2790
S*Mobarakeh Steel,20180415,2899,2900,2835,2865,22010453300,7683619,652,D,2870,2839
S*Mobarakeh Steel,20180411,2920,2920,2845,2870,59185441646,20625075,971,D,2895,2860
S*Mobarakeh Steel,20180410,2949,2949,2845,2895,92552478471,31965771,1502,D,2978,2910
S*Mobarakeh Steel,20180409,2899,3007,2855,2978,2.1404E+11,71882390,3749,D,2864,3007
S*Mobarakeh Steel,20180408,2880,2898,2820,2864,70121467957,24483397,1285,D,2905,2860
S*Mobarakeh Steel,20180407,2961,2961,2860,2905,35276781177,12142140,1046,D,2963,2875
S*Mobarakeh Steel,20180404,2980,2995,2941,2963,18975771145,6403809,651,D,2994,2950
S*Mobarakeh Steel,20180403,2972,3009,2971,2994,52254090973,17451836,1361,D,2946,2985
S*Mobarakeh Steel,20180328,2895,2962,2893,2946,80376702920,27284175,1661,D,2885,2960
S*Mobarakeh Steel,20180327,2871,2898,2869,2885,18063694991,6262255,398,D,2880,2880
S*Mobarakeh Steel,20180326,2898,2900,2867,2880,14028150601,4871709,333,D,2872,2894
S*Mobarakeh Steel,20180325,2900,2900,2850,2872,14352200501,4996777,338,D,2877,2870
S*Mobarakeh Steel,20180319,2844,2905,2828,2877,42533165101,14782742,916,D,2829,2875
S*Mobarakeh Steel,20180318,2849,2850,2819,2829,50475305226,17839730,952,D,2846,2826
S*Mobarakeh Steel,20180317,2864,2870,2834,2846,46210925745,16235924,827,D,2852,2853
S*Mobarakeh Steel,20180314,2879,2880,2834,2852,45500572277,15954051,828,D,2871,2855
S*Mobarakeh Steel,20180313,2849,2880,2843,2871,63130085501,21989200,904,D,2841,2870
S*Mobarakeh Steel,20180312,2833,2850,2818,2841,28013877995,9861803,737,D,2820,2840
S*Mobarakeh Steel,20180311,2820,2832,2803,2820,52339519726,18563047,1014,D,2850,2830
S*Mobarakeh Steel,20180310,2875,2878,2820,2850,70399229221,24699626,1195,D,2871,2822
S*Mobarakeh Steel,20180307,2870,2880,2849,2871,72737967646,25338045,1163,D,2871,2850
S*Mobarakeh Steel,20180306,2857,2900,2850,2871,43133240604,15025026,936,D,2870,2851
S*Mobarakeh Steel,20180305,2877,2886,2856,2870,42521491647,14815132,717,D,2877,2856
S*Mobarakeh Steel,20180304,2850,2900,2850,2877,45529253034,15824500,960,D,2880,2861
S*Mobarakeh Steel,20180303,2930,2930,2856,2880,58268950066,20232509,1089,D,2946,2857
S*Mobarakeh Steel,20180228,2945,2969,2925,2946,28846320318,9792666,715,D,2945,2944
S*Mobarakeh Steel,20180227,2912,2975,2912,2945,64861578516,22021266,1375,D,2889,2931
S*Mobarakeh Steel,20180226,2876,2918,2868,2889,57107971684,19768483,1309,D,2855,2900
S*Mobarakeh Steel,20180225,2846,2890,2841,2855,31938518003,11187659,785,D,2852,2853
S*Mobarakeh Steel,20180224,2875,2875,2840,2852,35760784047,12536904,978,D,2867,2845
S*Mobarakeh Steel,20180221,2899,2899,2849,2867,55055187285,19205208,1319,D,2908,2890
S*Mobarakeh Steel,20180219,2873,2940,2873,2908,31762867702,10921340,752,D,2915,2900
S*Mobarakeh Steel,20180218,2920,2960,2885,2915,47620700665,16337263,1090,D,2963,2900
S*Mobarakeh Steel,20180217,2968,2990,2915,2963,47598350982,16064570,1224,D,2988,2920
S*Mobarakeh Steel,20180214,2982,3005,2969,2988,72738414293,24340332,1444,D,2994,2993
S*Mobarakeh Steel,20180213,3011,3015,2968,2994,84039527773,28072068,1826,D,2962,2974
S*Mobarakeh Steel,20180212,0,0,0,2962,0,0,0,D,2962,2985
S*Mobarakeh Steel,20180210,0,0,0,2962,0,0,0,D,2962,2985
S*Mobarakeh Steel,20180207,2899,2989,2883,2962,1.24153E+11,41917158,2576,D,2868,2985
S*Mobarakeh Steel,20180206,2845,2897,2830,2868,94218736928,32850443,2105,D,2818,2896
S*Mobarakeh Steel,20180205,2805,2844,2782,2818,57811727103,20516541,1279,D,2801,2834
S*Mobarakeh Steel,20180204,2785,2830,2780,2801,70533256931,25181768,1513,D,2795,2795
S*Mobarakeh Steel,20180203,2840,2848,2777,2795,94968596505,33971980,2434,D,2855,2789
S*Mobarakeh Steel,20180131,2851,2894,2842,2855,49138434871,17209294,1215,D,2878,2849
S*Mobarakeh Steel,20180130,2881,2904,2851,2878,60497516479,21020330,1319,D,2879,2851
S*Mobarakeh Steel,20180129,2890,2900,2860,2879,68901273911,23928711,1718,D,2905,2867
S*Mobarakeh Steel,20180128,2910,2934,2891,2905,78977970243,27187774,1529,D,2906,2894
S*Mobarakeh Steel,20180127,2964,2964,2890,2906,1.20923E+11,41606913,2553,D,2998,2918
S*Mobarakeh Steel,20180124,3012,3047,2950,2998,1.15262E+11,38447670,1999,D,2985,2950
S*Mobarakeh Steel,20180123,2985,3010,2970,2985,51127531954,17127052,1085,D,2985,3010
S*Mobarakeh Steel,20180122,2973,3025,2968,2985,46175440433,15470465,1125,D,2977,2982
S*Mobarakeh Steel,20180121,3000,3000,2957,2977,53070906904,17826533,1370,D,3050,2975
S*Mobarakeh Steel,20180120,3090,3130,2985,3050,89522887741,29352618,2256,D,3100,3000
S*Mobarakeh Steel,20180117,3050,3137,3050,3100,1.49642E+11,48264548,2564,D,3059,3099
S*Mobarakeh Steel,20180116,3040,3080,3035,3059,1.43297E+11,46843572,2623,D,3017,3067
S*Mobarakeh Steel,20180115,3000,3035,3000,3017,1.36687E+11,45304390,2424,D,2958,3017
S*Mobarakeh Steel,20180114,2899,2999,2891,2958,2.15366E+11,72815892,3713,D,2880,2970
S*Mobarakeh Steel,20180113,2895,2917,2846,2880,63077148101,21902045,1265,D,2848,2874
S*Mobarakeh Steel,20180110,2850,2870,2834,2848,1.06417E+11,37371765,1823,D,2860,2840
S*Mobarakeh Steel,20180109,2891,2895,2851,2860,52048786054,18197832,1131,D,2890,2861
S*Mobarakeh Steel,20180108,2890,2922,2865,2890,84108777703,29104036,1397,D,2895,2871
S*Mobarakeh Steel,20180107,2950,2957,2857,2895,97331074569,33622303,2111,D,2945,2870
S*Mobarakeh Steel,20180106,2905,2976,2905,2945,88353324666,30003330,1498,D,2934,2931
S*Mobarakeh Steel,20180103,2970,2970,2913,2934,59818464932,20388813,1261,D,2956,2950
S*Mobarakeh Steel,20180102,2980,2990,2924,2956,1.39153E+11,47074830,2137,D,2964,2940
S*Mobarakeh Steel,20180101,2963,3014,2943,2964,1.23375E+11,41629722,2296,D,2943,2965
S*Mobarakeh Steel,20171231,2950,3005,2850,2943,5.0134E+11,170346099,7363,D,3000,3001
S*Mobarakeh Steel,20171230,3000,3041,2911,3000,2.17755E+11,72586869,3269,D,3038,2983
S*Mobarakeh Steel,20171227,3080,3087,3001,3038,1.4614E+11,48098134,2712,D,3077,3005
S*Mobarakeh Steel,20171226,3127,3129,3024,3077,1.17889E+11,38307067,2625,D,3093,3090
S*Mobarakeh Steel,20171225,3021,3124,3020,3093,2.42875E+11,78531773,3863,D,3014,3119
S*Mobarakeh Steel,20171224,3002,3034,2999,3014,80939191953,26851650,1724,D,2997,3020
S*Mobarakeh Steel,20171223,2929,3025,2929,2997,2.76617E+11,92302517,4285,D,2890,3010
S*Mobarakeh Steel,20171220,2853,2936,2852,2890,1.05023E+11,36335911,2022,D,2854,2920
S*Mobarakeh Steel,20171219,2851,2874,2848,2854,68572125585,24026270,1478,D,2871,2849
S*Mobarakeh Steel,20171218,2860,2900,2854,2871,92672185547,32281473,1612,D,2850,2860
S*Mobarakeh Steel,20171217,2900,2949,2830,2850,5.22764E+11,183433032,6246,D,2826,2869
S*Mobarakeh Steel,20171216,2840,2900,2800,2826,3.51966E+11,124551445,5033,D,2850,2898
S*Mobarakeh Steel,20171215,0,0,0,2850,0,0,0,D,2850,2800
S*Mobarakeh Steel,20171214,0,0,0,2850,0,0,0,D,2850,2800
S*Mobarakeh Steel,20171213,2900,2945,2800,2850,2.52076E+11,88434887,4226,D,2886,2800
S*Mobarakeh Steel,20171212,2781,2909,2781,2886,1.62015E+11,56136860,2901,D,2771,2900
S*Mobarakeh Steel,20171211,2720,2796,2720,2771,1.33071E+11,48019020,2329,D,2732,2771
S*Mobarakeh Steel,20171210,2730,2742,2729,2732,32678843181,11960200,841,D,2738,2733
S*Mobarakeh Steel,20171209,2701,2752,2701,2738,34701128937,12672857,888,D,2699,2738
S*Mobarakeh Steel,20171205,2700,2720,2690,2699,30125114044,11162686,838,D,2701,2702
S*Mobarakeh Steel,20171204,2692,2720,2671,2701,59671662832,22092725,1293,D,2692,2710
S*Mobarakeh Steel,20171203,2712,2735,2670,2692,88524284137,32881516,1901,D,2738,2699
S*Mobarakeh Steel,20171202,2725,2765,2725,2738,50982362138,18620043,1270,D,2717,2730
S*Mobarakeh Steel,20171129,2774,2774,2691,2717,1.17675E+11,43316491,2464,D,2740,2720
S*Mobarakeh Steel,20171128,2700,2772,2681,2740,1.99338E+11,72760572,3720,D,2650,2745
S*Mobarakeh Steel,20171126,2630,2712,2572,2650,1.43132E+11,54014316,2802,D,2628,2690
S*Mobarakeh Steel,20171125,2650,2674,2598,2628,71333202839,27140064,2058,D,2592,2600
S*Mobarakeh Steel,20171122,2550,2614,2550,2592,1.03321E+11,39858499,2416,D,2525,2609
S*Mobarakeh Steel,20171121,2452,2560,2452,2525,1.41196E+11,55922640,2972,D,2450,2559
S*Mobarakeh Steel,20171120,2430,2462,2423,2450,76107221569,31069687,1705,D,2420,2460
S*Mobarakeh Steel,20171118,2407,2430,2407,2420,39322768735,16247263,1271,D,2399,2420
S*Mobarakeh Steel,20171115,2356,2420,2353,2399,97041440444,40450398,2212,D,2352,2408
S*Mobarakeh Steel,20171114,2340,2370,2333,2352,38595934294,16406770,972,D,2330,2360
S*Mobarakeh Steel,20171113,2311,2348,2311,2330,46333384243,19888384,1128,D,2288,2345
S*Mobarakeh Steel,20171112,2268,2300,2261,2288,31909077493,13946740,794,D,2283,2290
S*Mobarakeh Steel,20171111,2300,2330,2269,2283,44793110157,19620945,993,D,2309,2279
S*Mobarakeh Steel,20171108,2309,2350,2300,2309,23983876340,10386660,757,D,2310,2300
S*Mobarakeh Steel,20171107,2300,2322,2300,2310,29770688397,12887741,745,D,2304,2313
S*Mobarakeh Steel,20171106,2310,2327,2290,2304,61229855392,26571452,1294,D,2319,2307
S*Mobarakeh Steel,20171105,2321,2329,2310,2319,33581175659,14480849,946,D,2327,2313
S*Mobarakeh Steel,20171104,2307,2340,2307,2327,39463506780,16958764,1076,D,2333,2329
S*Mobarakeh Steel,20171101,2349,2349,2317,2333,51887416577,22244931,1208,D,2337,2330
S*Mobarakeh Steel,20171031,2332,2372,2299,2337,67251633510,28780922,1492,D,2351,2332
S*Mobarakeh Steel,20171030,2380,2381,2337,2351,56887509133,24200634,1837,D,2395,2340
S*Mobarakeh Steel,20171029,2426,2430,2366,2395,92624762313,38666187,2824,D,2399,2376
S*Mobarakeh Steel,20171028,2379,2420,2360,2399,1.07388E+11,44755740,3281,D,2360,2408
S*Mobarakeh Steel,20171025,2335,2380,2335,2360,63798330086,27032435,2803,D,2323,2362
S*Mobarakeh Steel,20171024,2281,2355,2279,2323,1.15784E+11,49835197,2808,D,2265,2342
S*Mobarakeh Steel,20171023,2250,2287,2203,2265,88001412234,38848602,2253,D,2274,2287
S*Mobarakeh Steel,20171022,2290,2315,2230,2274,90341222569,39722918,2654,D,2256,2230
S*Mobarakeh Steel,20171021,2240,2280,2230,2256,2.51999E+11,111715486,5064,D,2115,2270
S*Mobarakeh Steel,20171018,2111,2130,2099,2115,97871794640,46270556,2318,D,2075,2126
S*Mobarakeh Steel,20171017,2037,2103,2037,2075,1.83876E+11,88615056,2852,D,2040,2100
S*Mobarakeh Steel,20171016,2011,2055,2011,2040,80464995522,39440098,1776,D,2002,2048
S*Mobarakeh Steel,20171015,1988,2012,1985,2002,90700635383,45305402,1908,D,1988,2010
S*Mobarakeh Steel,20171014,1966,2006,1962,1988,41253749206,20750405,904,D,1939,1980
S*Mobarakeh Steel,20171011,1944,1960,1916,1939,31004354753,15988809,798,D,1938,1950
S*Mobarakeh Steel,20171010,1933,1950,1926,1938,14421987300,7441629,433,D,1914,1940
S*Mobarakeh Steel,20171009,1900,1929,1900,1914,20083019626,10491709,518,D,1907,1912
S*Mobarakeh Steel,20171008,1929,1930,1887,1907,59279374199,31080227,1322,D,1925,1905
S*Mobarakeh Steel,20171007,1936,1959,1905,1925,32558320577,16910088,817,D,1944,1906
S*Mobarakeh Steel,20171004,1942,1960,1939,1944,26562759653,13666016,865,D,1949,1942
S*Mobarakeh Steel,20171003,1945,1962,1939,1949,38555290802,19784431,836,D,1956,1950
S*Mobarakeh Steel,20171002,1994,1999,1945,1956,40999682941,20957984,995,D,1975,1950
S*Mobarakeh Steel,20170927,1966,1998,1956,1975,41954023374,21247509,1995,D,1961,1998
S*Mobarakeh Steel,20170926,1959,1969,1956,1961,30502658284,15552918,1137,D,1967,1960
S*Mobarakeh Steel,20170925,1978,1985,1956,1967,38306679905,19469986,1343,D,1979,1970
S*Mobarakeh Steel,20170924,2004,2010,1961,1979,32559800793,16453193,922,D,1997,1973
S*Mobarakeh Steel,20170923,2016,2016,1985,1997,51690110502,25885423,1337,D,2035,2000
S*Mobarakeh Steel,20170920,2020,2048,2020,2035,73808676885,36264921,1683,D,2019,2035
S*Mobarakeh Steel,20170919,1980,2034,1980,2019,75829959657,37552672,1845,D,1965,2019
S*Mobarakeh Steel,20170918,1907,2000,1907,1965,59939671515,30503244,1537,D,1921,1983
S*Mobarakeh Steel,20170917,1900,1938,1900,1921,24226745366,12609609,803,D,1906,1929
S*Mobarakeh Steel,20170916,1918,1943,1900,1906,48435724365,25413420,1042,D,1916,1900
S*Mobarakeh Steel,20170913,1910,1946,1900,1916,77857932200,40641068,1479,D,1918,1940
S*Mobarakeh Steel,20170912,1900,1933,1900,1918,27983427061,14588444,900,D,1903,1922
S*Mobarakeh Steel,20170911,1888,1923,1870,1903,51735723491,27180535,1291,D,1881,1910
S*Mobarakeh Steel,20170910,1876,1900,1861,1881,21572692301,11471433,866,D,1916,1883
S*Mobarakeh Steel,20170906,1909,1943,1897,1916,21071463615,10995856,643,D,1928,1924
S*Mobarakeh Steel,20170905,1900,1952,1900,1928,27478651526,14255174,991,D,1900,1923
S*Mobarakeh Steel,20170904,1860,1930,1860,1900,29018861774,15274811,1808,D,1876,1898
S*Mobarakeh Steel,20170903,1898,1908,1864,1876,17358142699,9253296,1286,D,1892,1877
S*Mobarakeh Steel,20170902,1919,1919,1869,1892,23613058696,12482740,2213,D,1914,1880
S*Mobarakeh Steel,20170830,1957,1965,1881,1914,54862007729,28666469,1965,D,1960,1900
S*Mobarakeh Steel,20170829,1916,1982,1916,1960,1.93101E+11,98542716,5151,D,1890,1940
S*Mobarakeh Steel,20170828,1875,1912,1856,1890,65078656170,34431612,2160,D,1867,1910
S*Mobarakeh Steel,20170827,1879,1879,1857,1867,32998117324,17674886,2079,D,1874,1873
S*Mobarakeh Steel,20170826,1835,1910,1823,1874,94087950622,50203913,3270,D,1825,1870
S*Mobarakeh Steel,20170823,1840,1840,1816,1825,59043497000,32351336,2195,D,1821,1827
S*Mobarakeh Steel,20170822,1805,1860,1800,1821,68603780221,37676155,2670,D,1796,1819
S*Mobarakeh Steel,20170821,1798,1809,1787,1796,46867420072,26090115,2047,D,1790,1791
S*Mobarakeh Steel,20170820,1780,1800,1773,1790,25026964787,13978955,1716,D,1796,1794
S*Mobarakeh Steel,20170819,1786,1810,1780,1796,46222179001,25739060,1711,D,1775,1791
S*Mobarakeh Steel,20170816,1780,1790,1767,1775,25032454913,14102512,1626,D,1778,1775
S*Mobarakeh Steel,20170815,1800,1801,1760,1778,46384269752,26089712,2495,D,1800,1770
S*Mobarakeh Steel,20170814,1780,1810,1766,1800,93557141243,51978081,2180,D,1796,1805
S*Mobarakeh Steel,20170813,1762,1815,1762,1796,47717727886,26572950,1977,D,1778,1779
S*Mobarakeh Steel,20170812,1777,1802,1751,1778,53784975090,30246469,2182,D,1750,1800
S*Mobarakeh Steel,20170809,1700,1769,1700,1750,1.55941E+11,89115078,4305,D,1685,1763
S*Mobarakeh Steel,20170808,1690,1700,1673,1685,47071134059,27933850,2365,D,1680,1700
S*Mobarakeh Steel,20170807,1677,1692,1671,1680,45465017656,27063210,2240,D,1672,1681
S*Mobarakeh Steel,20170806,1695,1695,1655,1672,39842264518,23831412,3192,D,1692,1660
S*Mobarakeh Steel,20170802,1700,1701,1683,1692,37730083651,22294532,1643,D,1700,1689
S*Mobarakeh Steel,20170801,1716,1716,1690,1700,60067237873,35333955,2841,D,1693,1700
S*Mobarakeh Steel,20170731,1652,1714,1652,1693,74207659484,43822176,2669,D,1662,1690
S*Mobarakeh Steel,20170730,1642,1680,1642,1662,30796053471,18527808,1588,D,1644,1656
S*Mobarakeh Steel,20170729,1670,1670,1617,1644,27956646165,17008431,1165,D,1681,1651
S*Mobarakeh Steel,20170726,1634,1710,1634,1681,1.47649E+11,87808056,3547,D,1629,1650
S*Mobarakeh Steel,20170725,1619,1638,1614,1629,81340381281,49937327,2700,D,1617,1630
S*Mobarakeh Steel,20170724,1600,1643,1584,1617,1.61131E+11,99618612,5346,D,1602,1625
S*Mobarakeh Steel,20170723,1635,1635,1580,1602,2.15982E+11,134810511,3982,D,1483,1602
S*Mobarakeh Steel,20170722,0,0,0,1583,0,0,0,D,1583,1619
S*Mobarakeh Steel,20170719,0,0,0,1583,0,0,0,D,1583,1619
S*Mobarakeh Steel,20170718,0,0,0,1583,0,0,0,D,1583,1619
S*Mobarakeh Steel,20170717,1541,1621,1529,1583,1.81759E+11,114850435,4405,D,1544,1619
S*Mobarakeh Steel,20170716,1532,1551,1531,1544,39118560177,25342052,1136,D,1531,1543
S*Mobarakeh Steel,20170715,1507,1544,1507,1531,60195988262,39327013,1443,D,1509,1529
S*Mobarakeh Steel,20170712,1485,1521,1485,1509,22267662769,14755660,694,D,1504,1518
S*Mobarakeh Steel,20170711,1502,1521,1496,1504,33877417208,22519882,1050,D,1508,1497
S*Mobarakeh Steel,20170710,1449,1522,1445,1508,92963545569,61655018,2426,D,1450,1520
S*Mobarakeh Steel,20170709,1447,1453,1445,1450,31441029157,21690765,919,D,1445,1450
S*Mobarakeh Steel,20170708,1449,1450,1439,1445,21503661520,14878854,640,D,1443,1446
S*Mobarakeh Steel,20170705,1430,1455,1430,1443,18376592978,12735686,563,D,1436,1443
S*Mobarakeh Steel,20170704,1421,1446,1421,1436,13996747880,9747544,458,D,1432,1433
S*Mobarakeh Steel,20170703,1422,1446,1421,1432,12544517576,8757442,442,D,1439,1432
S*Mobarakeh Steel,20170702,1435,1459,1418,1439,24787150844,17224346,745,D,1448,1418
S*Mobarakeh Steel,20170701,1441,1457,1439,1448,28947802124,19991212,991,D,1437,1440
S*Mobarakeh Steel,20170628,1411,1454,1411,1437,14731731501,10254788,673,D,1404,1432
S*Mobarakeh Steel,20170625,1400,1417,1399,1404,22574008521,16083557,755,D,1377,1417
S*Mobarakeh Steel,20170624,0,0,0,1377,0,0,0,D,1377,1363
S*Mobarakeh Steel,20170621,0,0,0,1377,0,0,0,D,1377,1363
S*Mobarakeh Steel,20170620,0,0,0,1377,0,0,0,D,1377,1363
S*Mobarakeh Steel,20170619,0,0,0,1377,0,0,0,D,1377,1363
S*Mobarakeh Steel,20170618,1377,1396,1360,1377,23323376765,16935760,574,D,1376,1363
S*Mobarakeh Steel,20170617,1398,1400,1360,1376,9699627141,7050920,345,D,1396,1361
S*Mobarakeh Steel,20170614,1377,1400,1377,1396,2578354962,1853264,134,D,1397,1383
S*Mobarakeh Steel,20170613,1384,1399,1376,1397,3591215207,2586039,172,D,1401,1381
S*Mobarakeh Steel,20170612,1389,1400,1385,1401,2248556484,1616187,126,D,1404,1386
S*Mobarakeh Steel,20170611,1407,1409,1387,1404,13925758766,9921404,569,D,1395,1395
S*Mobarakeh Steel,20170610,1395,1409,1388,1395,9409265409,6741977,381,D,1388,1407
S*Mobarakeh Steel,20170607,1410,1410,1361,1388,6248529022,4522419,318,D,1400,1390
S*Mobarakeh Steel,20170606,1400,1418,1380,1400,13672989029,9767260,543,D,1400,1415
S*Mobarakeh Steel,20170603,1390,1396,1384,1400,5542262514,3994494,280,D,1416,1388
S*Mobarakeh Steel,20170531,1400,1428,1388,1416,36464261031,25747128,1007,D,1414,1389
S*Mobarakeh Steel,20170530,1385,1430,1385,1414,27353466466,19349853,989,D,1409,1400
S*Mobarakeh Steel,20170529,1390,1419,1390,1409,13983998883,9921926,617,D,1405,1392
S*Mobarakeh Steel,20170528,1380,1415,1380,1405,10926132238,7776437,492,D,1395,1390
S*Mobarakeh Steel,20170527,1385,1416,1380,1395,12818598985,9190499,580,D,1381,1385
S*Mobarakeh Steel,20170524,1374,1398,1355,1381,20194191969,14617656,809,D,1370,1390
S*Mobarakeh Steel,20170523,1351,1381,1348,1370,13942406221,10180590,535,D,1366,1355
S*Mobarakeh Steel,20170522,1365,1371,1351,1366,12464288572,9123709,487,D,1363,1360
S*Mobarakeh Steel,20170521,1361,1377,1345,1363,10443033201,7663949,417,D,1350,1363
S*Mobarakeh Steel,20170520,1351,1372,1344,1350,5871055275,4345263,289,D,1349,1344
S*Mobarakeh Steel,20170517,1377,1377,1330,1349,20114793999,14906745,656,D,1361,1335
S*Mobarakeh Steel,20170516,1358,1371,1341,1361,8635284111,6343443,329,D,1361,1348
S*Mobarakeh Steel,20170515,1350,1378,1340,1361,13664786595,10043116,525,D,1364,1345
S*Mobarakeh Steel,20170514,1352,1373,1346,1364,13359282666,9796974,462,D,1366,1351
S*Mobarakeh Steel,20170513,1352,1379,1350,1366,8373827767,6131796,352,D,1371,1353
S*Mobarakeh Steel,20170510,1360,1389,1350,1371,30803324268,22472853,1067,D,1373,1371
S*Mobarakeh Steel,20170509,1342,1380,1341,1373,19207051631,13990751,729,D,1369,1369
S*Mobarakeh Steel,20170508,1360,1380,1343,1369,14090229658,10288410,592,D,1356,1349
S*Mobarakeh Steel,20170507,1338,1370,1329,1356,23338710605,17205115,808,D,1356,1350
S*Mobarakeh Steel,20170506,1350,1375,1336,1356,5050391098,3750833,285,D,1365,1340
S*Mobarakeh Steel,20170503,1350,1380,1340,1365,11294751620,8274997,448,D,1360,1380
S*Mobarakeh Steel,20170502,1361,1363,1344,1360,4924576375,3642451,257,D,1367,1344
S*Mobarakeh Steel,20170501,1350,1378,1343,1367,16431868972,12023346,581,D,1355,1360
S*Mobarakeh Steel,20170430,1342,1380,1333,1355,14139648476,10434448,489,D,1360,1350
S*Mobarakeh Steel,20170429,1360,1372,1341,1360,25111012716,18461688,888,D,1343,1350
S*Mobarakeh Steel,20170426,1348,1358,1329,1343,11596314275,8636685,508,D,1344,1355
S*Mobarakeh Steel,20170424,1339,1360,1318,1344,16023773383,11922528,629,D,1323,1325
S*Mobarakeh Steel,20170423,1329,1335,1318,1323,12893012683,9746180,592,D,1335,1335
S*Mobarakeh Steel,20170422,1336,1348,1329,1335,13152772375,9855281,649,D,1354,1332
S*Mobarakeh Steel,20170419,1317,1386,1317,1354,31828793624,23501677,1191,D,1330,1333
S*Mobarakeh Steel,20170418,1350,1352,1313,1330,43370377446,32620987,1487,D,1333,1313
S*Mobarakeh Steel,20170417,1319,1365,1311,1333,21772666855,16338905,888,D,1331,1330
S*Mobarakeh Steel,20170416,1320,1353,1320,1331,81118159278,60936003,2863,D,1331,1320
S*Mobarakeh Steel,20170415,1360,1371,1319,1331,1.36293E+11,102363933,3836,D,1349,1338
S*Mobarakeh Steel,20170412,1390,1390,1330,1349,48789942915,36179735,1749,D,1373,1340
S*Mobarakeh Steel,20170410,1389,1390,1365,1373,22394260971,16309268,935,D,1390,1365
S*Mobarakeh Steel,20170409,1381,1400,1381,1390,13885522198,9990092,509,D,1398,1388
S*Mobarakeh Steel,20170408,1390,1407,1385,1398,15432172968,11042275,573,D,1402,1385
S*Mobarakeh Steel,20170405,1408,1418,1396,1402,9231310341,6588089,365,D,1409,1400
S*Mobarakeh Steel,20170404,1407,1420,1390,1409,11932997839,8468208,551,D,1406,1400
S*Mobarakeh Steel,20170403,1412,1412,1394,1406,3977006737,2837101,311,D,1409,1396
S*Mobarakeh Steel,20170329,1410,1420,1393,1409,3893009951,2758171,250,D,1408,1410
S*Mobarakeh Steel,20170328,1410,1419,1393,1408,4677752724,3323272,230,D,1409,1407
S*Mobarakeh Steel,20170327,1410,1420,1389,1409,8493586422,6028539,400,D,1408,1410
S*Mobarakeh Steel,20170326,1400,1420,1385,1408,7855841886,5580798,348,D,1408,1404
S*Mobarakeh Steel,20170325,1427,1427,1393,1408,3117468291,2215304,200,D,1409,1412
S*Mobarakeh Steel,20170318,1394,1430,1388,1409,11196153484,7948662,312,D,1373,1409
S*Mobarakeh Steel,20170315,0,0,0,1373,0,0,0,D,1373,1360
S*Mobarakeh Steel,20170314,0,0,0,1373,0,0,0,D,1373,1360
S*Mobarakeh Steel,20170313,1372,1399,1351,1373,28105790476,20466463,926,D,1385,1360
S*Mobarakeh Steel,20170312,1395,1400,1369,1385,25970711472,18750568,823,D,1394,1370
S*Mobarakeh Steel,20170311,1398,1415,1369,1394,39994679392,28690206,1165,D,1397,1369
S*Mobarakeh Steel,20170308,1398,1418,1382,1397,10896433357,7798083,378,D,1410,1384
S*Mobarakeh Steel,20170307,1386,1420,1380,1410,32719844832,23203705,981,D,1402,1400
S*Mobarakeh Steel,20170306,1408,1420,1389,1402,15877931098,11328354,489,D,1411,1390
S*Mobarakeh Steel,20170305,1399,1428,1382,1411,18737975001,13276201,670,D,1415,1390
S*Mobarakeh Steel,20170304,1410,1429,1400,1415,21765853402,15380475,811,D,1414,1408
S*Mobarakeh Steel,20170301,1410,1420,1405,1414,26953557445,19061482,1030,D,1412,1414
S*Mobarakeh Steel,20170228,1410,1430,1407,1412,37061541843,26256400,1084,D,1418,1410
S*Mobarakeh Steel,20170227,1418,1430,1402,1418,34744161278,24506808,1090,D,1419,1410
S*Mobarakeh Steel,20170226,1420,1437,1401,1419,40494317959,28541559,1114,D,1419,1401
S*Mobarakeh Steel,20170225,0,0,0,1419,0,0,0,D,1419,1415
S*Mobarakeh Steel,20170222,0,0,0,1419,0,0,0,D,1419,1415
S*Mobarakeh Steel,20170221,0,0,0,1419,0,0,0,D,1419,1415
S*Mobarakeh Steel,20170220,0,0,0,1419,0,0,0,D,1419,1415
S*Mobarakeh Steel,20170219,0,0,0,1419,0,0,0,D,1419,1415
S*Mobarakeh Steel,20170218,0,0,0,1419,0,0,0,D,1419,1415
S*Mobarakeh Steel,20170215,1381,1430,1380,1419,18121603029,12774958,811,D,1395,1415
S*Mobarakeh Steel,20170214,1364,1415,1363,1395,27057531681,19396246,1010,D,1387,1389
S*Mobarakeh Steel,20170213,1375,1400,1369,1387,18712050048,13491339,676,D,1388,1370
S*Mobarakeh Steel,20170212,1365,1400,1353,1388,25407521685,18302752,837,D,1367,1387
S*Mobarakeh Steel,20170211,1380,1401,1352,1367,18833378926,13775716,674,D,1379,1367
S*Mobarakeh Steel,20170208,1356,1398,1351,1379,10775107728,7812930,443,D,1363,1373
S*Mobarakeh Steel,20170207,1369,1375,1356,1363,10867178053,7971399,434,D,1370,1357
S*Mobarakeh Steel,20170206,1373,1379,1362,1370,8025018883,5858866,366,D,1373,1370
S*Mobarakeh Steel,20170205,1370,1380,1356,1373,17154623305,12495512,652,D,1370,1379
S*Mobarakeh Steel,20170204,1400,1400,1361,1370,14431202703,10537077,678,D,1406,1370
S*Mobarakeh Steel,20170201,1400,1419,1396,1406,7673041231,5461156,349,D,1409,1401
S*Mobarakeh Steel,20170131,1407,1420,1391,1409,20274637359,14385633,706,D,1408,1418
S*Mobarakeh Steel,20170130,1400,1420,1397,1408,9664119895,6864928,399,D,1404,1407
S*Mobarakeh Steel,20170129,1402,1418,1395,1404,11143433228,7936988,527,D,1418,1418
S*Mobarakeh Steel,20170128,1439,1445,1401,1418,15149832652,10687236,705,D,1440,1409
S*Mobarakeh Steel,20170125,1450,1456,1428,1440,14140558835,9821791,590,D,1454,1430
S*Mobarakeh Steel,20170124,1440,1463,1439,1454,25928810407,17837770,880,D,1458,1450
S*Mobarakeh Steel,20170123,1445,1468,1436,1458,22853671839,15673107,755,D,1459,1455
S*Mobarakeh Steel,20170122,1441,1470,1440,1459,26512577784,18173166,825,D,1461,1441
S*Mobarakeh Steel,20170121,1451,1472,1442,1461,16788051925,11491564,748,D,1458,1443
S*Mobarakeh Steel,20170118,1440,1485,1427,1458,35333284874,24228603,1251,D,1442,1451
S*Mobarakeh Steel,20170117,1448,1450,1425,1442,18748550677,13005289,684,D,1443,1450
S*Mobarakeh Steel,20170116,1421,1455,1421,1443,27506485538,19057010,927,D,1436,1436
S*Mobarakeh Steel,20170115,1420,1459,1405,1436,25072390628,17459075,1051,D,1420,1434
S*Mobarakeh Steel,20170114,1420,1433,1403,1420,13035583652,9178460,548,D,1417,1415
S*Mobarakeh Steel,20170111,1400,1431,1400,1417,24989131333,17634207,966,D,1406,1411
S*Mobarakeh Steel,20170109,1397,1420,1378,1406,19069443303,13565685,708,D,1401,1403
S*Mobarakeh Steel,20170108,1394,1420,1378,1401,22225522863,15864974,941,D,1399,1412
S*Mobarakeh Steel,20170107,1400,1410,1387,1399,21302608209,15230630,874,D,1390,1388
S*Mobarakeh Steel,20170104,1370,1399,1370,1390,14523166189,10446286,659,D,1368,1398
S*Mobarakeh Steel,20170103,1367,1385,1355,1368,13488053388,9856959,470,D,1367,1370
S*Mobarakeh Steel,20170102,1348,1397,1345,1367,23475335941,17175228,768,D,1349,1380
S*Mobarakeh Steel,20170101,1360,1360,1340,1349,12451696707,9231106,622,D,1361,1346
S*Mobarakeh Steel,20161231,1360,1377,1352,1361,11904268966,8745289,507,D,1372,1358
S*Mobarakeh Steel,20161228,1380,1382,1362,1372,16640196105,12129871,707,D,1385,1365
S*Mobarakeh Steel,20161227,1407,1409,1377,1385,22662537045,16364490,849,D,1399,1381
S*Mobarakeh Steel,20161226,1390,1411,1386,1399,30671548643,21928570,1021,D,1382,1410
S*Mobarakeh Steel,20161225,1391,1398,1377,1382,14059996569,10173483,635,D,1398,1382
S*Mobarakeh Steel,20161224,1398,1404,1385,1398,7378431819,5281105,424,D,1400,1385
S*Mobarakeh Steel,20161221,1382,1419,1382,1400,8664566802,6186715,389,D,1395,1411
S*Mobarakeh Steel,20161220,1400,1413,1384,1395,19873122646,14249311,830,D,1406,1402
S*Mobarakeh Steel,20161219,1428,1429,1391,1406,13115992114,9331849,569,D,1426,1419
S*Mobarakeh Steel,20161218,1408,1448,1404,1426,19954117372,13992421,841,D,1418,1410
S*Mobarakeh Steel,20161214,1390,1438,1382,1418,35320768868,24915880,993,D,1399,1420
S*Mobarakeh Steel,20161213,1390,1410,1390,1399,9385225752,6710011,477,D,1403,1397
S*Mobarakeh Steel,20161212,1400,1424,1385,1403,17663290233,12592333,826,D,1391,1397
S*Mobarakeh Steel,20161211,1396,1400,1378,1391,17850939274,12830063,849,D,1411,1394
S*Mobarakeh Steel,20161210,1441,1441,1399,1411,27142627528,19231114,1347,D,1448,1400
S*Mobarakeh Steel,20161207,1414,1470,1410,1448,1.01971E+11,70418126,3344,D,1439,1444
S*Mobarakeh Steel,20161206,1400,1456,1385,1439,2.34136E+11,162692651,6651,D,1387,1412
S*Mobarakeh Steel,20161205,1365,1402,1358,1387,1.17887E+11,85008765,3962,D,1347,1390
S*Mobarakeh Steel,20161204,1331,1360,1324,1347,37049070513,27511836,1273,D,1323,1345
S*Mobarakeh Steel,20161203,1327,1348,1310,1323,16053341954,12130998,851,D,1337,1331
S*Mobarakeh Steel,20161129,1307,1360,1307,1337,22214970170,16611761,996,D,1318,1360
S*Mobarakeh Steel,20161127,1329,1330,1310,1318,9525353310,7232114,368,D,1330,1320
S*Mobarakeh Steel,20161126,1320,1350,1310,1330,16357042917,12294168,692,D,1313,1312
S*Mobarakeh Steel,20161123,1319,1321,1304,1313,11447761679,8720436,569,D,1314,1305
S*Mobarakeh Steel,20161122,1311,1329,1309,1314,10422311879,7933064,526,D,1309,1320
S*Mobarakeh Steel,20161121,1320,1332,1300,1309,5980547825,4557368,365,D,1304,1309
S*Mobarakeh Steel,20161119,1300,1333,1281,1304,16589660753,12719442,782,D,1302,1328
S*Mobarakeh Steel,20161116,1310,1325,1291,1302,16414909384,12604097,727,D,1321,1291
S*Mobarakeh Steel,20161115,1342,1357,1311,1321,15394378620,11654804,694,D,1343,1316
S*Mobarakeh Steel,20161114,1344,1359,1331,1343,32089107087,23887201,1221,D,1356,1340
S*Mobarakeh Steel,20161113,1380,1380,1332,1356,30508897372,22493564,1338,D,1369,1350
S*Mobarakeh Steel,20161112,1369,1370,1352,1369,2.18734E+11,159801816,5421,D,1305,1370
S*Mobarakeh Steel,20161109,1296,1350,1288,1305,63349443788,48545271,2152,D,1355,1340
S*Mobarakeh Steel,20161108,1339,1376,1330,1355,69972615530,51644605,2172,D,1319,1369
S*Mobarakeh Steel,20161107,1295,1339,1295,1319,22356986388,16951393,1104,D,1282,1332
S*Mobarakeh Steel,20161106,1280,1297,1268,1282,9402653702,7336643,537,D,1282,1297
S*Mobarakeh Steel,20161105,1283,1300,1270,1282,8761907127,6840888,595,D,1294,1278
S*Mobarakeh Steel,20161102,1290,1302,1285,1294,8776130217,6781734,540,D,1295,1292
S*Mobarakeh Steel,20161101,1308,1315,1269,1295,27359035289,21123121,1192,D,1299,1270
S*Mobarakeh Steel,20161031,1306,1329,1286,1299,34583636094,26623243,1489,D,1310,1300
S*Mobarakeh Steel,20161030,1339,1339,1301,1310,21579350607,16473448,1332,D,1359,1310
S*Mobarakeh Steel,20161029,1326,1371,1326,1359,64119185431,47184271,2882,D,1306,1331
S*Mobarakeh Steel,20161028,0,0,0,1306,0,0,0,D,1306,1316
S*Mobarakeh Steel,20161027,0,0,0,1306,0,0,0,D,1306,1316
S*Mobarakeh Steel,20161026,1253,1316,1250,1306,1.0886E+11,83347900,3568,D,1254,1316
S*Mobarakeh Steel,20161025,1228,1280,1228,1254,35528248617,28328055,1585,D,1221,1254
S*Mobarakeh Steel,20161024,1233,1238,1211,1221,11455781214,9380587,588,D,1233,1214
S*Mobarakeh Steel,20161023,1244,1244,1212,1233,8938661228,7257243,506,D,1242,1223
S*Mobarakeh Steel,20161022,1240,1250,1227,1242,10885453538,8764455,749,D,1223,1239
S*Mobarakeh Steel,20161019,1220,1238,1210,1223,23100335936,18894200,1165,D,1211,1229
S*Mobarakeh Steel,20161018,1230,1230,1200,1211,11487501751,9484745,588,D,1221,1200
S*Mobarakeh Steel,20161017,1230,1230,1210,1221,32053926471,26259852,546,D,1218,1230
S*Mobarakeh Steel,20161016,1221,1240,1210,1218,7806620939,6427343,384,D,1231,1210
S*Mobarakeh Steel,20161015,1230,1246,1219,1231,9750944523,7919203,616,D,1219,1231
S*Mobarakeh Steel,20161012,0,0,0,1219,0,0,0,D,1219,1220
S*Mobarakeh Steel,20161010,1220,1230,1210,1219,5708076705,4682229,379,D,1220,1220
S*Mobarakeh Steel,20161009,1192,1235,1192,1220,12452653900,10204486,786,D,1193,1222
S*Mobarakeh Steel,20161008,1186,1205,1186,1193,4237630954,3542811,396,D,1191,1195
S*Mobarakeh Steel,20161005,1200,1209,1181,1191,8609918421,7236619,690,D,1197,1184
S*Mobarakeh Steel,20161004,1192,1207,1192,1197,9366464814,7824366,607,D,1194,1195
S*Mobarakeh Steel,20161003,1201,1216,1182,1194,14082167273,11797840,950,D,1212,1186
S*Mobarakeh Steel,20161002,1236,1239,1199,1212,8695156237,7191190,578,D,1240,1201
S*Mobarakeh Steel,20161001,1247,1251,1220,1240,6034242811,4871618,522,D,1242,1228
S*Mobarakeh Steel,20160928,1230,1260,1218,1242,10689073337,8603062,794,D,1222,1225
S*Mobarakeh Steel,20160927,1199,1241,1193,1222,21065262450,17237913,1143,D,1191,1231
S*Mobarakeh Steel,20160926,1186,1194,1185,1191,5899840726,4962365,388,D,1195,1193
S*Mobarakeh Steel,20160925,1202,1207,1184,1195,7933661140,6641359,624,D,1196,1184
S*Mobarakeh Steel,20160924,1190,1207,1190,1196,7730282144,6439227,572,D,1183,1201
S*Mobarakeh Steel,20160921,1185,1196,1180,1183,5729125990,4834792,448,D,1181,1188
S*Mobarakeh Steel,20160919,1174,1191,1174,1181,3096623355,2619738,274,D,1180,1182
S*Mobarakeh Steel,20160918,1181,1195,1175,1180,13199026733,11182391,649,D,1188,1175
S*Mobarakeh Steel,20160917,1182,1199,1180,1188,4671336062,3951666,324,D,1194,1185
S*Mobarakeh Steel,20160914,1181,1210,1180,1194,7999853109,6708450,420,D,1198,1190
S*Mobarakeh Steel,20160913,1193,1204,1185,1198,4101052188,3438521,251,D,1201,1185
S*Mobarakeh Steel,20160911,1212,1212,1189,1201,4083140910,3412007,321,D,1204,1196
S*Mobarakeh Steel,20160910,1200,1214,1181,1204,13840996798,11499595,576,D,1192,1200
S*Mobarakeh Steel,20160907,1190,1201,1189,1192,5366180474,4495904,374,D,1191,1201
S*Mobarakeh Steel,20160906,1198,1198,1182,1191,4629379005,3889842,400,D,1191,1188
S*Mobarakeh Steel,20160905,1198,1199,1187,1191,29739982164,24969211,933,D,1187,1190
S*Mobarakeh Steel,20160904,1210,1210,1177,1187,8731285845,7371136,530,D,1209,1181
S*Mobarakeh Steel,20160903,1220,1238,1194,1209,10057012560,8319975,490,D,1231,1200
S*Mobarakeh Steel,20160831,1250,1250,1216,1231,6873394951,5601965,343,D,1241,1216
S*Mobarakeh Steel,20160830,1240,1250,1213,1241,9428110056,7591622,459,D,1225,1249
S*Mobarakeh Steel,20160829,1201,1246,1200,1225,15355313240,12536296,654,D,1214,1222
S*Mobarakeh Steel,20160828,1249,1249,1200,1214,17223546199,14190313,946,D,1249,1215
S*Mobarakeh Steel,20160827,1262,1263,1242,1249,12651746529,10128196,560,D,1280,1250
S*Mobarakeh Steel,20160824,1260,1290,1259,1280,25439567385,19877898,514,D,1270,1260
S*Mobarakeh Steel,20160823,1261,1285,1260,1270,9652166731,7601229,459,D,1277,1261
S*Mobarakeh Steel,20160822,1288,1288,1261,1277,6304152357,4971680,468,D,1294,1265
S*Mobarakeh Steel,20160821,1285,1307,1260,1294,28229966247,21814619,612,D,1295,1285
S*Mobarakeh Steel,20160820,1290,1296,1282,1295,4575705403,3557084,347,D,1302,1286
S*Mobarakeh Steel,20160817,1299,1310,1287,1302,4693684109,3623463,314,D,1308,1300
S*Mobarakeh Steel,20160816,1290,1329,1280,1308,18229485277,13937942,688,D,1299,1328
S*Mobarakeh Steel,20160815,1301,1310,1290,1299,8631998734,6653039,458,D,1309,1294
S*Mobarakeh Steel,20160814,1311,1320,1300,1309,6659930673,5097859,532,D,1314,1302
S*Mobarakeh Steel,20160813,1319,1344,1296,1314,34319613025,26114978,1174,D,1319,1300
S*Mobarakeh Steel,20160810,1340,1345,1308,1319,11140249643,8444785,735,D,1341,1312
S*Mobarakeh Steel,20160809,1337,1350,1330,1341,10972947852,8180324,591,D,1327,1331
S*Mobarakeh Steel,20160808,1347,1347,1317,1327,9979654897,7519416,582,D,1360,1330
S*Mobarakeh Steel,20160807,1370,1407,1337,1360,71158512493,52320497,1784,D,1360,1337
S*Mobarakeh Steel,20160806,1305,1384,1300,1360,1.43071E+11,105234217,5101,D,1319,1369
S*Mobarakeh Steel,20160803,1328,1338,1299,1319,17748020854,13460560,748,D,1314,1302
S*Mobarakeh Steel,20160802,1311,1330,1301,1314,40471606211,30806589,1614,D,1307,1310
S*Mobarakeh Steel,20160801,1308,1312,1278,1307,76683977598,58668233,837,D,1321,1280
S*Mobarakeh Steel,20160731,1297,1355,1297,1321,90074583928,68178685,3150,D,1320,1314
S*Mobarakeh Steel,20160727,1358,1358,1282,1320,78832915504,59720502,1486,D,1303,1286
S*Mobarakeh Steel,20160726,1278,1329,1271,1303,30446307644,23357926,1402,D,1325,1286
S*Mobarakeh Steel,20160725,1340,1367,1289,1325,43815144015,33079683,1895,D,1316,1318
S*Mobarakeh Steel,20160724,1269,1327,1269,1316,1.26681E+11,96241850,3854,D,1264,1327
S*Mobarakeh Steel,20160723,1260,1272,1253,1264,8643956614,6839933,256,D,1212,1264
S*Mobarakeh Steel,20160720,0,0,0,1262,0,0,0,D,1262,1270
S*Mobarakeh Steel,20160719,0,0,0,1262,0,0,0,D,1262,1270
S*Mobarakeh Steel,20160718,0,0,0,1262,0,0,0,D,1262,1270
S*Mobarakeh Steel,20160717,1240,1290,1229,1262,69430455075,55033316,2298,D,1236,1270
S*Mobarakeh Steel,20160716,1207,1251,1201,1236,40431667735,32713966,1688,D,1223,1241
S*Mobarakeh Steel,20160713,1210,1237,1190,1223,37467265403,30630656,838,D,1225,1210
S*Mobarakeh Steel,20160712,1200,1237,1195,1225,30996839711,25296180,587,D,1225,1196
S*Mobarakeh Steel,20160711,1203,1241,1189,1225,33482135505,27328910,692,D,1229,1200
S*Mobarakeh Steel,20160710,1196,1250,1186,1229,31731488759,25817150,754,D,1210,1199
S*Mobarakeh Steel,20160709,1234,1244,1185,1210,17486387781,14452276,1023,D,1231,1190
S*Mobarakeh Steel,20160705,1215,1243,1201,1231,6651463437,5437415,381,D,1247,1216
S*Mobarakeh Steel,20160704,1234,1267,1200,1247,34148331752,27391202,847,D,1243,1208
S*Mobarakeh Steel,20160703,1251,1251,1231,1243,10492232681,8441623,618,D,1246,1231
S*Mobarakeh Steel,20160702,1235,1263,1230,1246,24307894556,19512994,1263,D,1242,1250
S*Mobarakeh Steel,20160629,1245,1259,1200,1242,51077063086,41121366,850,D,1250,1224
S*Mobarakeh Steel,20160628,1221,1272,1220,1250,94812248428,75842801,1631,D,1212,1234
S*Mobarakeh Steel,20160626,1208,1228,1170,1212,34776500545,28698079,1021,D,1201,1200
S*Mobarakeh Steel,20160625,1207,1210,1173,1201,30002891358,24972912,882,D,1199,1191
S*Mobarakeh Steel,20160622,1189,1209,1180,1199,12679749540,10573181,597,D,1152,1209
S*Mobarakeh Steel,20160621,1137,1189,1123,1152,37780998289,32791859,1554,D,1139,1189
S*Mobarakeh Steel,20160620,1123,1148,1120,1139,7103515917,6280591,492,D,1163,1130
S*Mobarakeh Steel,20160619,1136,1177,1121,1163,23552739397,20255593,683,D,1154,1135
S*Mobarakeh Steel,20160618,1180,1188,1136,1154,10119754586,8767860,826,D,1174,1136
S*Mobarakeh Steel,20160615,1166,1187,1161,1174,9753416957,8310160,584,D,1200,1170
S*Mobarakeh Steel,20160614,1175,1212,1150,1200,49644722732,41357481,899,D,1200,1171
S*Mobarakeh Steel,20160613,1182,1214,1160,1200,30721563101,25602779,678,D,1191,1185
S*Mobarakeh Steel,20160612,1185,1217,1158,1191,37001142235,31067939,1125,D,1184,1186
S*Mobarakeh Steel,20160611,1221,1232,1174,1184,20069108126,16945926,1335,D,1235,1177
S*Mobarakeh Steel,20160608,1230,1258,1206,1235,35037557134,28375943,1230,D,1230,1213
S*Mobarakeh Steel,20160607,1249,1249,1222,1230,9518280716,7738041,662,D,1241,1230
S*Mobarakeh Steel,20160606,1241,1250,1230,1241,10238703160,8250318,816,D,1264,1242
S*Mobarakeh Steel,20160605,1250,1269,1250,1264,29371091877,23243383,834,D,1251,1250
S*Mobarakeh Steel,20160601,1249,1269,1244,1251,17093844000,13666639,940,D,1252,1257
S*Mobarakeh Steel,20160531,1262,1267,1241,1252,12567340965,10036850,681,D,1270,1241
S*Mobarakeh Steel,20160530,1260,1280,1255,1270,11209135494,8824486,693,D,1272,1268
S*Mobarakeh Steel,20160529,1284,1294,1249,1272,60273749997,47400052,2096,D,1282,1251
S*Mobarakeh Steel,20160528,1300,1301,1269,1282,14100974189,11001557,1024,D,1300,1271
S*Mobarakeh Steel,20160525,1285,1318,1273,1300,42107703423,32397855,1401,D,1280,1287
S*Mobarakeh Steel,20160524,1285,1289,1272,1280,23134567134,18077060,1250,D,1293,1273
S*Mobarakeh Steel,20160523,1300,1300,1282,1293,39299249191,30400682,1460,D,1301,1285
S*Mobarakeh Steel,20160521,1320,1328,1288,1301,24195790075,18595133,1446,D,1315,1300
S*Mobarakeh Steel,20160518,1292,1344,1292,1315,36569357877,27798861,1971,D,1291,1303
S*Mobarakeh Steel,20160517,1277,1313,1275,1291,47487298916,36796283,1767,D,1302,1280
S*Mobarakeh Steel,20160516,1300,1318,1275,1302,73483700394,56450414,2362,D,1303,1281
S*Mobarakeh Steel,20160515,1310,1333,1290,1303,48133358520,36946392,2304,D,1329,1299
S*Mobarakeh Steel,20160514,1319,1355,1312,1329,20162508784,15174689,1232,D,1331,1321
S*Mobarakeh Steel,20160511,1330,1363,1286,1331,52784295287,39672408,1591,D,1340,1310
S*Mobarakeh Steel,20160510,1311,1376,1292,1340,61719409333,46056840,1998,D,1336,1319
S*Mobarakeh Steel,20160509,1332,1369,1318,1336,27094842816,20285302,1382,D,1351,1320
S*Mobarakeh Steel,20160508,1334,1389,1317,1351,46396707958,34333310,1441,D,1360,1320
S*Mobarakeh Steel,20160507,1369,1389,1310,1360,51822305096,38099855,1698,D,1359,1340
S*Mobarakeh Steel,20160504,1356,1404,1318,1359,77240012606,56848538,2476,D,1377,1330
S*Mobarakeh Steel,20160503,1400,1400,1356,1377,21972373410,15961836,1239,D,1385,1357
S*Mobarakeh Steel,20160502,1380,1408,1369,1385,50363796041,36373070,2087,D,1381,1382
S*Mobarakeh Steel,20160501,1400,1400,1369,1381,15712618073,11381171,1142,D,1408,1378
S*Mobarakeh Steel,20160430,1400,1432,1390,1408,27258601525,19363889,1224,D,1403,1397
S*Mobarakeh Steel,20160427,1429,1429,1381,1403,25062282622,17858226,1395,D,1411,1397
S*Mobarakeh Steel,20160426,1425,1440,1399,1411,33919833628,24042726,1677,D,1442,1410
S*Mobarakeh Steel,20160425,1422,1467,1422,1442,37558954663,26052523,1664,D,1420,1440
S*Mobarakeh Steel,20160424,1440,1449,1403,1420,37704653436,26555605,1896,D,1456,1425
S*Mobarakeh Steel,20160423,1476,1485,1413,1456,52294794066,35912985,1835,D,1465,1426
S*Mobarakeh Steel,20160420,1475,1527,1430,1465,82390398502,56228054,3631,D,1476,1439
S*Mobarakeh Steel,20160419,1486,1486,1431,1476,1.72688E+11,117008305,5349,D,1416,1470
S*Mobarakeh Steel,20160418,1393,1419,1393,1416,25317173212,17883611,862,D,1352,1419
S*Mobarakeh Steel,20160417,1310,1390,1297,1352,34971412932,25866431,1692,D,1365,1362
S*Mobarakeh Steel,20160416,1430,1434,1343,1365,31819705754,23312743,1197,D,1413,1343
S*Mobarakeh Steel,20160413,1420,1458,1346,1413,67991726034,48102035,1853,D,1416,1352
S*Mobarakeh Steel,20160412,1450,1467,1390,1416,1.51193E+11,106771653,5929,D,1401,1390
S*Mobarakeh Steel,20160411,1400,1422,1381,1401,27183880153,19403632,1369,D,1421,1408
S*Mobarakeh Steel,20160410,1409,1437,1380,1421,94181204694,66259319,1712,D,1409,1383
S*Mobarakeh Steel,20160409,1409,1438,1391,1409,29040442905,20616000,1469,D,1401,1408
S*Mobarakeh Steel,20160406,1426,1426,1382,1401,46719482035,33351788,1756,D,1412,1385
S*Mobarakeh Steel,20160405,1405,1440,1379,1412,59614676053,42226303,1649,D,1413,1390
S*Mobarakeh Steel,20160404,1398,1430,1390,1413,49043352302,34700087,1580,D,1379,1400
S*Mobarakeh Steel,20160403,1440,1447,1364,1379,40629257273,29460493,2102,D,1435,1390
S*Mobarakeh Steel,20160402,1480,1490,1420,1435,34621344092,24124207,1747,D,1480,1422
S*Mobarakeh Steel,20160330,1450,1505,1410,1480,64829129647,43809882,2283,D,1442,1460
S*Mobarakeh Steel,20160329,1494,1494,1426,1442,62385327958,43250694,2700,D,1501,1455
S*Mobarakeh Steel,20160328,1523,1525,1460,1501,59144681165,39408328,2508,D,1505,1476
S*Mobarakeh Steel,20160327,1530,1540,1461,1505,1.08151E+11,71864856,3552,D,1474,1515
S*Mobarakeh Steel,20160326,1469,1474,1420,1474,1.21885E+11,82707686,2111,D,1404,1474
S*Mobarakeh Steel,20160316,1440,1470,1380,1404,1.00284E+11,71444636,4039,D,1452,1450
S*Mobarakeh Steel,20160315,1519,1519,1437,1452,1.8313E+11,126143639,6047,D,1512,1437
S*Mobarakeh Steel,20160314,1514,1514,1481,1512,3.47915E+11,230157722,7996,D,1442,1514
S*Mobarakeh Steel,20160312,1442,1442,1442,1442,99960476798,69320719,1649,D,1374,1442
S*Mobarakeh Steel,20160309,1344,1383,1335,1374,1.8617E+11,135527086,5690,D,1318,1383
S*Mobarakeh Steel,20160308,1285,1324,1269,1318,4.07414E+11,309032240,10276,D,1261,1324
S*Mobarakeh Steel,20160307,1258,1269,1245,1261,43384403365,34399051,1833,D,1262,1262
S*Mobarakeh Steel,20160306,1271,1290,1251,1262,36178885972,28669010,1533,D,1267,1259
S*Mobarakeh Steel,20160305,1255,1298,1245,1267,47012419673,37113213,2226,D,1247,1260
S*Mobarakeh Steel,20160302,1260,1264,1225,1247,29653405046,23774075,1030,D,1264,1241
S*Mobarakeh Steel,20160301,1287,1296,1250,1264,21076862716,16671936,1244,D,1286,1250
S*Mobarakeh Steel,20160229,1280,1309,1254,1286,47736418403,37120485,1356,D,1284,1267
S*Mobarakeh Steel,20160228,1297,1317,1270,1284,20142190516,15691093,1060,D,1306,1271
S*Mobarakeh Steel,20160227,1291,1339,1280,1306,23837702334,18245856,1222,D,1308,1294
S*Mobarakeh Steel,20160224,1339,1340,1295,1308,16932340835,12948025,924,D,1335,1295
S*Mobarakeh Steel,20160223,1367,1367,1290,1335,83276874108,62376352,1775,D,1355,1339
S*Mobarakeh Steel,20160222,1340,1381,1339,1355,43862803527,32372069,1991,D,1353,1351
S*Mobarakeh Steel,20160221,1369,1376,1313,1353,77012742066,56930294,2047,D,1358,1338
S*Mobarakeh Steel,20160220,1358,1383,1270,1358,1.46807E+11,108104917,5121,D,1318,1338
S*Mobarakeh Steel,20160217,1273,1325,1221,1318,1.07708E+11,81726508,2520,D,1262,1325
S*Mobarakeh Steel,20160216,1309,1309,1238,1262,36805409411,29165062,1792,D,1286,1258
S*Mobarakeh Steel,20160215,1286,1297,1260,1286,36927512566,28719396,1976,D,1255,1289
S*Mobarakeh Steel,20160214,1277,1289,1215,1255,44181696736,35207756,2076,D,1277,1250
S*Mobarakeh Steel,20160213,1320,1320,1270,1277,38227264572,29931513,1581,D,1336,1270
S*Mobarakeh Steel,20160210,1336,1369,1309,1336,55892558105,41850966,2677,D,1377,1310
S*Mobarakeh Steel,20160209,1387,1387,1320,1377,1.56051E+11,113292438,4238,D,1321,1336
S*Mobarakeh Steel,20160208,1295,1354,1251,1321,1.35103E+11,102283592,6036,D,1290,1354
S*Mobarakeh Steel,20160207,1295,1340,1251,1290,94379626471,73182113,3938,D,1306,1268
S*Mobarakeh Steel,20160206,1320,1343,1278,1306,62686060579,47986438,3071,D,1297,1285
S*Mobarakeh Steel,20160203,1275,1300,1250,1297,3.21223E+11,247682646,7618,D,1239,1300
S*Mobarakeh Steel,20160202,1239,1239,1201,1239,2.48124E+11,200292727,4834,D,1180,1239
S*Mobarakeh Steel,20160201,1144,1190,1135,1180,96892378204,82136085,2983,D,1134,1190
S*Mobarakeh Steel,20160131,1130,1158,1110,1134,27594816394,24342674,1387,D,1149,1130
S*Mobarakeh Steel,20160130,1141,1199,1111,1149,44451926590,38673783,1983,D,1155,1125
S*Mobarakeh Steel,20160127,1200,1210,1147,1155,58271924233,50435885,2714,D,1207,1147
S*Mobarakeh Steel,20160126,1219,1220,1175,1207,1.02435E+11,84861629,4157,D,1174,1178
S*Mobarakeh Steel,20160125,1174,1174,1168,1174,2.57739E+11,219539914,4972,D,1119,1174
S*Mobarakeh Steel,20160124,1090,1120,1085,1119,62507248329,55876423,1726,D,1067,1120
S*Mobarakeh Steel,20160123,1056,1085,1056,1067,10069518688,9429664,779,D,1038,1084
S*Mobarakeh Steel,20160120,1021,1060,1018,1038,6742764193,6468174,613,D,1031,1041
S*Mobarakeh Steel,20160119,1035,1051,1029,1031,4885084198,4707453,439,D,1025,1033
S*Mobarakeh Steel,20160118,1000,1050,999,1025,7834470877,7618030,585,D,1016,1035
S*Mobarakeh Steel,20160117,1050,1059,1000,1016,15345719745,15096857,975,D,1016,1002
S*Mobarakeh Steel,20160116,1019,1040,1003,1016,10094512273,9939689,799,D,1001,1024
S*Mobarakeh Steel,20160113,1001,1007,995,1001,7762374665,7761819,593,D,1004,1002
S*Mobarakeh Steel,20160112,1010,1020,999,1004,7588938754,7577074,636,D,1015,1000
S*Mobarakeh Steel,20160111,1000,1030,1000,1015,4557478478,4502523,399,D,1017,1005
S*Mobarakeh Steel,20160110,1010,1020,998,1017,5223835609,5206855,575,D,1033,1001
S*Mobarakeh Steel,20160109,1050,1050,1011,1033,5215294630,5082694,570,D,1041,1012
S*Mobarakeh Steel,20160106,1062,1062,1030,1041,9508927249,9132782,767,D,1039,1040
S*Mobarakeh Steel,20160105,1050,1050,1028,1039,6315390743,6091727,503,D,1043,1033
S*Mobarakeh Steel,20160104,1067,1067,1030,1043,8664220112,8338864,613,D,1079,1036
S*Mobarakeh Steel,20160103,1060,1084,1040,1079,19572991911,18147736,295,D,1069,1050
S*Mobarakeh Steel,20160102,1076,1078,1050,1069,3526117122,3335121,337,D,1076,1051
S*Mobarakeh Steel,20151230,1070,1074,1058,1076,1695696432,1593381,191,D,1079,1062
S*Mobarakeh Steel,20151228,1064,1081,1060,1079,3195719170,2992397,287,D,1084,1060
S*Mobarakeh Steel,20151227,1080,1082,1060,1084,3689770579,3451026,258,D,1093,1068
S*Mobarakeh Steel,20151226,1099,1099,1064,1093,3206443713,2994606,228,D,1104,1067
S*Mobarakeh Steel,20151223,1080,1110,1074,1104,5115355012,4655880,228,D,1109,1099
S*Mobarakeh Steel,20151222,1072,1111,1070,1109,13165431350,11871613,142,D,1092,1090
S*Mobarakeh Steel,20151221,1060,1100,1060,1092,11531211528,10559121,191,D,1095,1100
S*Mobarakeh Steel,20151220,1064,1100,1050,1095,22282169637,20343017,210,D,1088,1057
S*Mobarakeh Steel,20151219,1071,1079,1064,1088,1311118193,1224922,183,D,1091,1065
S*Mobarakeh Steel,20151216,1080,1118,1065,1091,9244934898,8470821,385,D,1089,1097
S*Mobarakeh Steel,20151215,1071,1083,1066,1089,1210433454,1129796,133,D,1092,1070
S*Mobarakeh Steel,20151214,1065,1085,1063,1092,1511644878,1412087,148,D,1096,1069
S*Mobarakeh Steel,20151213,1095,1095,1065,1096,2010453953,1880627,158,D,1103,1068
S*Mobarakeh Steel,20151209,1079,1090,1070,1103,2932798415,2728760,189,D,1115,1075
S*Mobarakeh Steel,20151208,1070,1119,1066,1115,20088276420,18021056,178,D,1112,1117
S*Mobarakeh Steel,20151207,1076,1090,1070,1112,1402424207,1305344,155,D,1119,1070
S*Mobarakeh Steel,20151206,1100,1110,1073,1119,2200362265,2030701,267,D,1129,1078
S*Mobarakeh Steel,20151205,1130,1131,1109,1129,1440077216,1292824,131,D,1132,1110
S*Mobarakeh Steel,20151201,1126,1138,1120,1132,4136094407,3678474,258,D,1138,1120
S*Mobarakeh Steel,20151130,1143,1170,1110,1138,16366862569,14385706,544,D,1137,1168
S*Mobarakeh Steel,20151129,1110,1160,1109,1137,7868130486,6919181,319,D,1135,1160
S*Mobarakeh Steel,20151128,1129,1138,1109,1135,9901048822,8720698,127,D,1128,1110
S*Mobarakeh Steel,20151125,1138,1145,1110,1128,5805003187,5128262,269,D,1123,1133
S*Mobarakeh Steel,20151124,1135,1140,1105,1123,5593313049,4944017,302,D,1114,1120
S*Mobarakeh Steel,20151123,1116,1143,1108,1114,28738099814,25793343,1326,D,1116,1110
S*Mobarakeh Steel,20151122,1120,1134,1112,1116,5044002952,4493492,264,D,1110,1120
S*Mobarakeh Steel,20151121,1109,1130,1089,1110,7491845052,6726643,397,D,1098,1130
S*Mobarakeh Steel,20151118,1098,1119,1085,1098,3270100489,2987734,255,D,1100,1119
S*Mobarakeh Steel,20151117,1091,1099,1085,1100,1297347690,1190479,133,D,1102,1090
S*Mobarakeh Steel,20151116,1090,1104,1087,1102,19419931105,17624171,231,D,1092,1090
S*Mobarakeh Steel,20151115,1081,1104,1080,1092,5759806653,5277975,333,D,1094,1098
S*Mobarakeh Steel,20151114,1090,1096,1070,1094,2293210664,2105187,180,D,1095,1090
S*Mobarakeh Steel,20151111,1098,1098,1075,1095,15594322853,14244813,258,D,1088,1075
S*Mobarakeh Steel,20151110,1091,1094,1078,1088,4019175592,3691983,235,D,1087,1094
S*Mobarakeh Steel,20151109,1099,1112,1075,1087,2161865234,1995991,205,D,1088,1084
S*Mobarakeh Steel,20151108,1099,1120,1070,1088,7053002817,6446793,596,D,1074,1085
S*Mobarakeh Steel,20151107,1077,1090,1066,1074,4597931117,4257111,403,D,1069,1090
S*Mobarakeh Steel,20151104,1062,1079,1062,1069,2535464446,2369047,196,D,1068,1078
S*Mobarakeh Steel,20151103,1074,1074,1060,1068,2216799373,2077919,225,D,1068,1071
S*Mobarakeh Steel,20151102,1070,1074,1058,1068,2022694003,1900397,191,D,1069,1060
S*Mobarakeh Steel,20151101,1075,1075,1053,1069,6416061374,5991981,451,D,1066,1070
S*Mobarakeh Steel,20151031,1061,1080,1048,1066,4348584568,4096207,438,D,1069,1075
S*Mobarakeh Steel,20151028,1107,1107,1060,1069,6800152380,6358695,470,D,1041,1066
S*Mobarakeh Steel,20151027,0,0,0,1041,0,0,0,D,1041,1160
S*Mobarakeh Steel,20151026,0,0,0,1041,0,0,0,D,1041,1160
S*Mobarakeh Steel,20151025,0,0,0,1041,0,0,0,D,1041,1160
S*Mobarakeh Steel,20151021,0,0,0,1041,0,0,0,D,1041,1160
S*Mobarakeh Steel,20151020,0,0,0,1041,0,0,0,D,1041,1160
S*Mobarakeh Steel,20151019,0,0,0,1041,0,0,0,D,1041,1160
S*Mobarakeh Steel,20151018,0,0,0,1041,0,0,0,D,1041,1160
S*Mobarakeh Steel,20151017,0,0,0,1162,0,0,0,D,1162,1160
S*Mobarakeh Steel,20151014,0,0,0,1162,0,0,0,D,1162,1160
S*Mobarakeh Steel,20151013,0,0,0,1162,0,0,0,D,1162,1160
S*Mobarakeh Steel,20151012,0,0,0,1162,0,0,0,D,1162,1160
S*Mobarakeh Steel,20151011,0,0,0,1162,0,0,0,D,1162,1160
S*Mobarakeh Steel,20151010,1165,1189,1147,1162,6742308279,5801407,546,D,1162,1160
S*Mobarakeh Steel,20151007,1157,1188,1157,1162,6671196045,5657134,467,D,1135,1179
S*Mobarakeh Steel,20151006,1149,1166,1125,1135,5710590155,4979316,373,D,1121,1158
S*Mobarakeh Steel,20151005,1120,1158,1120,1121,3055493254,2664993,349,D,1111,1145
S*Mobarakeh Steel,20151004,1096,1128,1081,1111,14625431444,13162227,358,D,1086,1128
S*Mobarakeh Steel,20151003,1082,1100,1077,1086,4253419872,3894320,307,D,1081,1087
S*Mobarakeh Steel,20150930,1099,1099,1078,1081,4464000852,4107385,281,D,1077,1081
S*Mobarakeh Steel,20150929,1075,1095,1070,1077,3779319660,3485117,294,D,1073,1090
S*Mobarakeh Steel,20150928,1069,1079,1057,1073,4246498758,3974692,240,D,1076,1061
S*Mobarakeh Steel,20150927,1075,1082,1055,1076,3187495460,2989073,275,D,1081,1060
S*Mobarakeh Steel,20150926,1077,1087,1055,1081,1528958903,1432476,172,D,1083,1065
S*Mobarakeh Steel,20150923,1073,1094,1068,1083,2944720053,2748959,310,D,1089,1070
S*Mobarakeh Steel,20150922,1099,1100,1070,1089,4434632139,4108563,302,D,1098,1070
S*Mobarakeh Steel,20150921,1070,1120,1055,1098,4226042759,3898627,345,D,1109,1080
S*Mobarakeh Steel,20150920,1112,1125,1089,1109,6613856825,6050942,504,D,1146,1089
S*Mobarakeh Steel,20150919,1140,1154,1110,1146,3072136045,2729045,323,D,1155,1110
S*Mobarakeh Steel,20150916,1150,1158,1125,1155,4682701765,4113979,366,D,1171,1144
S*Mobarakeh Steel,20150915,1179,1180,1135,1171,1943482256,1696706,248,D,1177,1149
S*Mobarakeh Steel,20150914,1169,1198,1163,1177,6655909868,5650260,389,D,1174,1177
S*Mobarakeh Steel,20150913,1171,1171,1140,1174,3607007686,3132523,346,D,1187,1160
S*Mobarakeh Steel,20150912,1200,1235,1164,1187,8472407004,7140864,694,D,1187,1166
S*Mobarakeh Steel,20150909,1170,1207,1170,1187,17158254326,14460212,915,D,1395,1180
S*Mobarakeh Steel,20150908,0,0,0,1395,0,0,0,D,1395,1860
S*Mobarakeh Steel,20150907,0,0,0,1395,0,0,0,D,1395,1860
S*Mobarakeh Steel,20150906,0,0,0,1395,0,0,0,D,1395,1860
S*Mobarakeh Steel,20150905,0,0,0,1395,0,0,0,D,1395,1860
S*Mobarakeh Steel,20150902,0,0,0,1395,0,0,0,D,1395,1860
S*Mobarakeh Steel,20150901,0,0,0,1395,0,0,0,D,1395,1860
S*Mobarakeh Steel,20150831,0,0,0,1395,0,0,0,D,1395,1860
S*Mobarakeh Steel,20150830,0,0,0,1395,0,0,0,D,1395,1860
S*Mobarakeh Steel,20150829,0,0,0,1395,0,0,0,D,1395,1860
S*Mobarakeh Steel,20150826,0,0,0,1395,0,0,0,D,1395,1860
S*Mobarakeh Steel,20150825,0,0,0,1395,0,0,0,D,1395,1860
S*Mobarakeh Steel,20150824,0,0,0,1395,0,0,0,D,1395,1860
S*Mobarakeh Steel,20150823,0,0,0,1395,0,0,0,D,1395,1860
S*Mobarakeh Steel,20150822,0,0,0,1395,0,0,0,D,1395,1860
S*Mobarakeh Steel,20150819,0,0,0,1395,0,0,0,D,1395,1860
S*Mobarakeh Steel,20150818,0,0,0,1395,0,0,0,D,1395,1860
S*Mobarakeh Steel,20150817,0,0,0,1395,0,0,0,D,1395,1860
S*Mobarakeh Steel,20150816,0,0,0,1395,0,0,0,D,1395,1860
S*Mobarakeh Steel,20150815,0,0,0,1395,0,0,0,D,1395,1860
S*Mobarakeh Steel,20150812,0,0,0,1395,0,0,0,D,1395,1860
S*Mobarakeh Steel,20150810,0,0,0,1395,0,0,0,D,1395,1860
S*Mobarakeh Steel,20150809,0,0,0,1395,0,0,0,D,1395,1860
S*Mobarakeh Steel,20150808,0,0,0,1395,0,0,0,D,1395,1860
S*Mobarakeh Steel,20150805,0,0,0,1395,0,0,0,D,1395,1860
S*Mobarakeh Steel,20150804,0,0,0,1395,0,0,0,D,1395,1860
S*Mobarakeh Steel,20150803,0,0,0,1395,0,0,0,D,1395,1860
S*Mobarakeh Steel,20150802,0,0,0,1395,0,0,0,D,1395,1860
S*Mobarakeh Steel,20150801,0,0,0,1395,0,0,0,D,1395,1860
S*Mobarakeh Steel,20150729,0,0,0,1395,0,0,0,D,1395,1860
S*Mobarakeh Steel,20150728,0,0,0,1395,0,0,0,D,1395,1860
S*Mobarakeh Steel,20150727,0,0,0,1395,0,0,0,D,1395,1860
S*Mobarakeh Steel,20150726,0,0,0,1395,0,0,0,D,1395,1860
S*Mobarakeh Steel,20150725,0,0,0,1395,0,0,0,D,1395,1860
S*Mobarakeh Steel,20150722,0,0,0,1845,0,0,0,D,1845,1860
S*Mobarakeh Steel,20150721,0,0,0,1845,0,0,0,D,1845,1860
S*Mobarakeh Steel,20150720,0,0,0,1845,0,0,0,D,1845,1860
S*Mobarakeh Steel,20150719,0,0,0,1845,0,0,0,D,1845,1860
S*Mobarakeh Steel,20150715,1887,1899,1820,1845,20021659551,10850856,966,D,1886,1860
S*Mobarakeh Steel,20150714,1920,1920,1860,1886,17165293965,9103670,821,D,1897,1870
S*Mobarakeh Steel,20150713,1931,1950,1880,1897,28198021853,14861968,1772,D,1899,1885
S*Mobarakeh Steel,20150712,1901,1917,1890,1899,8376406276,4403518,550,D,1884,1910
S*Mobarakeh Steel,20150711,1900,1900,1851,1884,7709077455,4096921,530,D,1893,1898
S*Mobarakeh Steel,20150707,1900,1910,1860,1893,29600659443,15638867,1418,D,1902,1900
S*Mobarakeh Steel,20150706,1911,1911,1883,1902,8301788101,4370751,377,D,1916,1905
S*Mobarakeh Steel,20150705,1938,1938,1900,1916,8974151256,4686162,394,D,1928,1900
S*Mobarakeh Steel,20150704,1930,1945,1911,1928,13525924182,7014050,550,D,1918,1920
S*Mobarakeh Steel,20150701,1940,1941,1917,1918,5909763559,3070811,420,D,1908,1930
S*Mobarakeh Steel,20150630,1891,1940,1891,1908,3197627547,1660329,277,D,1900,1929
S*Mobarakeh Steel,20150629,1891,1900,1883,1900,1814426128,960674,152,D,1902,1900
S*Mobarakeh Steel,20150628,1899,1900,1881,1902,4958026549,2615485,167,D,1908,1896
S*Mobarakeh Steel,20150627,1920,1930,1898,1908,3736266038,1961195,226,D,1910,1910
S*Mobarakeh Steel,20150624,1903,1940,1889,1910,3724085669,1936389,266,D,1903,1935
S*Mobarakeh Steel,20150623,1891,1940,1891,1903,2341917251,1225003,201,D,1900,1920
S*Mobarakeh Steel,20150622,1900,1920,1898,1900,3012969133,1579321,199,D,1896,1903
S*Mobarakeh Steel,20150621,1915,1924,1900,1896,3441911767,1806941,254,D,1892,1900
S*Mobarakeh Steel,20150620,1945,1945,1882,1892,2658484959,1397446,183,D,1888,1888
S*Mobarakeh Steel,20150617,1880,1935,1870,1888,3327921036,1738289,226,D,1875,1910
S*Mobarakeh Steel,20150616,1884,1886,1852,1875,3886214238,2086731,290,D,1884,1866
S*Mobarakeh Steel,20150615,1894,1894,1857,1884,3800795985,2036576,183,D,1895,1860
S*Mobarakeh Steel,20150614,1902,1902,1880,1895,5084043997,2689646,290,D,1901,1880
S*Mobarakeh Steel,20150613,1906,1908,1888,1901,4555926548,2404060,333,D,1906,1895
S*Mobarakeh Steel,20150610,1940,1940,1898,1906,9143796518,4798168,682,D,1926,1899
S*Mobarakeh Steel,20150609,1926,1937,1895,1926,6676654030,3508602,372,D,1982,1900
S*Mobarakeh Steel,20150608,2000,2000,1922,1982,5119020807,2595951,473,D,1992,1939
S*Mobarakeh Steel,20150607,2000,2000,1921,1992,3511408894,1785963,223,D,2006,1954
S*Mobarakeh Steel,20150606,2012,2017,1983,2006,4117218369,2059051,143,D,2011,1983
S*Mobarakeh Steel,20150602,2011,2025,1990,2011,9751746397,4848529,998,D,2000,2017
S*Mobarakeh Steel,20150601,2000,2020,1980,2000,6398176221,3189244,1504,D,1989,2020
S*Mobarakeh Steel,20150531,1970,2010,1950,1989,3131782479,1578071,590,D,1991,1952
S*Mobarakeh Steel,20150530,2000,2010,1940,1991,3735538641,1899043,327,D,2005,1967
S*Mobarakeh Steel,20150527,2019,2020,1980,2005,4608431741,2297407,813,D,2004,2003
S*Mobarakeh Steel,20150526,2001,2020,1999,2004,3918803147,1953086,196,D,2002,2001
S*Mobarakeh Steel,20150525,2000,2028,2000,2002,2601814483,1291130,147,D,1998,2012
S*Mobarakeh Steel,20150524,1982,2040,1982,1998,5437632386,2702662,311,D,1981,2020
S*Mobarakeh Steel,20150523,1995,1998,1956,1981,6447760598,3251747,286,D,1977,1970
S*Mobarakeh Steel,20150520,1980,1995,1961,1977,5662873350,2851928,320,D,1966,1991
S*Mobarakeh Steel,20150519,1980,1980,1952,1966,747678156,378934,88,D,1965,1975
S*Mobarakeh Steel,20150518,1995,1995,1960,1965,2138792234,1081281,208,D,1961,1978
S*Mobarakeh Steel,20150517,1930,2007,1910,1961,6831504637,3457558,338,D,1931,2003
S*Mobarakeh Steel,20150513,1930,1950,1925,1931,2933344780,1516505,164,D,1930,1933
S*Mobarakeh Steel,20150512,1924,1985,1920,1930,3140575290,1608157,247,D,1920,1925
S*Mobarakeh Steel,20150511,1886,1930,1886,1920,2247832566,1178293,196,D,1924,1930
S*Mobarakeh Steel,20150510,1900,1939,1892,1924,3260712944,1716840,260,D,1936,1895
S*Mobarakeh Steel,20150509,1944,1950,1890,1936,4564377850,2393974,354,D,1962,1896
S*Mobarakeh Steel,20150506,1935,1979,1929,1962,4270381788,2198423,217,D,1977,1950
S*Mobarakeh Steel,20150505,1972,1990,1939,1977,5276193531,2688988,263,D,1995,1940
S*Mobarakeh Steel,20150504,2000,2000,1970,1995,2798222414,1413722,220,D,2001,1981
S*Mobarakeh Steel,20150503,2020,2020,1980,2001,4794925351,2406614,316,D,2010,1980
S*Mobarakeh Steel,20150429,2001,2040,1999,2010,4110373028,2046961,289,D,2011,2037
S*Mobarakeh Steel,20150428,1981,2000,1981,2011,3904526010,1963363,348,D,2027,1986
S*Mobarakeh Steel,20150427,2010,2024,2000,2027,6165139430,3067520,302,D,2057,2018
S*Mobarakeh Steel,20150426,2041,2054,2020,2057,2744844495,1350092,224,D,2066,2040
S*Mobarakeh Steel,20150425,2082,2082,2040,2066,5801858374,2824528,314,D,2082,2040
S*Mobarakeh Steel,20150422,2100,2100,2050,2082,5122086524,2470964,317,D,2091,2050
S*Mobarakeh Steel,20150421,2081,2110,2072,2091,4627506696,2222535,276,D,2099,2110
S*Mobarakeh Steel,20150420,2102,2149,2065,2099,5923580686,2837668,354,D,2115,2078
S*Mobarakeh Steel,20150419,2171,2171,2060,2115,7451530610,3518339,445,D,2107,2130
S*Mobarakeh Steel,20150418,2060,2138,2030,2107,20636226437,9793802,997,D,2056,2130
S*Mobarakeh Steel,20150415,2050,2075,2030,2056,26155078902,12722999,387,D,2045,2073
S*Mobarakeh Steel,20150414,2016,2070,2008,2045,4738421750,2319352,374,D,2047,2050
S*Mobarakeh Steel,20150413,2050,2065,2000,2047,4353668711,2150742,280,D,2068,2048
S*Mobarakeh Steel,20150412,2110,2111,2057,2068,20505043742,9916218,1080,D,2142,2058
S*Mobarakeh Steel,20150411,2190,2190,2105,2142,14387178873,6717229,523,D,2187,2120
S*Mobarakeh Steel,20150408,2190,2230,2150,2187,13041460066,5962208,801,D,2202,2151
S*Mobarakeh Steel,20150407,2240,2240,2180,2202,23431846101,10639228,824,D,2239,2180
S*Mobarakeh Steel,20150406,2290,2300,2162,2239,23126383237,10329716,1121,D,2237,2215
S*Mobarakeh Steel,20150405,2237,2237,2233,2237,98868593409,44197173,2029,D,2151,2237
S*Mobarakeh Steel,20150404,2151,2151,2151,2151,22991137731,10688581,262,D,2069,2151
S*Mobarakeh Steel,20150331,2050,2100,2022,2069,8514844959,4103688,546,D,2045,2091
S*Mobarakeh Steel,20150330,2084,2089,2010,2045,7670097715,3730970,466,D,2018,2035
S*Mobarakeh Steel,20150329,1999,2022,1996,2018,12195131695,6042766,582,D,1945,2022
S*Mobarakeh Steel,20150328,1960,1996,1911,1945,7005990778,3581975,445,D,1920,1995
S*Mobarakeh Steel,20150325,1950,1950,1911,1920,2079754812,1083259,188,D,1920,1920
S*Mobarakeh Steel,20150318,1920,1977,1908,1920,15186369719,7909237,986,D,1902,1910
S*Mobarakeh Steel,20150317,1920,1923,1896,1902,1276081588,667523,203,D,1901,1915
S*Mobarakeh Steel,20150316,1910,1915,1897,1901,4225157789,2221777,284,D,1901,1900
S*Mobarakeh Steel,20150315,1891,1919,1891,1901,4429642394,2323618,323,D,1896,1900
S*Mobarakeh Steel,20150314,1924,1930,1850,1896,9356924680,4938648,393,D,1925,1880
S*Mobarakeh Steel,20150311,1921,1929,1909,1925,18739237920,9733113,235,D,1910,1909
S*Mobarakeh Steel,20150310,1914,1930,1900,1910,5391399785,2824844,293,D,1911,1900
S*Mobarakeh Steel,20150309,1920,1925,1900,1911,5822162396,3038896,415,D,1905,1920
S*Mobarakeh Steel,20150308,1899,1930,1876,1905,9984309946,5239861,358,D,1901,1915
S*Mobarakeh Steel,20150307,1937,1937,1852,1901,3991508384,2136010,253,D,1923,1868
S*Mobarakeh Steel,20150304,1920,1951,1886,1923,16256744805,8454428,1142,D,1911,1886
S*Mobarakeh Steel,20150303,1910,1911,1890,1911,80237331957,41996703,293,D,1868,1910
S*Mobarakeh Steel,20150302,1852,1909,1852,1868,2851356922,1504343,271,D,1857,1908
S*Mobarakeh Steel,20150301,1883,1883,1844,1857,15886683125,8556413,375,D,1853,1867
S*Mobarakeh Steel,20150228,1850,1856,1814,1853,4659577440,2523300,229,D,1859,1844
S*Mobarakeh Steel,20150225,1900,1910,1849,1859,11315779431,6087351,837,D,1921,1880
S*Mobarakeh Steel,20150224,1900,1943,1888,1921,6077020738,3202958,260,D,1965,1896
S*Mobarakeh Steel,20150223,1920,1970,1890,1965,32355786130,16469407,221,D,1947,1910
S*Mobarakeh Steel,20150222,1970,1979,1917,1947,7644010314,3953017,472,D,1996,1917
S*Mobarakeh Steel,20150221,1980,1999,1954,1996,3876332041,1960183,229,D,2008,1954
S*Mobarakeh Steel,20150218,1997,2010,1942,2008,74427237095,37069729,221,D,2002,1942
S*Mobarakeh Steel,20150217,2005,2006,1950,2002,2671918688,1344713,152,D,2004,1975
S*Mobarakeh Steel,20150216,1924,2006,1924,2004,51016659091,25453739,344,D,1996,1999
S*Mobarakeh Steel,20150215,1991,1991,1923,1996,3330265113,1710716,219,D,2002,1932
S*Mobarakeh Steel,20150214,1996,1996,1942,2002,889309306,454037,121,D,2003,1955
S*Mobarakeh Steel,20150210,1934,1997,1934,2003,6919599934,3519033,297,D,2014,1950
S*Mobarakeh Steel,20150209,1990,2005,1941,2014,3358504692,1713540,263,D,2021,1941
S*Mobarakeh Steel,20150208,2000,2000,1970,2021,2649287989,1335202,228,D,2025,1980
S*Mobarakeh Steel,20150207,2029,2030,1997,2025,6685231024,3330278,325,D,2030,2000
S*Mobarakeh Steel,20150204,2010,2031,2001,2030,3018518965,1491590,240,D,2031,2010
S*Mobarakeh Steel,20150203,2049,2049,1981,2031,6404688901,3155538,244,D,2031,2020
S*Mobarakeh Steel,20150202,2000,2032,1980,2031,1.05484E+11,51929674,236,D,2033,2000
S*Mobarakeh Steel,20150201,2038,2039,1992,2033,30066471966,14789563,343,D,2019,1999
S*Mobarakeh Steel,20150131,2000,2055,2000,2019,10404173012,5147258,575,D,2017,2025
S*Mobarakeh Steel,20150128,1981,2040,1981,2017,15870054972,7934671,740,D,2063,2006
S*Mobarakeh Steel,20150127,2001,2001,2001,2063,5591670438,2794438,115,D,2084,2001
S*Mobarakeh Steel,20150126,2006,2006,2006,2084,1219170572,607762,43,D,2089,2006
S*Mobarakeh Steel,20150125,2011,2011,2011,2089,1250387514,621774,71,D,2094,2011
S*Mobarakeh Steel,20150124,2016,2016,2016,2094,1429460928,709058,76,D,2100,2016
S*Mobarakeh Steel,20150121,2049,2049,2020,2100,1182391039,583814,73,D,2104,2020
S*Mobarakeh Steel,20150120,2050,2050,2025,2104,1422214959,701090,163,D,2109,2030
S*Mobarakeh Steel,20150119,2050,2050,2033,2109,2333641770,1143765,201,D,2117,2033
S*Mobarakeh Steel,20150118,2080,2081,2040,2117,2716879207,1320712,234,D,2125,2042
S*Mobarakeh Steel,20150117,2100,2100,2081,2125,4300505705,2054202,217,D,2133,2099
S*Mobarakeh Steel,20150114,2101,2101,2076,2133,1150643725,550968,126,D,2135,2100
S*Mobarakeh Steel,20150113,2120,2120,2071,2135,1455971839,695229,139,D,2138,2090
S*Mobarakeh Steel,20150112,2066,2149,2066,2138,2820115966,1319737,332,D,2138,2138
S*Mobarakeh Steel,20150111,2071,2118,2064,2138,2892965016,1400926,211,D,2149,2095
S*Mobarakeh Steel,20150110,2175,2184,2097,2149,28726299269,13370205,389,D,2184,2097
S*Mobarakeh Steel,20150107,2186,2190,2158,2184,8067709105,3700733,339,D,2186,2179
S*Mobarakeh Steel,20150106,2200,2218,2138,2186,3454109871,1590820,214,D,2188,2164
S*Mobarakeh Steel,20150105,2180,2210,2170,2188,3096344512,1415931,265,D,2188,2188
S*Mobarakeh Steel,20150104,2199,2199,2158,2188,1142948409,526304,107,D,2189,2162
S*Mobarakeh Steel,20150103,2190,2200,2151,2189,1742772074,798863,130,D,2190,2188
S*Mobarakeh Steel,20141231,2191,2210,2150,2190,4010608933,1834372,317,D,2191,2150
S*Mobarakeh Steel,20141230,2190,2210,2151,2191,4574660105,2086866,281,D,2191,2190
S*Mobarakeh Steel,20141229,2182,2243,2182,2191,1.58127E+11,72187222,334,D,2182,2190
S*Mobarakeh Steel,20141228,2181,2209,2169,2182,2643920776,1208789,213,D,2181,2185
S*Mobarakeh Steel,20141227,2123,2190,2114,2181,3221492343,1502799,255,D,2187,2189
S*Mobarakeh Steel,20141224,2200,2200,2145,2187,1820123088,841693,217,D,2189,2158
S*Mobarakeh Steel,20141222,2190,2219,2180,2189,3642491979,1659025,323,D,2188,2186
S*Mobarakeh Steel,20141220,2141,2180,2113,2188,2541147795,1180516,195,D,2192,2170
S*Mobarakeh Steel,20141217,2181,2181,2125,2192,1233103610,577491,155,D,2195,2126
S*Mobarakeh Steel,20141216,2126,2200,2126,2195,3748985946,1734451,217,D,2201,2135
S*Mobarakeh Steel,20141215,2195,2195,2155,2201,11502321513,5334608,429,D,2244,2160
S*Mobarakeh Steel,20141214,2217,2248,2198,2244,11779182512,5356559,302,D,2289,2200
S*Mobarakeh Steel,20141210,2251,2255,2216,2289,2728806136,1219284,201,D,2295,2216
S*Mobarakeh Steel,20141209,2270,2298,2234,2295,11710265551,5180032,342,D,2327,2240
S*Mobarakeh Steel,20141208,2270,2310,2250,2327,2908423232,1277253,233,D,2334,2270
S*Mobarakeh Steel,20141207,2300,2300,2252,2334,3022595225,1329851,251,D,2343,2252
S*Mobarakeh Steel,20141206,2250,2373,2215,2343,36327932555,15506602,487,D,2306,2300
S*Mobarakeh Steel,20141203,2300,2300,2232,2306,3730299697,1662083,298,D,2317,2232
S*Mobarakeh Steel,20141202,2342,2342,2252,2317,3616652277,1590136,314,D,2324,2268
S*Mobarakeh Steel,20141201,2252,2343,2244,2324,35590608049,15317141,597,D,2254,2289
S*Mobarakeh Steel,20141130,2360,2360,2242,2254,26834630207,11903517,840,D,2335,2242
S*Mobarakeh Steel,20141129,2399,2399,2322,2335,22817630945,9808182,663,D,2418,2322
S*Mobarakeh Steel,20141126,2401,2444,2369,2418,13259104371,5588721,558,D,2467,2369
S*Mobarakeh Steel,20141125,2460,2460,2389,2467,6458570070,2689085,460,D,2488,2389
S*Mobarakeh Steel,20141124,2491,2540,2441,2488,15246352705,6133222,629,D,2490,2441
S*Mobarakeh Steel,20141123,2463,2541,2460,2490,5643578225,2263071,313,D,2489,2476
S*Mobarakeh Steel,20141122,2495,2495,2434,2489,7254383935,2963009,412,D,2505,2440
S*Mobarakeh Steel,20141119,2470,2495,2440,2505,10797115239,4384973,484,D,2535,2450
S*Mobarakeh Steel,20141118,2529,2529,2470,2535,7931837795,3182110,378,D,2553,2490
S*Mobarakeh Steel,20141117,2519,2547,2498,2553,6736490093,2674667,379,D,2564,2500
S*Mobarakeh Steel,20141116,2548,2548,2505,2564,4646003282,1847207,371,D,2574,2516
S*Mobarakeh Steel,20141115,2580,2580,2500,2574,4364616244,1732991,358,D,2585,2518
S*Mobarakeh Steel,20141112,2589,2600,2550,2585,6194008516,2407975,446,D,2589,2550
S*Mobarakeh Steel,20141111,2588,2601,2551,2589,10126963075,3920468,490,D,2592,2577
S*Mobarakeh Steel,20141110,2598,2598,2567,2592,8779568113,3409539,375,D,2600,2580
S*Mobarakeh Steel,20141109,2599,2600,2567,2600,6199518829,2400806,385,D,2605,2585
S*Mobarakeh Steel,20141108,2620,2648,2579,2605,18948778646,7283227,632,D,2612,2583
S*Mobarakeh Steel,20141105,2610,2619,2580,2612,10528046018,4046102,525,D,2618,2618
S*Mobarakeh Steel,20141102,2629,2650,2575,2618,8266625090,3182024,477,D,2627,2595
S*Mobarakeh Steel,20141101,2623,2669,2590,2627,14177920075,5404540,605,D,2630,2595
S*Mobarakeh Steel,20141029,2630,2630,2597,2630,9883855944,3799744,428,D,2645,2610
S*Mobarakeh Steel,20141028,2647,2647,2595,2645,3536639899,1355345,198,D,2650,2600
S*Mobarakeh Steel,20141027,2675,2675,2590,2650,5085200673,1933190,288,D,2654,2630
S*Mobarakeh Steel,20141026,2655,2670,2616,2654,6803683350,2564934,352,D,2655,2616
S*Mobarakeh Steel,20141025,2635,2640,2596,2655,5377251403,2054596,238,D,2664,2606
S*Mobarakeh Steel,20141022,2674,2680,2590,2664,7527182283,2853992,333,D,2674,2638
S*Mobarakeh Steel,20141021,2700,2728,2626,2674,9515544066,3544955,334,D,2669,2650
S*Mobarakeh Steel,20141020,2604,2675,2604,2669,52416314761,19639247,931,D,2573,2670
S*Mobarakeh Steel,20141019,2601,2601,2579,2573,4191302593,1615689,222,D,2569,2601
S*Mobarakeh Steel,20141018,2560,2644,2540,2569,6938046117,2664091,360,D,2557,2621
S*Mobarakeh Steel,20141015,2554,2599,2537,2557,7530381684,2936765,301,D,2554,2551
S*Mobarakeh Steel,20141014,2587,2589,2520,2554,2016647579,787597,160,D,2553,2520
S*Mobarakeh Steel,20141012,0,0,0,2553,0,0,0,D,2553,2553
S*Mobarakeh Steel,20141011,0,0,0,2553,0,0,0,D,2553,2553
S*Mobarakeh Steel,20141008,2587,2587,2540,2553,5318416108,2081552,328,D,2553,2553
S*Mobarakeh Steel,20141007,2562,2596,2550,2553,59863363947,23450173,228,D,2551,2551
S*Mobarakeh Steel,20141006,2594,2600,2570,2551,2621740174,1014629,177,D,2548,2580
S*Mobarakeh Steel,20141004,2599,2599,2560,2548,3927260450,1520835,263,D,2542,2599
S*Mobarakeh Steel,20141001,2590,2606,2530,2542,7264438036,2811009,325,D,2527,2565
S*Mobarakeh Steel,20140930,2514,2599,2512,2527,9552545270,3741633,465,D,2513,2580
S*Mobarakeh Steel,20140929,2522,2522,2470,2513,33217160346,13220336,466,D,2521,2515
S*Mobarakeh Steel,20140928,2530,2531,2470,2521,47463226282,18823554,336,D,2531,2480
S*Mobarakeh Steel,20140927,2520,2520,2489,2531,4467435449,1784647,355,D,2536,2494
S*Mobarakeh Steel,20140924,2520,2520,2500,2536,2855192504,1138037,282,D,2539,2501
S*Mobarakeh Steel,20140923,2544,2544,2500,2539,3645353142,1449499,206,D,2543,2504
S*Mobarakeh Steel,20140922,2549,2549,2506,2543,4086715716,1614170,216,D,2545,2520
S*Mobarakeh Steel,20140921,2550,2550,2500,2545,4304728037,1705697,315,D,2549,2504
S*Mobarakeh Steel,20140920,2548,2548,2519,2549,2245790029,887889,265,D,2551,2522
S*Mobarakeh Steel,20140917,2547,2547,2500,2551,3099912332,1228194,223,D,2555,2529
S*Mobarakeh Steel,20140916,2550,2550,2500,2555,2635705635,1041626,245,D,2558,2500
S*Mobarakeh Steel,20140915,2549,2550,2513,2558,3458825027,1368060,190,D,2562,2539
S*Mobarakeh Steel,20140914,2593,2595,2482,2562,9790342796,3882939,475,D,2585,2550
S*Mobarakeh Steel,20140913,2600,2600,2492,2585,4358747769,1721569,311,D,2595,2500
S*Mobarakeh Steel,20140910,2560,2600,2501,2595,4000926625,1556403,218,D,2599,2570
S*Mobarakeh Steel,20140909,2580,2637,2520,2599,57298724806,22046889,608,D,2562,2575
S*Mobarakeh Steel,20140908,2580,2610,2550,2562,27883328225,10883313,538,D,2524,2587
S*Mobarakeh Steel,20140907,2500,2590,2470,2524,14101226596,5530869,710,D,2498,2577
S*Mobarakeh Steel,20140906,2515,2515,2470,2498,7596166381,3036167,371,D,2496,2480
S*Mobarakeh Steel,20140903,2450,2502,2421,2496,17586998147,7054735,856,D,2502,2470
S*Mobarakeh Steel,20140902,2470,2489,2430,2502,4030014176,1641014,294,D,2510,2446
S*Mobarakeh Steel,20140901,2489,2498,2450,2510,3647855305,1470132,235,D,2515,2470
S*Mobarakeh Steel,20140831,2525,2525,2436,2515,4925948479,1991871,263,D,2525,2458
S*Mobarakeh Steel,20140830,2540,2540,2474,2525,2892207816,1159328,254,D,2529,2480
S*Mobarakeh Steel,20140827,2538,2580,2480,2529,7318526974,2917618,357,D,2537,2498
S*Mobarakeh Steel,20140826,2529,2529,2490,2537,5996703938,2397161,384,D,2547,2490
S*Mobarakeh Steel,20140825,2558,2558,2468,2547,4721126135,1897050,382,D,2560,2476
S*Mobarakeh Steel,20140824,2577,2577,2512,2560,15964482480,6334137,509,D,2616,2518
S*Mobarakeh Steel,20140823,2570,2680,2541,2616,20110310464,7722800,513,D,2646,2542
S*Mobarakeh Steel,20140820,2650,2650,2551,2646,3087713363,1200332,263,D,2655,2556
S*Mobarakeh Steel,20140819,2590,2700,2553,2655,27831280227,10483090,599,D,2659,2607
S*Mobarakeh Steel,20140818,2600,2650,2567,2659,4560352672,1756704,269,D,2671,2573
S*Mobarakeh Steel,20140817,2640,2640,2583,2671,5747700513,2214874,471,D,2690,2599
S*Mobarakeh Steel,20140816,2680,2680,2610,2690,7947531205,3036092,358,D,2718,2610
S*Mobarakeh Steel,20140813,2700,2700,2637,2718,4825223338,1815622,365,D,2730,2640
S*Mobarakeh Steel,20140812,2700,2740,2680,2730,21363617215,7831770,439,D,2737,2690
S*Mobarakeh Steel,20140811,2736,2740,2681,2737,2.83639E+11,103638282,568,D,2736,2685
S*Mobarakeh Steel,20140810,2759,2759,2660,2736,11725708679,4285245,245,D,2670,2750
S*Mobarakeh Steel,20140809,0,0,0,2670,0,0,0,D,2670,3350
S*Mobarakeh Steel,20140806,0,0,0,2670,0,0,0,D,2670,3350
S*Mobarakeh Steel,20140805,0,0,0,3362,0,0,0,D,3362,3350
S*Mobarakeh Steel,20140804,0,0,0,3362,0,0,0,D,3362,3350
S*Mobarakeh Steel,20140803,0,0,0,3362,0,0,0,D,3362,3350
S*Mobarakeh Steel,20140802,0,0,0,3362,0,0,0,D,3362,3350
S*Mobarakeh Steel,20140728,3371,3372,3335,3362,9248273443,2758895,603,D,3366,3350
S*Mobarakeh Steel,20140727,3420,3420,3350,3366,6290133682,1870314,273,D,3366,3367
S*Mobarakeh Steel,20140726,3389,3430,3360,3366,12773018301,3774353,484,D,3356,3370
S*Mobarakeh Steel,20140723,3350,3399,3330,3356,9579417033,2854596,270,D,3310,3340
S*Mobarakeh Steel,20140722,0,0,0,3310,0,0,0,D,3310,3900
S*Mobarakeh Steel,20140721,0,0,0,3310,0,0,0,D,3310,3900
S*Mobarakeh Steel,20140720,0,0,0,3970,0,0,0,D,3970,3900
S*Mobarakeh Steel,20140716,0,0,0,3970,0,0,0,D,3970,3900
S*Mobarakeh Steel,20140715,4021,4060,3879,3970,35797002717,9046767,1207,D,4039,3900
S*Mobarakeh Steel,20140714,4090,4090,4040,4039,17006089026,4192004,496,D,4027,4050
S*Mobarakeh Steel,20140713,4080,4090,4010,4027,17236254784,4251038,580,D,4009,4080
S*Mobarakeh Steel,20140712,4050,4090,4011,4009,8942263320,2197069,452,D,3993,4059
S*Mobarakeh Steel,20140709,4035,4068,3921,3993,11847657706,2968157,373,D,3994,4040
S*Mobarakeh Steel,20140708,3901,4078,3900,3994,12220723268,3043357,477,D,3985,4001
S*Mobarakeh Steel,20140707,3920,3938,3880,3985,7988126218,2049164,296,D,4005,3926
S*Mobarakeh Steel,20140706,4080,4098,3889,4005,6996854763,1769199,352,D,4015,3899
S*Mobarakeh Steel,20140705,3980,4094,3980,4015,23558795231,5770698,744,D,3937,4080
S*Mobarakeh Steel,20140702,3890,3949,3890,3937,8933372365,2280948,361,D,3943,3912
S*Mobarakeh Steel,20140701,3804,3959,3804,3943,10993765446,2827114,320,D,3962,3933
S*Mobarakeh Steel,20140630,3838,3858,3838,3962,9236656068,2406399,194,D,3997,3838
S*Mobarakeh Steel,20140629,3880,3880,3853,3997,4310618782,1117674,154,D,4013,3853
S*Mobarakeh Steel,20140628,3990,3990,3867,4013,5530250660,1413407,323,D,4028,3880
S*Mobarakeh Steel,20140625,4050,4080,3893,4028,37447253181,9306858,724,D,4055,3979
S*Mobarakeh Steel,20140624,4050,4099,3952,4055,32115424289,7891802,484,D,4017,3952
S*Mobarakeh Steel,20140623,4066,4090,4000,4017,14816123176,3676580,349,D,4010,4000
S*Mobarakeh Steel,20140622,4020,4104,3996,4010,26496368532,6541512,585,D,3947,4104
S*Mobarakeh Steel,20140621,3950,4050,3930,3947,13528546565,3394793,486,D,3929,4015
S*Mobarakeh Steel,20140618,3851,3930,3850,3929,12852420934,3304563,360,D,3947,3928
S*Mobarakeh Steel,20140617,3949,3949,3822,3947,13956814659,3597074,325,D,3981,3826
S*Mobarakeh Steel,20140616,3900,3990,3885,3981,8294657891,2118330,373,D,3997,3900
S*Mobarakeh Steel,20140615,3980,3980,3865,3997,8484266100,2178869,332,D,4023,3900
S*Mobarakeh Steel,20140614,4040,4070,3898,4023,11451568603,2919046,405,D,4060,3898
S*Mobarakeh Steel,20140611,4091,4099,3943,4060,16560672461,4156717,475,D,4107,3944
S*Mobarakeh Steel,20140610,4035,4039,4002,4107,4665355013,1160710,229,D,4117,4010
S*Mobarakeh Steel,20140609,4049,4049,4006,4117,5369289466,1335230,281,D,4131,4006
S*Mobarakeh Steel,20140608,4100,4100,4001,4131,4906919097,1217450,279,D,4144,4040
S*Mobarakeh Steel,20140607,4140,4140,4050,4144,6342752085,1559813,338,D,4157,4056
S*Mobarakeh Steel,20140603,4150,4179,4073,4157,5995060594,1461952,287,D,4166,4073
S*Mobarakeh Steel,20140602,4150,4154,4081,4166,8142455195,1986649,377,D,4181,4082
S*Mobarakeh Steel,20140601,4167,4167,4033,4181,6952034478,1701718,317,D,4199,4090
S*Mobarakeh Steel,20140531,4200,4200,4116,4199,23550532441,5638023,431,D,4223,4117
S*Mobarakeh Steel,20140528,4120,4169,4120,4223,7930163310,1909181,342,D,4238,4160
S*Mobarakeh Steel,20140526,4180,4180,4130,4238,12103328678,2916079,427,D,4271,4150
S*Mobarakeh Steel,20140525,4210,4278,4168,4271,1.14787E+11,26878822,766,D,4281,4180
S*Mobarakeh Steel,20140524,4292,4292,4200,4281,5653727547,1337479,215,D,4289,4222
S*Mobarakeh Steel,20140521,4290,4294,4252,4289,1.87397E+11,43689185,403,D,4260,4260
S*Mobarakeh Steel,20140520,4240,4290,4240,4260,43379519935,10178652,691,D,4225,4252
S*Mobarakeh Steel,20140519,4200,4246,4150,4225,13027940057,3126735,365,D,4249,4151
S*Mobarakeh Steel,20140518,4279,4279,4157,4249,17216383493,4094808,744,D,4277,4170
S*Mobarakeh Steel,20140517,4180,4263,4160,4277,9688674333,2308107,319,D,4299,4263
S*Mobarakeh Steel,20140514,4310,4310,4172,4299,13551362486,3193717,371,D,4323,4300
S*Mobarakeh Steel,20140512,4200,4250,4170,4323,6179849938,1469606,360,D,4341,4210
S*Mobarakeh Steel,20140511,4285,4299,4183,4341,5409747861,1275952,297,D,4355,4232
S*Mobarakeh Steel,20140510,4334,4349,4282,4355,8148678155,1893142,305,D,4366,4290
S*Mobarakeh Steel,20140507,4379,4379,4304,4366,9118744247,2101043,246,D,4372,4338
S*Mobarakeh Steel,20140506,4370,4397,4310,4372,68776061907,15729992,628,D,4357,4351
S*Mobarakeh Steel,20140505,4349,4398,4300,4357,13402743323,3072850,369,D,4355,4367
S*Mobarakeh Steel,20140504,4367,4377,4281,4355,9041442363,2089042,416,D,4361,4325
S*Mobarakeh Steel,20140503,4380,4380,4270,4361,10657019811,2472307,399,D,4376,4302
S*Mobarakeh Steel,20140430,4300,4380,4300,4376,10297095146,2370312,401,D,4385,4350
S*Mobarakeh Steel,20140429,4390,4438,4300,4385,17454089426,4006732,451,D,4402,4330
S*Mobarakeh Steel,20140428,4330,4453,4276,4402,50892210772,11562361,742,D,4446,4400
S*Mobarakeh Steel,20140427,4560,4560,4330,4446,20372628151,4629231,807,D,4480,4331
S*Mobarakeh Steel,20140426,4320,4490,4320,4480,56871316829,12695783,1232,D,4318,4486
S*Mobarakeh Steel,20140423,4316,4344,4160,4318,65344822633,15132847,1227,D,4316,4317
S*Mobarakeh Steel,20140422,4290,4330,4233,4316,74076851241,17165137,1514,D,4164,4233
S*Mobarakeh Steel,20140421,4060,4179,4050,4164,69751916109,16750846,792,D,4019,4179
S*Mobarakeh Steel,20140420,4040,4110,4031,4019,16647818142,4095961,347,D,3991,4070
S*Mobarakeh Steel,20140419,4000,4000,3845,3991,5416060154,1384706,297,D,4003,3955
S*Mobarakeh Steel,20140416,4018,4085,3980,4003,14165511877,3515574,459,D,3991,3981
S*Mobarakeh Steel,20140415,3900,4020,3900,3991,26058571660,6572960,787,D,4033,4000
S*Mobarakeh Steel,20140414,4000,4050,3981,4033,37153460578,9254751,924,D,4146,4010
S*Mobarakeh Steel,20140413,4014,4148,3992,4146,1.5167E+12,365835340,721,D,4148,4037
S*Mobarakeh Steel,20140412,4100,4143,4020,4148,8852420895,2195652,419,D,4178,4031
S*Mobarakeh Steel,20140409,4137,4178,4081,4178,1.51154E+12,361816894,348,D,4178,4127
S*Mobarakeh Steel,20140408,4100,4186,4089,4178,12071875274,2929708,376,D,4199,4106
S*Mobarakeh Steel,20140407,4101,4190,4080,4199,6557372648,1592575,479,D,4213,4094
S*Mobarakeh Steel,20140406,4136,4160,4090,4213,13620386720,3316797,463,D,4260,4120
S*Mobarakeh Steel,20140405,4240,4240,4150,4260,9895528902,2365684,381,D,4281,4170
S*Mobarakeh Steel,20140331,4290,4294,4180,4281,11033707461,2599289,351,D,4292,4200
S*Mobarakeh Steel,20140330,4181,4284,4142,4292,4689848819,1102556,281,D,4296,4280
S*Mobarakeh Steel,20140329,4190,4230,4135,4296,3724721114,889408,272,D,4306,4230
S*Mobarakeh Steel,20140326,4309,4309,4171,4306,4960787321,1183230,206,D,4320,4190
S*Mobarakeh Steel,20140325,4349,4349,4280,4320,4511379501,1050613,238,D,4323,4281
S*Mobarakeh Steel,20140319,4300,4338,4230,4323,12554684151,2932433,600,D,4339,4300
S*Mobarakeh Steel,20140318,4325,4400,4229,4339,2.24964E+12,518443000,642,D,4314,4255
S*Mobarakeh Steel,20140317,4287,4319,4202,4314,51905076291,12032571,941,D,4153,4319
S*Mobarakeh Steel,20140316,4170,4244,4150,4153,1.2227E+12,294436057,1031,D,4081,4244
S*Mobarakeh Steel,20140315,3950,4126,3950,4081,1.03342E+11,25325646,1085,D,3968,4126
S*Mobarakeh Steel,20140312,3876,4095,3840,3968,57172642434,14407619,677,D,3981,3990
S*Mobarakeh Steel,20140311,3911,3950,3881,3981,6910648041,1768273,449,D,3995,3917
S*Mobarakeh Steel,20140310,3900,3958,3900,3995,8016225601,2047297,347,D,4013,3942
S*Mobarakeh Steel,20140309,3950,3969,3901,4013,7818758220,1990993,372,D,4032,3910
S*Mobarakeh Steel,20140308,4060,4060,3950,4032,30773553823,7638241,436,D,4041,4029
S*Mobarakeh Steel,20140305,3979,4099,3960,4041,11124783814,2756116,617,D,4043,4041
S*Mobarakeh Steel,20140304,3910,4040,3900,4043,8454174339,2133048,485,D,4062,3997
S*Mobarakeh Steel,20140303,4000,4000,3939,4062,11237593410,2845520,576,D,4103,3939
S*Mobarakeh Steel,20140302,4028,4100,3990,4103,11975467786,2982487,688,D,4136,4009
S*Mobarakeh Steel,20140301,4001,4160,4001,4136,9938528116,2438524,574,D,4154,4110
S*Mobarakeh Steel,20140226,4029,4105,4029,4154,12212733566,3019661,791,D,4196,4060
S*Mobarakeh Steel,20140225,4110,4111,4069,4196,11370468984,2790658,655,D,4238,4069
S*Mobarakeh Steel,20140224,4175,4175,4120,4238,13821996281,3346587,758,D,4287,4150
S*Mobarakeh Steel,20140223,4251,4280,4188,4287,11916170841,2829974,804,D,4314,4200
S*Mobarakeh Steel,20140222,4300,4350,4260,4314,13638871777,3163778,635,D,4315,4314
S*Mobarakeh Steel,20140219,4250,4370,4201,4315,17037048964,3960291,821,D,4322,4315
S*Mobarakeh Steel,20140218,4280,4281,4185,4322,11559362494,2744734,676,D,4359,4274
S*Mobarakeh Steel,20140217,4360,4467,4250,4359,18548589753,4222183,1189,D,4337,4359
S*Mobarakeh Steel,20140216,4260,4470,4202,4337,11018723562,2512858,664,D,4322,4400
S*Mobarakeh Steel,20140215,4161,4369,4158,4322,6092070623,1429561,358,D,4331,4200
S*Mobarakeh Steel,20140212,4221,4221,4195,4331,9967599550,2375230,295,D,4369,4195
S*Mobarakeh Steel,20140210,4369,4380,4210,4369,1.68679E+12,386119797,1106,D,4369,4297
S*Mobarakeh Steel,20140209,4085,4370,4085,4369,1.59252E+12,364471314,564,D,4212,4365
S*Mobarakeh Steel,20140208,4212,4250,4212,4212,70941172526,16841252,728,D,4387,4212
S*Mobarakeh Steel,20140205,4260,4330,4252,4387,11216217479,2635652,465,D,4429,4252
S*Mobarakeh Steel,20140204,4411,4441,4303,4429,13288350404,3060418,595,D,4463,4350
S*Mobarakeh Steel,20140203,4410,4449,4350,4463,9360843126,2132355,384,D,4481,4448
S*Mobarakeh Steel,20140202,4589,4589,4350,4481,11284922147,2559953,555,D,4503,4390
S*Mobarakeh Steel,20140201,4591,4630,4500,4503,17889742867,3896724,748,D,4454,4550
S*Mobarakeh Steel,20140129,4433,4582,4406,4454,22024591473,4881187,844,D,4406,4582
S*Mobarakeh Steel,20140128,4402,4549,4401,4406,7711941791,1724613,420,D,4394,4430
S*Mobarakeh Steel,20140127,4322,4449,4319,4394,28977086147,6691727,760,D,4498,4399
S*Mobarakeh Steel,20140126,4500,4577,4394,4498,22834889635,5175412,694,D,4577,4394
S*Mobarakeh Steel,20140125,4450,4698,4440,4577,27039708494,5905074,701,D,4574,4480
S*Mobarakeh Steel,20140122,4561,4599,4493,4574,29562709269,6560433,780,D,4680,4493
S*Mobarakeh Steel,20140121,4600,4800,4520,4680,22734893225,4874840,655,D,4693,4560
S*Mobarakeh Steel,20140120,4650,4740,4577,4693,20372190048,4441394,403,D,4767,4577
S*Mobarakeh Steel,20140118,4703,4840,4674,4767,15167186575,3201520,538,D,4779,4700
S*Mobarakeh Steel,20140115,4810,4898,4720,4779,55100333755,11529622,755,D,4896,4800
S*Mobarakeh Steel,20140114,4998,4998,4781,4896,23160592668,4759418,679,D,4919,4860
S*Mobarakeh Steel,20140113,4932,5006,4900,4919,68089259554,13842907,908,D,4838,4910
S*Mobarakeh Steel,20140112,4910,4980,4824,4838,52200254709,10789353,944,D,5024,4950
S*Mobarakeh Steel,20140111,5030,5155,4972,5024,1.74047E+11,34639918,3109,D,4992,5000
S*Mobarakeh Steel,20140108,5000,5029,4923,4992,58740027639,11767171,5395,D,5022,4999
S*Mobarakeh Steel,20140107,5161,5170,4976,5022,47762160407,9529044,1391,D,5094,5007
S*Mobarakeh Steel,20140106,5125,5200,5010,5094,33758929503,6591199,1277,D,5050,5130
S*Mobarakeh Steel,20140105,5022,5121,4940,5050,62072239588,12292364,1613,D,4940,5100
S*Mobarakeh Steel,20140104,4841,5006,4732,4940,75350705050,15253701,1715,D,4814,5006
S*Mobarakeh Steel,20140101,4870,4870,4725,4814,37297090759,7745000,965,D,4810,4725
S*Mobarakeh Steel,20131230,4741,4850,4710,4810,48954477735,10178082,1246,D,4797,4800
S*Mobarakeh Steel,20131229,4899,4899,4730,4797,51775449045,10794157,1856,D,4905,4735
S*Mobarakeh Steel,20131228,4907,4907,4810,4905,3.64586E+11,74324534,4961,D,4719,4900
S*Mobarakeh Steel,20131225,4760,4760,4760,4719,28523214720,5992272,274,D,4577,4760
S*Mobarakeh Steel,20131224,4500,4596,4471,4577,1.47319E+11,32186832,1476,D,4420,4596
S*Mobarakeh Steel,20131222,4500,4520,4396,4420,2.67607E+11,60546016,2828,D,4469,4400
S*Mobarakeh Steel,20131221,4501,4600,4422,4469,68695826610,15370751,1519,D,4602,4440
S*Mobarakeh Steel,20131218,4651,4797,4534,4602,69454188440,15092779,1837,D,4722,4534
S*Mobarakeh Steel,20131217,4850,4850,4630,4722,52252366638,11065284,1535,D,4796,4681
S*Mobarakeh Steel,20131216,4796,4796,4780,4796,1.49812E+11,31236972,1250,D,4612,4796
S*Mobarakeh Steel,20131215,4500,4650,4499,4612,54931305082,11911278,1155,D,4472,4650
S*Mobarakeh Steel,20131214,4407,4599,4407,4472,34057816419,7618600,919,D,4590,4460
S*Mobarakeh Steel,20131211,4689,4689,4510,4590,33356162447,7268591,1274,D,4600,4530
S*Mobarakeh Steel,20131210,4479,4614,4479,4600,83288070611,18106317,1709,D,4437,4614
S*Mobarakeh Steel,20131209,4450,4500,4380,4437,43823266159,9877723,1262,D,4359,4430
S*Mobarakeh Steel,20131208,4299,4465,4261,4359,46946862810,10769352,1310,D,4369,4350
S*Mobarakeh Steel,20131207,4399,4399,4297,4369,19433162254,4490561,878,D,4426,4321
S*Mobarakeh Steel,20131204,4361,4480,4325,4426,17196184731,3940964,982,D,4491,4330
S*Mobarakeh Steel,20131203,4559,4560,4380,4491,19032069912,4242279,840,D,4497,4430
S*Mobarakeh Steel,20131202,4535,4565,4400,4497,42286835770,9402475,1647,D,4488,4450
S*Mobarakeh Steel,20131201,4330,4490,4330,4488,1.50222E+11,33475054,2060,D,4318,4487
S*Mobarakeh Steel,20131130,4251,4360,4237,4318,39287663278,9099342,1173,D,4270,4350
S*Mobarakeh Steel,20131127,4270,4365,4212,4270,67818650887,15883419,1628,D,4287,4260
S*Mobarakeh Steel,20131126,4340,4349,4246,4287,23765496281,5566183,1043,D,4331,4250
S*Mobarakeh Steel,20131125,4418,4418,4280,4331,35697972785,8241741,1476,D,4421,4291
S*Mobarakeh Steel,20131124,4455,4486,4350,4421,26168163101,5939843,1114,D,4472,4410
S*Mobarakeh Steel,20131123,4499,4538,4372,4472,27428384438,6131568,737,D,4468,4400
S*Mobarakeh Steel,20131120,4542,4542,4423,4468,14148067254,3171858,464,D,4474,4440
S*Mobarakeh Steel,20131119,4524,4524,4400,4474,50238816378,11229274,1885,D,4350,4498
S*Mobarakeh Steel,20131118,4290,4464,4280,4350,18539457560,4215736,670,D,4293,4464
S*Mobarakeh Steel,20131117,4370,4370,4280,4293,10417992740,2427126,483,D,4293,4287
S*Mobarakeh Steel,20131116,4350,4401,4250,4293,20623201620,4761046,965,D,4232,4292
S*Mobarakeh Steel,20131112,4211,4357,4180,4232,19890527110,4687689,799,D,4216,4300
S*Mobarakeh Steel,20131111,4205,4265,4172,4216,24163457285,5754889,1064,D,4267,4199
S*Mobarakeh Steel,20131110,4321,4322,4195,4267,24000103392,5673617,842,D,4369,4229
S*Mobarakeh Steel,20131109,4400,4439,4332,4369,18537007415,4258374,762,D,4388,4348
S*Mobarakeh Steel,20131106,4399,4420,4360,4388,16940309809,3861500,605,D,4390,4368
S*Mobarakeh Steel,20131105,4390,4440,4373,4390,16602365106,3781275,550,D,4389,4380
S*Mobarakeh Steel,20131104,4362,4380,4340,4389,12423472193,2851168,489,D,4407,4347
S*Mobarakeh Steel,20131103,4440,4440,4377,4407,28903875653,6572470,690,D,4461,4380
S*Mobarakeh Steel,20131102,4460,4465,4400,4461,16948432722,3819169,583,D,4483,4410
S*Mobarakeh Steel,20131030,4470,4524,4450,4483,17605868349,3926819,523,D,4482,4461
S*Mobarakeh Steel,20131029,4490,4555,4413,4482,16787943748,3752230,668,D,4490,4455
S*Mobarakeh Steel,20131028,4490,4550,4470,4490,16700440943,3714642,522,D,4485,4550
S*Mobarakeh Steel,20131027,4561,4562,4454,4485,31801029230,7112016,856,D,4639,4500
S*Mobarakeh Steel,20131026,4676,4700,4560,4639,67027530173,14447384,1485,D,4580,4561
S*Mobarakeh Steel,20131023,4549,4700,4409,4580,39249993286,8569511,1041,D,4592,4660
S*Mobarakeh Steel,20131022,4700,4700,4510,4592,24261982916,5339147,1050,D,4697,4530
S*Mobarakeh Steel,20131021,4719,4735,4650,4697,96792660269,20608525,1698,D,4556,4650
S*Mobarakeh Steel,20131020,4500,4687,4469,4556,69421991308,15236816,1724,D,4655,4560
S*Mobarakeh Steel,20131019,4660,4660,4522,4655,1.3519E+11,29044462,1672,D,4481,4567
S*Mobarakeh Steel,20131015,4370,4489,4370,4481,81771202285,18246906,1219,D,4317,4489
S*Mobarakeh Steel,20131014,4280,4392,4160,4317,5.84025E+11,135299839,2435,D,4224,4370
S*Mobarakeh Steel,20131013,4231,4231,4133,4224,8.50274E+11,201292316,1893,D,4069,4190
S*Mobarakeh Steel,20131012,3940,4069,3920,4069,1.49459E+12,367353866,797,D,3913,4069
S*Mobarakeh Steel,20131009,3900,4000,3871,3913,1.44631E+12,369647413,1057,D,3921,3970
S*Mobarakeh Steel,20131008,3910,3970,3890,3921,29768615905,7593229,664,D,3946,3917
S*Mobarakeh Steel,20131007,3990,3997,3911,3946,19063406924,4835510,613,D,3953,3930
S*Mobarakeh Steel,20131006,3851,4025,3851,3953,25851778393,6531833,1027,D,3928,3983
S*Mobarakeh Steel,20131005,3960,3980,3880,3928,20048447167,5110006,733,D,3936,3950
S*Mobarakeh Steel,20131002,3960,3991,3880,3936,28643207384,7277520,1096,D,3936,3940
S*Mobarakeh Steel,20131001,3901,3987,3851,3936,55024984270,13981611,1661,D,3834,3960
S*Mobarakeh Steel,20130930,3703,3858,3703,3834,65454951073,17073342,1621,D,3710,3858
S*Mobarakeh Steel,20130929,3740,3740,3660,3710,24825495015,6689959,786,D,3705,3733
S*Mobarakeh Steel,20130928,3750,3750,3673,3705,29114988503,7857600,886,D,3695,3695
S*Mobarakeh Steel,20130925,3720,3740,3645,3695,16765321416,4537839,658,D,3696,3650
S*Mobarakeh Steel,20130924,3714,3714,3685,3696,13225286241,3578054,485,D,3696,3700
S*Mobarakeh Steel,20130923,3669,3746,3650,3696,24915249944,6737350,929,D,3681,3695
S*Mobarakeh Steel,20130922,3685,3685,3569,3681,8785627753,2419320,560,D,3704,3650
S*Mobarakeh Steel,20130921,3710,3740,3655,3704,23154018215,6242842,921,D,3686,3667
S*Mobarakeh Steel,20130918,3740,3740,3681,3686,18708762169,5052861,707,D,3654,3699
S*Mobarakeh Steel,20130917,3649,3710,3620,3654,7987332730,2178796,478,D,3650,3630
S*Mobarakeh Steel,20130916,3620,3660,3574,3650,8920372036,2468046,405,D,3667,3626
S*Mobarakeh Steel,20130915,3679,3750,3601,3667,17536864087,4763824,690,D,3644,3620
S*Mobarakeh Steel,20130914,3740,3740,3550,3644,12803897151,3520357,651,D,3650,3650
S*Mobarakeh Steel,20130911,3650,3650,3650,3650,34560426500,9468610,573,D,3510,3650
S*Mobarakeh Steel,20130910,3595,3610,3570,3510,7764047755,2151976,195,D,3472,3610
S*Mobarakeh Steel,20130909,3546,3546,3458,3472,9118623100,2609113,499,D,3460,3480
S*Mobarakeh Steel,20130908,3400,3495,3400,3460,20548801770,5952277,717,D,3487,3470
S*Mobarakeh Steel,20130907,3425,3430,3425,3487,15009090951,4381904,526,D,3567,3425
S*Mobarakeh Steel,20130904,3480,3480,3452,3567,5351076652,1549089,221,D,3595,3452
S*Mobarakeh Steel,20130903,3696,3696,3550,3595,16608868843,4597672,757,D,3570,3552
S*Mobarakeh Steel,20130901,3525,3621,3525,3570,20080940943,5570391,942,D,3482,3621
S*Mobarakeh Steel,20130831,3380,3544,3380,3482,21327950736,6090255,913,D,3408,3500
S*Mobarakeh Steel,20130828,3410,3460,3408,3408,31952178440,9374565,661,D,3549,3408
S*Mobarakeh Steel,20130827,3580,3720,3450,3549,25963494620,7319953,1183,D,3593,3470
S*Mobarakeh Steel,20130826,3580,3599,3535,3593,15781023145,4420854,701,D,3625,3590
S*Mobarakeh Steel,20130825,3630,3633,3598,3625,15326274349,4250999,842,D,3648,3598
S*Mobarakeh Steel,20130824,3650,3650,3602,3648,10496161398,2892649,767,D,3659,3627
S*Mobarakeh Steel,20130821,3651,3658,3628,3659,13672659649,3754345,594,D,3676,3650
S*Mobarakeh Steel,20130820,3700,3700,3630,3676,11352559885,3106473,575,D,3690,3640
S*Mobarakeh Steel,20130819,3688,3716,3650,3690,17443852044,4724259,862,D,3686,3686
S*Mobarakeh Steel,20130818,3700,3740,3633,3686,25815368187,7008246,922,D,3707,3650
S*Mobarakeh Steel,20130817,3765,3830,3650,3707,28061539758,7571980,1291,D,3732,3698
S*Mobarakeh Steel,20130814,3737,3797,3670,3732,17718691510,4765486,975,D,3755,3709
S*Mobarakeh Steel,20130813,3830,3830,3700,3755,25976972072,6932357,1226,D,3822,3700
S*Mobarakeh Steel,20130812,3864,3864,3753,3822,16510599570,4358280,1039,D,3866,3820
S*Mobarakeh Steel,20130811,3890,3950,3806,3866,27127895106,7015193,1282,D,3855,3818
S*Mobarakeh Steel,20130807,3929,3988,3790,3855,54922803829,14245885,1701,D,3880,3800
S*Mobarakeh Steel,20130806,3800,3930,3720,3880,29814953092,7682996,1156,D,3807,3880
S*Mobarakeh Steel,20130805,3850,3850,3720,3807,16856839229,4457936,793,D,3842,3780
S*Mobarakeh Steel,20130804,3900,3929,3780,3842,38793704225,10098002,1519,D,3937,3790
S*Mobarakeh Steel,20130803,3980,4013,3840,3937,1.33794E+11,33981232,3820,D,3860,3889
S*Mobarakeh Steel,20130731,3860,3860,3860,3860,38797427420,10051147,319,D,3712,3860
S*Mobarakeh Steel,20130729,3680,3733,3601,3712,71556185703,19276853,1390,D,3590,3733
S*Mobarakeh Steel,20130728,3590,3590,3581,3590,51418555032,14323744,744,D,3233,3582
S*Mobarakeh Steel,20130727,0,0,0,3233,0,0,0,D,3233,5020
S*Mobarakeh Steel,20130724,0,0,0,4349,0,0,0,D,4349,5020
S*Mobarakeh Steel,20130723,0,0,0,4349,0,0,0,D,4349,5020
S*Mobarakeh Steel,20130722,0,0,0,4349,0,0,0,D,4349,5020
S*Mobarakeh Steel,20130721,0,0,0,4999,0,0,0,D,4999,5020
S*Mobarakeh Steel,20130720,0,0,0,4999,0,0,0,D,4999,5020
S*Mobarakeh Steel,20130717,0,0,0,4999,0,0,0,D,4999,5020
S*Mobarakeh Steel,20130716,5000,5048,4972,4999,1.42538E+11,28511163,1930,D,4989,5020
S*Mobarakeh Steel,20130715,5020,5070,4962,4989,25016161447,5014125,864,D,4990,4972
S*Mobarakeh Steel,20130714,5074,5074,4941,4990,37897826296,7597664,741,D,5074,5000
S*Mobarakeh Steel,20130713,5150,5150,5000,5074,29751307974,5893325,825,D,5155,5050
S*Mobarakeh Steel,20130710,5142,5290,5080,5155,52484654257,10182165,998,D,5103,5111
S*Mobarakeh Steel,20130709,5103,5180,4980,5103,31974870856,6282424,908,D,5160,5067
S*Mobarakeh Steel,20130708,5162,5200,5090,5160,33239814143,6453461,834,D,5209,5150
S*Mobarakeh Steel,20130707,5350,5364,5100,5209,62853340606,12065624,1406,D,5283,5206
S*Mobarakeh Steel,20130706,5131,5317,5131,5283,1.19944E+11,22704720,1559,D,5113,5317
S*Mobarakeh Steel,20130703,5050,5198,5021,5113,90338506149,17667453,2535,D,5159,5103
S*Mobarakeh Steel,20130702,5180,5230,5124,5159,96233713777,18654872,1708,D,5337,5130
S*Mobarakeh Steel,20130701,5380,5500,5230,5337,62684114253,11745911,1423,D,5297,5240
S*Mobarakeh Steel,20130630,5190,5306,5120,5297,1.48346E+11,28007637,2493,D,5102,5306
S*Mobarakeh Steel,20130629,5040,5171,5000,5102,58063668427,11380243,1348,D,4979,5170
S*Mobarakeh Steel,20130626,5045,5045,4890,4979,36932477310,7412429,1050,D,4899,4960
S*Mobarakeh Steel,20130625,4813,4976,4777,4899,39400045385,8042229,1174,D,4785,4940
S*Mobarakeh Steel,20130623,4709,4850,4700,4785,33901034613,7086772,998,D,4795,4805
S*Mobarakeh Steel,20130622,4880,4900,4781,4795,76638131698,15984106,1593,D,4980,4782
S*Mobarakeh Steel,20130619,5000,5000,4920,4980,30137184384,6072871,962,D,5043,4964
S*Mobarakeh Steel,20130618,5050,5150,4980,5043,75234647948,14919792,1673,D,5044,5020
S*Mobarakeh Steel,20130617,5047,5047,4980,5044,3.08573E+11,61177395,3690,D,4853,5047
S*Mobarakeh Steel,20130616,4917,4917,4917,4853,25110932154,5106962,196,D,4728,4917
S*Mobarakeh Steel,20130615,4885,4885,4885,4728,6133918640,1255664,111,D,4698,4885
S*Mobarakeh Steel,20130612,4702,4702,4632,4698,67993072718,14471775,1207,D,4522,4702
S*Mobarakeh Steel,20130611,4486,4609,4470,4522,24529066047,5377176,693,D,4432,4609
S*Mobarakeh Steel,20130610,4410,4500,4405,4432,7452134946,1671005,294,D,4425,4462
S*Mobarakeh Steel,20130609,4400,4447,4360,4425,10735149791,2438639,341,D,4436,4410
S*Mobarakeh Steel,20130608,4480,4480,4351,4436,9672101309,2205806,345,D,4456,4353
S*Mobarakeh Steel,20130603,4502,4509,4431,4456,8137692267,1823223,448,D,4454,4458
S*Mobarakeh Steel,20130602,4455,4550,4435,4454,10246796677,2275233,424,D,4434,4479
S*Mobarakeh Steel,20130601,4576,4576,4400,4434,13645891870,3041062,620,D,4400,4430
S*Mobarakeh Steel,20130529,4350,4450,4345,4400,27086880189,6110450,602,D,4279,4450
S*Mobarakeh Steel,20130528,4330,4380,4260,4279,8272956021,1916548,366,D,4267,4360
S*Mobarakeh Steel,20130527,4398,4400,4193,4267,24808892741,5838055,726,D,4322,4300
S*Mobarakeh Steel,20130526,4459,4459,4360,4322,9344709632,2121155,426,D,4290,4370
S*Mobarakeh Steel,20130525,4300,4425,4293,4290,7528497161,1705624,291,D,4255,4425
S*Mobarakeh Steel,20130522,4250,4310,4150,4255,7693069075,1802244,361,D,4251,4300
S*Mobarakeh Steel,20130521,4281,4359,4200,4251,10084543288,2361767,453,D,4243,4310
S*Mobarakeh Steel,20130520,4299,4376,4250,4243,4614709088,1074114,386,D,4234,4280
S*Mobarakeh Steel,20130519,4100,4340,4100,4234,11030138021,2625777,382,D,4251,4302
S*Mobarakeh Steel,20130518,4350,4350,4191,4251,21754043472,5185016,564,D,4365,4191
S*Mobarakeh Steel,20130515,4400,4550,4280,4365,25236383127,5817939,701,D,4446,4310
S*Mobarakeh Steel,20130514,4450,4450,4371,4446,20835417213,4758361,661,D,4553,4381
S*Mobarakeh Steel,20130513,4540,4540,4451,4553,18999307869,4236867,496,D,4636,4451
S*Mobarakeh Steel,20130512,4770,4770,4488,4636,29763755529,6419324,703,D,4632,4530
S*Mobarakeh Steel,20130511,4451,4680,4451,4632,44963822060,9706444,877,D,4502,4600
S*Mobarakeh Steel,20130508,4552,4590,4440,4502,46516409021,10331677,763,D,4603,4500
S*Mobarakeh Steel,20130507,4730,4730,4500,4603,20707808411,4557204,701,D,4687,4600
S*Mobarakeh Steel,20130506,4700,4740,4613,4687,47558334169,10147367,970,D,4774,4682
S*Mobarakeh Steel,20130505,4869,4869,4560,4774,1.08511E+11,22727829,1766,D,4682,4725
S*Mobarakeh Steel,20130504,4603,4687,4603,4682,54968449296,11739782,613,D,4507,4687
S*Mobarakeh Steel,20130501,4470,4540,4470,4507,44609696334,9898567,971,D,4496,4494
S*Mobarakeh Steel,20130430,4573,4610,4451,4496,37128833831,8257638,841,D,4514,4460
S*Mobarakeh Steel,20130429,4420,4577,4420,4514,80676277051,17873925,1135,D,4409,4550
S*Mobarakeh Steel,20130428,4401,4489,4356,4409,30228384402,6857189,777,D,4411,4401
S*Mobarakeh Steel,20130427,4371,4438,4302,4411,22593378314,5140081,728,D,4441,4420
S*Mobarakeh Steel,20130424,4590,4590,4368,4441,33907639193,7636381,1239,D,4481,4371
S*Mobarakeh Steel,20130423,4470,4484,4413,4481,35451644163,7911315,555,D,4312,4484
S*Mobarakeh Steel,20130422,4200,4319,4200,4312,35031339091,8124532,564,D,4153,4319
S*Mobarakeh Steel,20130421,4100,4300,4068,4153,23742145087,5708776,789,D,4135,4190
S*Mobarakeh Steel,20130420,4220,4220,4082,4135,29133282345,7062357,841,D,4235,4100
S*Mobarakeh Steel,20130417,4261,4265,4198,4235,25600204682,6055000,668,D,4261,4220
S*Mobarakeh Steel,20130416,4283,4310,4240,4261,33183174294,7787362,779,D,4254,4260
S*Mobarakeh Steel,20130415,4174,4340,4174,4254,18204931599,4253015,546,D,4222,4282
S*Mobarakeh Steel,20130413,4260,4277,4200,4222,29542284031,7010571,704,D,4298,4277
S*Mobarakeh Steel,20130410,4340,4340,4277,4298,39586073368,9209687,828,D,4347,4301
S*Mobarakeh Steel,20130409,4300,4400,4300,4347,62177656522,14304820,675,D,4351,4336
S*Mobarakeh Steel,20130408,4300,4417,4280,4351,20026320050,4635708,795,D,4398,4310
S*Mobarakeh Steel,20130407,4385,4385,4280,4398,9541022262,2212861,578,D,4432,4336
S*Mobarakeh Steel,20130406,4421,4455,4315,4432,14165179261,3259583,746,D,4494,4335
S*Mobarakeh Steel,20130403,4496,4496,4360,4494,11012492272,2499661,557,D,4536,4402
S*Mobarakeh Steel,20130331,4524,4579,4500,4536,11464270963,2525712,457,D,4535,4530
S*Mobarakeh Steel,20130330,4500,4535,4419,4535,14763963325,3296359,668,D,4576,4520
S*Mobarakeh Steel,20130327,4630,4630,4490,4576,23086002164,5078018,815,D,4634,4500
S*Mobarakeh Steel,20130326,4648,4648,4558,4634,42955967844,9270526,1131,D,4470,4610
S*Mobarakeh Steel,20130325,4470,4470,4470,4470,50394838110,11274013,315,D,4299,4470
S*Mobarakeh Steel,20130318,4250,4388,4230,4299,29193369648,6772449,1126,D,4220,4388
S*Mobarakeh Steel,20130317,4200,4260,4190,4220,1.67581E+12,397108047,437,D,4267,4221
S*Mobarakeh Steel,20130316,4380,4429,4267,4267,2.76519E+12,648001016,850,D,4444,4267
S*Mobarakeh Steel,20130313,4270,4467,4270,4444,2.88674E+11,64964663,1011,D,4299,4363
S*Mobarakeh Steel,20130312,4240,4350,4174,4299,1.52561E+11,35483725,632,D,4319,4320
S*Mobarakeh Steel,20130311,4400,4457,4200,4319,13305455735,3116586,590,D,4353,4240
S*Mobarakeh Steel,20130310,4198,4365,4171,4353,1.5725E+11,36123748,1085,D,4198,4365
S*Mobarakeh Steel,20130309,4200,4298,4132,4198,2.44133E+11,58153600,694,D,4158,4156
S*Mobarakeh Steel,20130306,4202,4250,4099,4158,58331599915,14028822,1097,D,4216,4170
S*Mobarakeh Steel,20130305,4300,4338,4181,4216,37159181057,8812987,1045,D,4355,4197
S*Mobarakeh Steel,20130304,4375,4450,4282,4355,28516175196,6558561,725,D,4392,4300
S*Mobarakeh Steel,20130303,4350,4450,4301,4392,3.90784E+11,88973628,676,D,4346,4350
S*Mobarakeh Steel,20130302,4500,4500,4330,4346,80089213836,18428526,1589,D,4510,4330
S*Mobarakeh Steel,20130227,4600,4680,4500,4510,1.01828E+12,225783985,1288,D,4500,4590
S*Mobarakeh Steel,20130226,4402,4580,4402,4500,23277340428,5130268,759,D,4426,4549
S*Mobarakeh Steel,20130225,4462,4500,4360,4426,1.00914E+11,22799528,856,D,4533,4470
S*Mobarakeh Steel,20130224,4620,4620,4463,4533,45204750140,9972996,893,D,4648,4463
S*Mobarakeh Steel,20130223,4700,4700,4588,4648,28319522496,6121713,817,D,4730,4640
S*Mobarakeh Steel,20130220,4750,4797,4702,4730,37767355748,7984451,765,D,4776,4721
S*Mobarakeh Steel,20130219,4835,4850,4725,4776,45222328832,9468896,879,D,4851,4744
S*Mobarakeh Steel,20130218,4895,4945,4792,4851,44565351055,9186536,896,D,4870,4800
S*Mobarakeh Steel,20130217,4839,4951,4792,4870,49312964567,10126044,946,D,4822,4850
S*Mobarakeh Steel,20130216,4825,4867,4750,4822,32383050282,6721053,742,D,4849,4845
S*Mobarakeh Steel,20130213,4800,4896,4780,4849,24621082021,5103138,802,D,4896,4790
S*Mobarakeh Steel,20130212,4990,5074,4804,4896,1.78E+11,36355088,1041,D,4887,4830
S*Mobarakeh Steel,20130211,4806,4912,4806,4887,66674362731,13641875,1456,D,4724,4912
S*Mobarakeh Steel,20130209,4680,4800,4610,4724,42799246204,9060396,1037,D,4653,4798
S*Mobarakeh Steel,20130206,4520,4673,4520,4653,70690636655,15193953,1125,D,4494,4673
S*Mobarakeh Steel,20130205,4475,4530,4400,4494,8422673966,1881451,368,D,4500,4470
S*Mobarakeh Steel,20130204,0,0,0,4500,0,0,0,D,4500,4420
S*Mobarakeh Steel,20130203,0,0,0,4500,0,0,0,D,4500,4420
S*Mobarakeh Steel,20130202,4491,4620,4410,4500,58613805139,13024548,1222,D,4487,4420
S*Mobarakeh Steel,20130130,4542,4590,4421,4487,14860894250,3335126,588,D,4510,4440
S*Mobarakeh Steel,20130128,4421,4600,4421,4510,33608693219,7451630,888,D,4498,4540
S*Mobarakeh Steel,20130127,4650,4650,4493,4498,56134041666,12479283,984,D,4680,4493
S*Mobarakeh Steel,20130126,4768,4790,4646,4680,40163400937,8582727,1020,D,4642,4653
S*Mobarakeh Steel,20130123,4556,4648,4556,4642,95720397290,20620367,2174,D,4470,4648
S*Mobarakeh Steel,20130122,4501,4549,4466,4470,78726428976,17614126,1215,D,4652,4466
S*Mobarakeh Steel,20130121,4760,4840,4567,4652,67019198435,14405747,2124,D,4743,4568
S*Mobarakeh Steel,20130120,4721,4840,4685,4743,58646969006,12365464,1690,D,4849,4700
S*Mobarakeh Steel,20130119,4870,4888,4846,4849,1.07139E+11,22094106,1607,D,5047,4846
S*Mobarakeh Steel,20130116,5040,5100,4965,5047,93558614019,18537755,1784,D,5126,5020
S*Mobarakeh Steel,20130115,5119,5219,5010,5126,69677154606,13592903,1692,D,5031,5010
S*Mobarakeh Steel,20130114,4896,5064,4881,5031,1.32223E+11,26280904,2697,D,4870,5064
S*Mobarakeh Steel,20130113,4857,4994,4850,4870,1.08045E+11,22185752,1416,D,4845,4861
S*Mobarakeh Steel,20130109,4770,4888,4763,4845,44793512273,9244506,775,D,4802,4880
S*Mobarakeh Steel,20130108,4803,4848,4755,4802,36000348780,7493763,912,D,4726,4790
S*Mobarakeh Steel,20130107,4702,4799,4680,4726,46224975846,9781395,1155,D,4727,4770
S*Mobarakeh Steel,20130106,4813,4880,4667,4727,55033781726,11642722,1412,D,4861,4710
S*Mobarakeh Steel,20130102,4960,4960,4755,4861,24731890473,5136607,697,D,4953,4830
S*Mobarakeh Steel,20130101,5000,5070,4850,4953,57283192440,11566172,1397,D,4938,4875
S*Mobarakeh Steel,20121231,4830,4995,4830,4938,62219442329,12600121,1472,D,4803,4995
S*Mobarakeh Steel,20121230,4897,4897,4761,4803,1.02627E+11,21367178,1844,D,4938,4820
S*Mobarakeh Steel,20121229,5030,5105,4902,4938,1.01057E+11,20466968,2217,D,5106,4923
S*Mobarakeh Steel,20121226,4902,5177,4900,5106,1.22099E+11,23914038,2532,D,4978,5040
S*Mobarakeh Steel,20121225,5120,5150,4908,4978,1.24854E+11,25082051,2421,D,5112,4909
S*Mobarakeh Steel,20121224,5110,5128,5009,5112,1.8356E+11,35905689,3651,D,4931,5127
S*Mobarakeh Steel,20121223,4810,4942,4810,4931,1.46937E+11,29799690,1910,D,4752,4942
S*Mobarakeh Steel,20121222,4800,4800,4680,4752,88482392593,18619565,1818,D,4800,4731
S*Mobarakeh Steel,20121219,4740,4859,4701,4800,1.51287E+11,31519409,3075,D,4674,4729
S*Mobarakeh Steel,20121218,4678,4678,4603,4674,3.07914E+11,65878747,3339,D,4499,4678
S*Mobarakeh Steel,20121217,4485,4507,4471,4499,60772577433,13508635,613,D,4334,4507
S*Mobarakeh Steel,20121216,4230,4380,4212,4334,98770033590,22790040,1664,D,4212,4380
S*Mobarakeh Steel,20121215,4200,4295,4190,4212,40636918359,9648790,891,D,4170,4209
S*Mobarakeh Steel,20121212,4189,4189,4140,4170,95738632991,22959399,1269,D,4242,4186
S*Mobarakeh Steel,20121211,4255,4299,4192,4242,60912646784,14359720,1530,D,4276,4200
S*Mobarakeh Steel,20121210,4250,4316,4210,4276,99435123349,23252596,1921,D,4150,4239
S*Mobarakeh Steel,20121209,4099,4250,4085,4150,1.17637E+11,28345352,2591,D,4136,4198
S*Mobarakeh Steel,20121208,4138,4138,4073,4136,1.79344E+11,43365928,1691,D,3979,4090
S*Mobarakeh Steel,20121205,3850,4007,3850,3979,1.30823E+11,32876728,1986,D,3853,4007
S*Mobarakeh Steel,20121204,3830,3900,3820,3853,92342679739,23964462,1353,D,3804,3840
S*Mobarakeh Steel,20121203,3800,3831,3731,3804,1.19544E+11,31421963,1434,D,3831,3780
S*Mobarakeh Steel,20121202,3772,3875,3741,3831,88001825557,22968001,1687,D,3739,3790
S*Mobarakeh Steel,20121201,3661,3798,3658,3739,53557669780,14322958,1265,D,3689,3764
S*Mobarakeh Steel,20121128,3640,3725,3600,3689,81430694429,22072695,1872,D,3584,3660
S*Mobarakeh Steel,20121127,3619,3621,3582,3584,20866478980,5766289,393,D,3482,3621
S*Mobarakeh Steel,20121126,3500,3550,3452,3482,15775066243,4466318,507,D,3414,3550
S*Mobarakeh Steel,20121121,3429,3500,3425,3414,8730241386,2535256,401,D,3399,3450
S*Mobarakeh Steel,20121120,3380,3495,3333,3399,17675928557,5210516,686,D,3413,3420
S*Mobarakeh Steel,20121119,3485,3485,3381,3413,22924240274,6739661,849,D,3493,3391
S*Mobarakeh Steel,20121118,3480,3520,3440,3493,17795642869,5102913,603,D,3504,3466
S*Mobarakeh Steel,20121117,3580,3580,3481,3504,32583714736,9300002,1072,D,3617,3481
S*Mobarakeh Steel,20121114,3552,3670,3552,3617,43701558369,12081923,1169,D,3541,3589
S*Mobarakeh Steel,20121113,3480,3588,3480,3541,25274582053,7127959,798,D,3487,3530
S*Mobarakeh Steel,20121112,3479,3539,3400,3487,23022789661,6618830,782,D,3536,3480
S*Mobarakeh Steel,20121111,3566,3581,3470,3536,15707227356,4484830,700,D,3582,3480
S*Mobarakeh Steel,20121110,3650,3650,3530,3582,33662616757,9398520,979,D,3616,3559
S*Mobarakeh Steel,20121107,3599,3647,3550,3616,87228568419,24120300,2131,D,3507,3647
S*Mobarakeh Steel,20121106,3410,3560,3410,3507,45113603029,12865310,1211,D,3438,3526
S*Mobarakeh Steel,20121105,3520,3520,3436,3438,75059710748,21829919,1696,D,3579,3436
S*Mobarakeh Steel,20121104,3590,3649,3520,3579,44995770113,12572818,999,D,3593,3550
S*Mobarakeh Steel,20121031,3639,3640,3555,3593,80129201842,22302046,1835,D,3698,3600
S*Mobarakeh Steel,20121030,3683,3790,3640,3698,92343228884,24970059,1908,D,3707,3660
S*Mobarakeh Steel,20121029,3745,3750,3670,3707,64481961068,17394623,1614,D,3774,3702
S*Mobarakeh Steel,20121028,3859,3859,3738,3774,58429496193,15481359,1598,D,3852,3754
S*Mobarakeh Steel,20121027,3802,3894,3792,3852,81080186410,21047064,2084,D,3752,3823
S*Mobarakeh Steel,20121024,3676,3848,3670,3752,1.12488E+11,29981039,2639,D,3706,3790
S*Mobarakeh Steel,20121023,3740,3790,3621,3706,98059925037,26462618,2341,D,3746,3691
S*Mobarakeh Steel,20121022,3781,3820,3691,3746,2.9628E+11,79095495,4875,D,3190,3735
S*Mobarakeh Steel,20121021,0,0,0,3190,0,0,0,D,3190,3267
S*Mobarakeh Steel,20121020,0,0,0,3190,0,0,0,D,3190,3267
S*Mobarakeh Steel,20121017,3123,3280,3101,3190,93737983885,29384570,2086,D,3156,3267
S*Mobarakeh Steel,20121016,3100,3200,3091,3156,52955409617,16780143,1486,D,3126,3114
S*Mobarakeh Steel,20121015,3086,3136,3076,3126,60251641290,19274999,1342,D,3016,3100
S*Mobarakeh Steel,20121014,2911,3090,2883,3016,52828080823,17517899,1368,D,2976,3065
S*Mobarakeh Steel,20121013,3039,3039,2938,2976,19432650546,6563929,681,D,3060,2938
S*Mobarakeh Steel,20121010,3101,3101,3047,3060,46993487969,15357552,1276,D,3173,3055
S*Mobarakeh Steel,20121009,3233,3245,3112,3173,30974012188,9762991,1061,D,3166,3130
S*Mobarakeh Steel,20121008,3130,3197,3110,3166,44893962229,14179511,1077,D,3084,3186
S*Mobarakeh Steel,20121007,3030,3132,3016,3084,80894368280,26233023,1956,D,3012,3100
S*Mobarakeh Steel,20121006,3020,3069,2960,3012,45245567071,15023088,1013,D,3029,2998
S*Mobarakeh Steel,20121003,3031,3031,2971,3029,1.34382E+11,44360056,1523,D,2915,2974
S*Mobarakeh Steel,20121002,2851,3020,2799,2915,85890700615,29467609,1855,D,2907,2999
S*Mobarakeh Steel,20121001,2930,2980,2861,2907,41437227697,14254058,989,D,2980,2861
S*Mobarakeh Steel,20120930,3014,3014,2862,2980,95898238038,32184553,1896,D,2899,2926
S*Mobarakeh Steel,20120929,2899,2899,2862,2899,72155109635,24890309,991,D,2788,2899
S*Mobarakeh Steel,20120926,2735,2790,2730,2788,49962970456,17921694,783,D,2683,2790
S*Mobarakeh Steel,20120925,2651,2729,2642,2683,46465455988,17317124,1130,D,2648,2691
S*Mobarakeh Steel,20120924,2621,2700,2588,2648,17747892881,6704904,617,D,2657,2670
S*Mobarakeh Steel,20120923,2690,2700,2586,2657,46250261924,17403845,1158,D,2597,2680
S*Mobarakeh Steel,20120922,2470,2606,2470,2597,56078314188,21596603,1343,D,2506,2606
S*Mobarakeh Steel,20120919,2508,2549,2460,2506,13221085814,5310293,552,D,2542,2469
S*Mobarakeh Steel,20120918,2550,2590,2500,2542,10894877078,4304599,461,D,2556,2510
S*Mobarakeh Steel,20120917,2500,2598,2500,2556,14655155666,5726483,498,D,2546,2540
S*Mobarakeh Steel,20120916,2557,2600,2490,2546,9210909996,3638600,424,D,2559,2547
S*Mobarakeh Steel,20120915,2500,2576,2481,2559,29723937260,11617227,969,D,2477,2555
S*Mobarakeh Steel,20120911,2502,2530,2420,2477,17578069900,7093799,617,D,2467,2420
S*Mobarakeh Steel,20120910,2393,2491,2393,2467,50300372701,20392385,1003,D,2396,2491
S*Mobarakeh Steel,20120909,2448,2478,2383,2396,22742386078,9491040,815,D,2482,2429
S*Mobarakeh Steel,20120908,2457,2522,2431,2482,22674187163,9133615,710,D,2471,2450
S*Mobarakeh Steel,20120905,2500,2529,2421,2471,24425308581,9883881,801,D,2459,2455
S*Mobarakeh Steel,20120904,2400,2472,2380,2459,78794821624,32040758,1660,D,2377,2472
S*Mobarakeh Steel,20120903,2345,2380,2320,2377,69472965950,29221944,1110,D,2289,2380
S*Mobarakeh Steel,20120902,2240,2307,2211,2289,25056169837,10945411,632,D,2219,2307
S*Mobarakeh Steel,20120827,2229,2248,2158,2219,7247089583,3290918,535,D,2232,2239
S*Mobarakeh Steel,20120826,2210,2298,2210,2232,42182857225,18895817,1313,D,2047,2220
S*Mobarakeh Steel,20120825,2127,2127,2127,2047,280285425,131775,10,D,2046,2127
S*Mobarakeh Steel,20120822,2123,2123,2123,2046,873060397,411239,16,D,2042,2123
S*Mobarakeh Steel,20120821,2121,2121,2121,2042,502456416,236896,11,D,2040,2121
S*Mobarakeh Steel,20120818,2120,2120,2120,2040,197251160,93043,11,D,2039,2120
S*Mobarakeh Steel,20120815,2116,2116,2116,2039,869024272,410692,43,D,2035,2116
S*Mobarakeh Steel,20120814,2039,2074,2032,2035,8812875360,4261304,251,D,1995,2074
S*Mobarakeh Steel,20120813,2000,2029,1977,1995,2246062826,1116079,188,D,1992,2024
S*Mobarakeh Steel,20120812,2058,2058,1951,1992,3224070511,1612962,285,D,1990,1982
S*Mobarakeh Steel,20120811,1960,2032,1960,1990,8454396712,4183610,446,D,1954,2032
S*Mobarakeh Steel,20120808,1929,1954,1895,1954,5781569260,2994028,288,D,1968,1934
S*Mobarakeh Steel,20120807,1965,1969,1912,1968,4622383907,2410583,263,D,1991,1915
S*Mobarakeh Steel,20120806,1946,2058,1935,1991,12485418765,6283112,540,D,2005,1941
S*Mobarakeh Steel,20120805,1999,2037,1999,2005,14424974615,7216051,339,D,2082,1999
S*Mobarakeh Steel,20120804,2120,2120,2045,2082,10573305511,5138024,316,D,2130,2045
S*Mobarakeh Steel,20120801,2130,2135,2126,2130,24512723888,11507905,526,D,2124,2130
S*Mobarakeh Steel,20120731,0,0,0,2124,0,0,0,D,2124,2451
S*Mobarakeh Steel,20120730,0,0,0,2124,0,0,0,D,2124,2451
S*Mobarakeh Steel,20120729,0,0,0,2124,0,0,0,D,2124,2451
S*Mobarakeh Steel,20120728,0,0,0,2424,0,0,0,D,2424,2451
S*Mobarakeh Steel,20120725,0,0,0,2424,0,0,0,D,2424,2451
S*Mobarakeh Steel,20120724,0,0,0,2424,0,0,0,D,2424,2451
S*Mobarakeh Steel,20120723,0,0,0,2424,0,0,0,D,2424,2451
S*Mobarakeh Steel,20120722,0,0,0,2424,0,0,0,D,2424,2451
S*Mobarakeh Steel,20120721,0,0,0,2424,0,0,0,D,2424,2451
S*Mobarakeh Steel,20120718,0,0,0,2424,0,0,0,D,2424,2451
S*Mobarakeh Steel,20120717,0,0,0,2424,0,0,0,D,2424,2451
S*Mobarakeh Steel,20120716,0,0,0,2424,0,0,0,D,2424,2451
S*Mobarakeh Steel,20120715,0,0,0,2424,0,0,0,D,2424,2451
S*Mobarakeh Steel,20120714,2431,2459,2425,2424,7316297174,2998011,314,D,2413,2451
S*Mobarakeh Steel,20120711,2446,2446,2400,2413,14853639581,6154742,417,D,2411,2408
S*Mobarakeh Steel,20120710,2400,2450,2396,2411,17370993471,7202207,814,D,2403,2400
S*Mobarakeh Steel,20120709,2425,2425,2358,2403,7029349779,2948542,312,D,2414,2401
S*Mobarakeh Steel,20120708,2500,2500,2408,2414,32054085914,13280468,590,D,2508,2408
S*Mobarakeh Steel,20120707,2534,2534,2495,2508,9122958664,3644446,263,D,2512,2504
S*Mobarakeh Steel,20120704,2519,2528,2488,2512,14093588583,5612272,339,D,2515,2515
S*Mobarakeh Steel,20120703,2530,2548,2494,2515,10381580013,4143499,405,D,2527,2500
S*Mobarakeh Steel,20120702,2520,2540,2490,2527,1.21031E+11,47888997,903,D,2512,2510
S*Mobarakeh Steel,20120701,2525,2525,2475,2512,3758364701,1510448,212,D,2518,2486
S*Mobarakeh Steel,20120630,2557,2597,2470,2518,8651140360,3416489,439,D,2507,2504
S*Mobarakeh Steel,20120627,2507,2508,2507,2507,41083738214,16387602,545,D,2611,2507
S*Mobarakeh Steel,20120626,2525,2527,2525,2611,3497732425,1385197,151,D,2630,2525
S*Mobarakeh Steel,20120625,2565,2660,2559,2630,7235281429,2815592,233,D,2665,2559
S*Mobarakeh Steel,20120624,2664,2680,2664,2665,28926524837,10856112,365,D,2775,2664
S*Mobarakeh Steel,20120623,2671,2671,2671,2775,1224413110,458410,37,D,2782,2671
S*Mobarakeh Steel,20120620,2790,2790,2709,2782,7639215039,2814069,331,D,2821,2709
S*Mobarakeh Steel,20120619,2757,2800,2757,2821,2751903490,985160,117,D,2825,2780
S*Mobarakeh Steel,20120617,2800,2810,2755,2825,3327435534,1200357,216,D,2835,2777
S*Mobarakeh Steel,20120616,2830,2835,2796,2835,3212251884,1141973,179,D,2839,2800
S*Mobarakeh Steel,20120613,2800,2850,2792,2839,29624806875,10435084,178,D,2835,2835
S*Mobarakeh Steel,20120612,2860,2860,2791,2835,2544016956,904313,171,D,2838,2791
S*Mobarakeh Steel,20120611,2828,2870,2820,2838,1.37256E+11,48365061,295,D,2837,2866
S*Mobarakeh Steel,20120610,2772,2820,2772,2837,11433562359,4094499,372,D,2887,2782
S*Mobarakeh Steel,20120609,2822,2822,2784,2887,2361727878,845467,137,D,2899,2784
S*Mobarakeh Steel,20120606,2830,2839,2820,2899,2574358356,910940,172,D,2909,2830
S*Mobarakeh Steel,20120605,2856,2870,2810,2909,2099385596,740828,176,D,2917,2840
S*Mobarakeh Steel,20120602,2890,2890,2850,2917,3903245240,1363244,205,D,2929,2850
S*Mobarakeh Steel,20120530,2885,2901,2873,2929,5986891714,2069932,240,D,2943,2873
S*Mobarakeh Steel,20120529,2900,2906,2888,2943,4010004652,1386920,202,D,2954,2890
S*Mobarakeh Steel,20120528,2950,2960,2889,2954,7074087470,2432036,291,D,2975,2890
S*Mobarakeh Steel,20120527,2944,2968,2932,2975,3646697283,1235516,171,D,2979,2958
S*Mobarakeh Steel,20120526,3000,3000,2897,2979,4414228146,1508696,241,D,2992,2934
S*Mobarakeh Steel,20120523,3047,3080,3041,2992,4781462658,1561740,275,D,2975,3050
S*Mobarakeh Steel,20120522,3000,3040,2999,2975,5620462603,1863177,283,D,2962,3010
S*Mobarakeh Steel,20120521,2920,2997,2900,2962,3015850807,1018577,228,D,2962,2997
S*Mobarakeh Steel,20120520,2910,2940,2890,2962,3355684878,1152206,203,D,2971,2910
S*Mobarakeh Steel,20120519,2950,2950,2891,2971,2670011919,919369,182,D,2980,2910
S*Mobarakeh Steel,20120516,2997,2997,2930,2980,2651705505,898559,146,D,2984,2930
S*Mobarakeh Steel,20120515,3000,3030,2946,2984,5555343629,1874550,175,D,2990,2969
S*Mobarakeh Steel,20120514,2950,3000,2950,2990,11108330294,3723028,346,D,2996,2980
S*Mobarakeh Steel,20120513,2921,2987,2906,2996,7420673104,2527098,315,D,3025,2934
S*Mobarakeh Steel,20120512,3056,3056,2941,3025,8404496668,2840812,282,D,3063,2941
S*Mobarakeh Steel,20120509,3071,3080,3021,3063,10835992412,3562116,300,D,3080,3040
S*Mobarakeh Steel,20120508,3080,3080,3051,3080,4486780807,1463239,215,D,3083,3073
S*Mobarakeh Steel,20120507,3061,3078,3057,3083,8035395180,2622160,238,D,3093,3070
S*Mobarakeh Steel,20120506,3060,3150,3060,3093,12707941010,4089026,254,D,3077,3085
S*Mobarakeh Steel,20120505,3099,3099,3057,3077,6887585493,2244806,237,D,3081,3059
S*Mobarakeh Steel,20120502,3060,3100,3060,3081,54911647328,17823644,318,D,3108,3099
S*Mobarakeh Steel,20120501,3102,3128,3095,3108,17489464495,5618957,384,D,3096,3096
S*Mobarakeh Steel,20120430,3065,3134,3065,3096,13186387018,4241001,313,D,3081,3130
S*Mobarakeh Steel,20120429,3150,3150,3071,3081,47537295079,15428891,689,D,3198,3120
S*Mobarakeh Steel,20120428,3213,3230,3149,3198,10332136015,3255546,280,D,3215,3149
S*Mobarakeh Steel,20120424,3180,3250,3170,3215,8827083406,2752417,291,D,3219,3216
S*Mobarakeh Steel,20120423,3200,3200,3151,3219,10045173030,3158411,274,D,3246,3191
S*Mobarakeh Steel,20120422,3249,3249,3187,3246,12451955881,3886332,353,D,3288,3200
S*Mobarakeh Steel,20120421,3345,3345,3185,3288,10088710727,3095427,324,D,3307,3212
S*Mobarakeh Steel,20120418,3300,3378,3300,3307,8749753479,2626717,290,D,3295,3319
S*Mobarakeh Steel,20120417,3301,3320,3210,3295,9692063795,2950037,319,D,3301,3312
S*Mobarakeh Steel,20120416,3355,3355,3286,3301,25037077385,7589666,811,D,3422,3322
S*Mobarakeh Steel,20120415,3442,3442,3365,3422,68147338265,19915446,1024,D,3310,3380
S*Mobarakeh Steel,20120414,3185,3364,3185,3310,29329053446,8860947,641,D,3247,3309
S*Mobarakeh Steel,20120411,3251,3269,3190,3247,15333293191,4728417,524,D,3253,3250
S*Mobarakeh Steel,20120410,3150,3270,3150,3253,59284251843,18226526,1723,D,3145,3249
S*Mobarakeh Steel,20120409,3064,3182,3064,3145,25098814174,7980770,661,D,3099,3139
S*Mobarakeh Steel,20120408,3020,3140,3020,3099,22265824100,7176831,607,D,3061,3099
S*Mobarakeh Steel,20120407,3005,3050,3005,3061,4942875548,1635542,184,D,3071,3017
S*Mobarakeh Steel,20120404,2990,3075,2990,3071,4130943328,1358733,181,D,3078,3049
S*Mobarakeh Steel,20120403,3040,3050,2989,3078,7343121204,2440265,313,D,3109,3005
S*Mobarakeh Steel,20120402,3090,3150,3049,3109,4986215257,1616812,212,D,3115,3050
S*Mobarakeh Steel,20120328,3140,3170,3100,3115,7517113079,2403686,268,D,3110,3145
S*Mobarakeh Steel,20120327,3082,3150,3082,3110,14280711543,4562281,383,D,3081,3140
S*Mobarakeh Steel,20120326,3107,3107,3000,3081,13403737742,4372115,352,D,3100,3090
S*Mobarakeh Steel,20120325,3107,3107,3015,3100,63915083881,20618237,838,D,2988,3107
S*Mobarakeh Steel,20120324,3000,3086,3000,2988,4200884419,1362977,125,D,2968,3086
S*Mobarakeh Steel,20120318,2931,3009,2931,2968,13210021528,4421421,335,D,2942,3000
S*Mobarakeh Steel,20120317,2945,2965,2926,2942,18357875429,6225480,309,D,2912,2949
S*Mobarakeh Steel,20120314,2919,2998,2919,2912,7449017319,2518664,272,D,2890,2960
S*Mobarakeh Steel,20120313,2804,2937,2799,2890,8640733703,3031055,281,D,2915,2920
S*Mobarakeh Steel,20120312,2970,2970,2850,2915,15940410962,5509282,383,D,2968,2877
S*Mobarakeh Steel,20120311,2886,2986,2886,2968,30775099055,10368043,904,D,2872,2960
S*Mobarakeh Steel,20120310,2916,2918,2850,2872,7571970038,2615698,305,D,2860,2910
S*Mobarakeh Steel,20120307,2850,2934,2850,2860,10512008873,3621107,414,D,2823,2883
S*Mobarakeh Steel,20120306,2800,2830,2772,2823,7005623981,2500465,238,D,2833,2773
S*Mobarakeh Steel,20120305,2821,2868,2783,2833,3345733985,1188235,234,D,2836,2820
S*Mobarakeh Steel,20120304,2869,2869,2802,2836,3252081312,1146898,233,D,2836,2840
S*Mobarakeh Steel,20120303,2833,2895,2833,2836,7534674851,2639996,310,D,2827,2849
S*Mobarakeh Steel,20120229,2850,2898,2818,2827,1.65737E+11,58628939,600,D,2823,2823
S*Mobarakeh Steel,20120228,2823,2823,2817,2823,23758649883,8417061,397,D,2715,2823
S*Mobarakeh Steel,20120227,2749,2798,2744,2715,5178175144,1856445,242,D,2691,2798
S*Mobarakeh Steel,20120226,2650,2748,2649,2691,6748632377,2481181,325,D,2677,2712
S*Mobarakeh Steel,20120225,2686,2690,2656,2677,6520021385,2446661,245,D,2683,2670
S*Mobarakeh Steel,20120222,2700,2711,2650,2683,16129091386,6036765,515,D,2722,2700
S*Mobarakeh Steel,20120221,2768,2768,2661,2722,3102338666,1139903,92,D,2808,2725
S*Mobarakeh Steel,20120220,0,0,0,2808,0,0,0,D,2808,2850
S*Mobarakeh Steel,20120219,0,0,0,2808,0,0,0,D,2808,2850
S*Mobarakeh Steel,20120218,0,0,0,2808,0,0,0,D,2808,2850
S*Mobarakeh Steel,20120215,2789,2850,2730,2808,7920806415,2845153,296,D,2822,2850
S*Mobarakeh Steel,20120214,2860,2875,2790,2822,16881453554,6033069,480,D,2906,2790
S*Mobarakeh Steel,20120213,2899,2900,2863,2906,4953237333,1720149,253,D,2913,2865
S*Mobarakeh Steel,20120212,2920,2938,2872,2913,8384626585,2890894,300,D,2920,2888
S*Mobarakeh Steel,20120208,2880,2945,2860,2920,6408071332,2213881,336,D,2930,2940
S*Mobarakeh Steel,20120207,2900,2900,2871,2930,8456977152,2935415,359,D,2960,2872
S*Mobarakeh Steel,20120206,2921,2940,2881,2960,7778773692,2665044,388,D,2982,2915
S*Mobarakeh Steel,20120205,2981,2981,2912,2982,11618036568,3956316,384,D,3030,2931
S*Mobarakeh Steel,20120204,3030,3050,2988,3030,14839246181,4928093,513,D,3063,2990
S*Mobarakeh Steel,20120201,3096,3096,3020,3063,9110640279,2991414,397,D,3074,3050
S*Mobarakeh Steel,20120131,3040,3118,3000,3074,34976551254,11378325,1059,D,2999,3050
S*Mobarakeh Steel,20120130,2999,3001,2980,2999,6414668407,2147290,272,D,3004,2988
S*Mobarakeh Steel,20120129,3021,3021,2961,3004,9357704881,3126717,327,D,3012,2972
S*Mobarakeh Steel,20120128,3050,3079,3000,3012,16807003994,5544880,551,D,2964,3040
S*Mobarakeh Steel,20120125,2990,3005,2950,2964,24395612703,8230350,626,D,2981,2963
S*Mobarakeh Steel,20120123,3015,3057,2950,2981,25305111839,8487884,693,D,3046,2995
S*Mobarakeh Steel,20120121,3059,3100,3024,3046,10117956168,3306164,339,D,3035,3043
S*Mobarakeh Steel,20120118,2981,3078,2917,3035,21733641428,7154924,627,D,3007,3047
S*Mobarakeh Steel,20120117,3073,3099,2981,3007,24326923627,8089455,695,D,3095,3001
S*Mobarakeh Steel,20120116,3069,3126,3060,3095,33526882893,10833343,950,D,3011,3080
S*Mobarakeh Steel,20120115,2914,3021,2914,3011,50962604062,16926605,1149,D,2905,3021
S*Mobarakeh Steel,20120111,2866,2930,2860,2905,16010276560,5516236,455,D,2911,2903
S*Mobarakeh Steel,20120110,2921,2970,2880,2911,11052896271,3787001,567,D,2903,2880
S*Mobarakeh Steel,20120109,2800,2918,2781,2903,42667136799,14696789,1215,D,2806,2895
S*Mobarakeh Steel,20120108,2780,2840,2750,2806,12696335404,4531668,390,D,2813,2800
S*Mobarakeh Steel,20120107,2812,2850,2740,2813,13942834759,4963725,524,D,2819,2760
S*Mobarakeh Steel,20120104,2751,2849,2751,2819,37900031896,13446272,1381,D,2741,2810
S*Mobarakeh Steel,20120103,2655,2763,2653,2741,29001185891,10579032,1014,D,2657,2763
S*Mobarakeh Steel,20120102,2650,2680,2600,2657,8721075331,3311272,365,D,2675,2640
S*Mobarakeh Steel,20120101,2695,2695,2620,2675,25721360270,9616994,929,D,2592,2636
S*Mobarakeh Steel,20111231,2560,2660,2549,2592,43330424544,16715394,1038,D,2564,2630
S*Mobarakeh Steel,20111228,2552,2600,2550,2564,10805361523,4217177,287,D,2567,2550
S*Mobarakeh Steel,20111227,2562,2580,2530,2567,7267652137,2839587,237,D,2571,2550
S*Mobarakeh Steel,20111226,2573,2594,2551,2571,4164750967,1621461,239,D,2572,2590
S*Mobarakeh Steel,20111225,2580,2580,2551,2572,8557173850,3330191,282,D,2573,2577
S*Mobarakeh Steel,20111224,2580,2600,2550,2573,15439062835,6015341,317,D,2597,2550
S*Mobarakeh Steel,20111221,2585,2604,2575,2597,5941977517,2293805,276,D,2600,2600
S*Mobarakeh Steel,20111220,2600,2604,2580,2600,8211374110,3167355,289,D,2605,2595
S*Mobarakeh Steel,20111219,2628,2633,2582,2605,9022289913,3469169,269,D,2608,2584
S*Mobarakeh Steel,20111218,2576,2649,2575,2608,11190157828,4281149,341,D,2601,2617
S*Mobarakeh Steel,20111217,2600,2600,2556,2601,5594800166,2171105,264,D,2611,2560
S*Mobarakeh Steel,20111214,2600,2611,2584,2611,10884962393,4184479,263,D,2623,2609
S*Mobarakeh Steel,20111213,2600,2649,2570,2623,5791651719,2216439,280,D,2627,2580
S*Mobarakeh Steel,20111212,2619,2619,2580,2627,8329295140,3207516,360,D,2649,2600
S*Mobarakeh Steel,20111211,2670,2670,2596,2649,10138098066,3898803,373,D,2698,2599
S*Mobarakeh Steel,20111210,2780,2780,2623,2698,12351536302,4616147,499,D,2731,2630
S*Mobarakeh Steel,20111207,2730,2767,2691,2731,22295159380,8163996,896,D,2667,2708
S*Mobarakeh Steel,20111204,2600,2676,2600,2667,28751791946,10778981,894,D,2574,2676
S*Mobarakeh Steel,20111203,2599,2630,2560,2574,8386624781,3235335,298,D,2561,2595
S*Mobarakeh Steel,20111130,2560,2575,2490,2561,9247202877,3619047,317,D,2566,2574
S*Mobarakeh Steel,20111129,2530,2618,2530,2566,10918635921,4188230,556,D,2518,2599
S*Mobarakeh Steel,20111128,2500,2560,2444,2518,32230572442,12798242,737,D,2524,2543
S*Mobarakeh Steel,20111127,2599,2599,2520,2524,20708837858,8205300,607,D,2625,2520
S*Mobarakeh Steel,20111126,2600,2648,2581,2625,6818394487,2617507,313,D,2635,2590
S*Mobarakeh Steel,20111123,2605,2648,2582,2635,10915215537,4206740,397,D,2684,2586
S*Mobarakeh Steel,20111122,2720,2798,2648,2684,30661221849,11425488,682,D,2758,2648
S*Mobarakeh Steel,20111121,2788,2788,2730,2758,4058542598,1484744,156,D,2764,2733
S*Mobarakeh Steel,20111120,2790,2790,2734,2764,10707045180,3889536,337,D,2776,2750
S*Mobarakeh Steel,20111119,2770,2849,2750,2776,7866342397,2822661,254,D,2770,2770
S*Mobarakeh Steel,20111116,2773,2798,2740,2770,5431694416,1966205,198,D,2773,2774
S*Mobarakeh Steel,20111114,2744,2789,2741,2773,4846954331,1751303,164,D,2774,2750
S*Mobarakeh Steel,20111113,2797,2797,2720,2774,7466984430,2707435,271,D,2782,2744
S*Mobarakeh Steel,20111112,2845,2860,2780,2782,5765366585,2044947,310,D,2768,2780
S*Mobarakeh Steel,20111109,2750,2839,2740,2768,11874222047,4249434,414,D,2736,2820
S*Mobarakeh Steel,20111108,2700,2730,2682,2736,11336849640,4207594,419,D,2786,2700
S*Mobarakeh Steel,20111106,2751,2769,2716,2786,9780460708,3574093,461,D,2829,2750
S*Mobarakeh Steel,20111105,2861,2861,2762,2829,12256132767,4388221,412,D,2877,2790
S*Mobarakeh Steel,20111102,2911,2911,2840,2877,12081741603,4206321,460,D,2882,2840
S*Mobarakeh Steel,20111101,2884,2884,2864,2882,10751554535,3744026,328,D,2892,2883
S*Mobarakeh Steel,20111031,2889,2913,2870,2892,10072170601,3488166,358,D,2896,2870
S*Mobarakeh Steel,20111030,2898,2898,2860,2896,10145066789,3524171,367,D,2910,2880
S*Mobarakeh Steel,20111029,2940,2940,2870,2910,10859878695,3753885,324,D,2926,2880
S*Mobarakeh Steel,20111026,2935,2945,2892,2926,9354292026,3207483,330,D,2932,2892
S*Mobarakeh Steel,20111025,2913,2980,2913,2932,6695392210,2277027,265,D,2929,2940
S*Mobarakeh Steel,20111024,2940,2940,2872,2929,10453664846,3617451,361,D,2963,2882
S*Mobarakeh Steel,20111023,2950,2997,2930,2963,16716519274,5658849,405,D,2988,2940
S*Mobarakeh Steel,20111022,3000,3020,2940,2988,17374380946,5835647,422,D,3019,2950
S*Mobarakeh Steel,20111019,3033,3069,3004,3019,8117444991,2682523,299,D,3016,3029
S*Mobarakeh Steel,20111018,3030,3048,3000,3016,7175946904,2374203,330,D,3013,3022
S*Mobarakeh Steel,20111017,2950,3050,2950,3013,13618532079,4533241,426,D,3026,3029
S*Mobarakeh Steel,20111016,3090,3090,3000,3026,22545428932,7460102,611,D,3124,3000
S*Mobarakeh Steel,20111015,3120,3129,3075,3124,9402310035,3040118,358,D,3144,3089
S*Mobarakeh Steel,20111012,3159,3180,3110,3144,15273025406,4866232,481,D,3152,3120
S*Mobarakeh Steel,20111011,3125,3189,3125,3152,1.58647E+11,50337815,513,D,3115,3150
S*Mobarakeh Steel,20111010,3100,3130,3100,3115,19536941993,6274353,309,D,3118,3125
S*Mobarakeh Steel,20111009,3130,3137,3099,3118,18890253195,6069486,523,D,3138,3100
S*Mobarakeh Steel,20111008,3156,3198,3120,3138,18817204366,5999594,481,D,3145,3130
S*Mobarakeh Steel,20111005,3139,3161,3120,3145,7994710321,2550069,320,D,3150,3128
S*Mobarakeh Steel,20111004,3140,3150,3112,3150,6322407752,2018211,274,D,3156,3117
S*Mobarakeh Steel,20111003,3140,3160,3101,3156,8168575622,2610603,404,D,3170,3117
S*Mobarakeh Steel,20111002,3180,3186,3137,3170,8273655885,2626729,328,D,3181,3146
S*Mobarakeh Steel,20111001,3180,3188,3132,3181,7222876538,2278705,244,D,3186,3160
S*Mobarakeh Steel,20110928,3200,3200,3172,3186,5542500191,1740236,224,D,3186,3179
S*Mobarakeh Steel,20110927,3151,3219,3151,3186,20186152509,6300035,499,D,3107,3180
S*Mobarakeh Steel,20110926,3120,3150,3060,3107,18917923542,6103189,467,D,3132,3125
S*Mobarakeh Steel,20110925,3137,3179,3129,3132,29074748686,9283637,811,D,3259,3160
S*Mobarakeh Steel,20110921,3250,3274,3220,3259,14959070391,4594104,424,D,3262,3240
S*Mobarakeh Steel,20110920,3272,3274,3250,3262,14388417384,4411881,326,D,3262,3260
S*Mobarakeh Steel,20110919,3268,3282,3245,3262,11735407968,3594351,331,D,3259,3256
S*Mobarakeh Steel,20110918,3250,3300,3240,3259,41683091167,12789346,493,D,3254,3261
S*Mobarakeh Steel,20110917,3229,3309,3229,3254,1.12984E+11,34726889,587,D,3247,3250
S*Mobarakeh Steel,20110914,3280,3300,3208,3247,24078256611,7421829,620,D,3315,3250
S*Mobarakeh Steel,20110913,3390,3392,3266,3315,45076795391,13598489,840,D,3391,3281
S*Mobarakeh Steel,20110912,3357,3428,3357,3391,1.02122E+11,30116141,1575,D,3406,3410
S*Mobarakeh Steel,20110911,3410,3449,3383,3406,71686134640,21046794,1355,D,3420,3414
S*Mobarakeh Steel,20110910,3400,3476,3390,3420,31109117230,9095135,816,D,3385,3400
S*Mobarakeh Steel,20110907,3300,3399,3291,3385,3.75866E+11,111031790,2616,D,3269,3399
S*Mobarakeh Steel,20110906,3227,3320,3176,3269,56174797877,17186331,1274,D,3212,3290
S*Mobarakeh Steel,20110905,3175,3270,3151,3212,25217138103,7850764,810,D,3193,3204
S*Mobarakeh Steel,20110904,3200,3240,3150,3193,25914564900,8116104,783,D,3198,3170
S*Mobarakeh Steel,20110903,3190,3250,3112,3198,47777987460,14940090,1160,D,3189,3200
S*Mobarakeh Steel,20110831,0,0,0,3189,0,0,0,D,3189,3195
S*Mobarakeh Steel,20110830,3128,3195,3107,3189,2.80174E+11,87856305,4585,D,3073,3195
S*Mobarakeh Steel,20110829,2945,3094,2945,3073,1.6993E+11,55303034,1735,D,2975,3094
S*Mobarakeh Steel,20110828,2986,2987,2920,2975,11893287217,4039600,560,D,3008,2923
S*Mobarakeh Steel,20110827,3031,3060,2971,3008,13800693786,4575492,599,D,2995,2985
S*Mobarakeh Steel,20110824,3028,3068,2960,2995,14927191893,4954818,600,D,2964,2960
S*Mobarakeh Steel,20110823,2910,3005,2902,2964,35677429590,12035439,1124,D,2901,2992
S*Mobarakeh Steel,20110821,2900,2920,2863,2901,20576451066,7091198,481,D,2899,2900
S*Mobarakeh Steel,20110820,2902,2950,2851,2899,26323388057,9079971,606,D,2887,2881
S*Mobarakeh Steel,20110817,2799,2902,2789,2887,74001553884,25632457,1180,D,2791,2890
S*Mobarakeh Steel,20110816,2800,2818,2770,2791,16308520286,5850207,516,D,2803,2780
S*Mobarakeh Steel,20110815,2801,2839,2775,2803,12447657168,4459476,380,D,2818,2790
S*Mobarakeh Steel,20110814,2840,2841,2791,2818,16390717284,5821856,535,D,2824,2799
S*Mobarakeh Steel,20110813,2840,2850,2810,2824,13929063047,4928609,423,D,2820,2830
S*Mobarakeh Steel,20110810,2810,2845,2803,2820,17925062739,6313804,684,D,2736,2845
S*Mobarakeh Steel,20110809,2800,2809,2714,2736,46489386924,16993746,1005,D,2827,2800
S*Mobarakeh Steel,20110808,2840,2887,2797,2827,25899425290,9160970,739,D,2863,2839
S*Mobarakeh Steel,20110807,2888,2893,2850,2863,12459291550,4337077,463,D,2850,2850
S*Mobarakeh Steel,20110806,2878,2888,2832,2850,24321573566,8534224,727,D,2950,2864
S*Mobarakeh Steel,20110803,2905,2978,2905,2950,47013762456,15935982,1356,D,2909,2945
S*Mobarakeh Steel,20110802,2930,2959,2885,2909,27996387904,9624495,767,D,2905,2898
S*Mobarakeh Steel,20110801,2835,2910,2830,2905,1.50827E+11,51914680,1138,D,2814,2900
S*Mobarakeh Steel,20110731,2863,2863,2783,2814,45534048444,16181189,1115,D,2862,2800
S*Mobarakeh Steel,20110730,2884,2911,2831,2862,13846124715,4837203,412,D,2898,2852
S*Mobarakeh Steel,20110727,2920,2945,2863,2898,18167565604,6269650,627,D,2923,2869
S*Mobarakeh Steel,20110726,2842,2950,2833,2923,50364355239,17231525,1376,D,2837,2929
S*Mobarakeh Steel,20110725,2821,2879,2821,2837,25570931811,9013578,779,D,2728,2827
S*Mobarakeh Steel,20110724,0,0,0,2728,0,0,0,D,2728,3030
S*Mobarakeh Steel,20110723,0,0,0,2728,0,0,0,D,2728,3030
S*Mobarakeh Steel,20110720,0,0,0,2728,0,0,0,D,2728,3030
S*Mobarakeh Steel,20110719,0,0,0,3028,0,0,0,D,3028,3030
S*Mobarakeh Steel,20110718,0,0,0,3028,0,0,0,D,3028,3030
S*Mobarakeh Steel,20110716,3020,3040,3010,3028,35592772923,11755688,952,D,3015,3030
S*Mobarakeh Steel,20110713,3003,3020,3000,3015,15732667129,5232596,477,D,3031,3012
S*Mobarakeh Steel,20110712,3025,3038,2995,3031,7417104642,2469096,297,D,3044,3010
S*Mobarakeh Steel,20110711,3041,3051,3000,3044,8172235322,2699038,325,D,3052,3048
S*Mobarakeh Steel,20110710,3030,3106,3000,3052,25258376177,8276919,794,D,2987,3049
S*Mobarakeh Steel,20110709,2990,3013,2910,2987,4241356030,1440649,222,D,2997,2935
S*Mobarakeh Steel,20110706,2970,3018,2952,2997,9565989479,3202836,345,D,3004,2960
S*Mobarakeh Steel,20110705,3030,3068,2955,3004,14367412299,4798381,409,D,3019,2979
S*Mobarakeh Steel,20110704,3010,3049,2980,3019,9264270933,3086158,327,D,3030,2980
S*Mobarakeh Steel,20110703,3066,3099,2980,3030,37791001233,12473274,783,D,3062,3010
S*Mobarakeh Steel,20110702,3065,3090,3020,3062,23706322466,7741672,650,D,2980,3050
S*Mobarakeh Steel,20110629,2964,3012,2940,2980,18184898104,6054259,530,D,2897,3012
S*Mobarakeh Steel,20110628,2871,2959,2867,2897,27567826536,9515117,653,D,2861,2900
S*Mobarakeh Steel,20110627,2890,2900,2857,2861,49819320461,17414029,798,D,2976,2858
S*Mobarakeh Steel,20110626,3010,3050,2969,2976,31858886552,10706275,701,D,3092,2969
S*Mobarakeh Steel,20110625,3081,3149,3021,3092,7785845928,2539681,329,D,3105,3021
S*Mobarakeh Steel,20110622,3107,3139,3080,3105,7066478661,2283655,286,D,3110,3088
S*Mobarakeh Steel,20110621,3099,3158,3087,3110,9499744269,3042476,297,D,3102,3091
S*Mobarakeh Steel,20110620,3100,3109,3071,3102,13851303397,4476833,365,D,3114,3090
S*Mobarakeh Steel,20110619,3136,3190,3083,3114,26965055645,8660008,631,D,3119,3100
S*Mobarakeh Steel,20110618,3071,3135,3071,3119,48423580587,15525723,901,D,3015,3135
S*Mobarakeh Steel,20110615,3070,3105,2978,3015,64645243470,21441036,1517,D,3102,3060
S*Mobarakeh Steel,20110614,3200,3230,3076,3102,55274478596,17819499,1008,D,3204,3076
S*Mobarakeh Steel,20110613,3168,3250,3150,3204,43847119365,13684828,1016,D,3170,3190
S*Mobarakeh Steel,20110612,3110,3199,3090,3170,14139647340,4461374,403,D,3187,3170
S*Mobarakeh Steel,20110611,3270,3295,3125,3187,37627910274,11806771,865,D,3196,3140
S*Mobarakeh Steel,20110608,3100,3224,3020,3196,1.15461E+11,36126007,2054,D,3100,3224
S*Mobarakeh Steel,20110607,3150,3197,3061,3100,15816896413,5101831,507,D,3175,3197
S*Mobarakeh Steel,20110606,3120,3201,3119,3175,41941623573,13208088,841,D,3078,3150
S*Mobarakeh Steel,20110601,3099,3120,3052,3078,45660660422,14836739,926,D,3094,3060
S*Mobarakeh Steel,20110531,3088,3096,3062,3094,56354162730,18215871,1026,D,2977,3096
S*Mobarakeh Steel,20110530,2880,2986,2880,2977,34629083046,11631246,619,D,2872,2986
S*Mobarakeh Steel,20110529,2960,2965,2866,2872,30152235976,10498647,821,D,2985,2866
S*Mobarakeh Steel,20110528,3030,3165,2931,2985,56346769915,18874382,1068,D,3053,2932
S*Mobarakeh Steel,20110525,3111,3111,3047,3053,51915350892,17003871,927,D,3173,3047
S*Mobarakeh Steel,20110524,3209,3250,3104,3173,40580913317,12790058,1102,D,3217,3111
S*Mobarakeh Steel,20110523,3102,3250,3070,3217,2.64802E+11,82310326,2168,D,3140,3213
S*Mobarakeh Steel,20110522,3134,3179,3072,3140,1.26887E+11,40403453,1939,D,3126,3170
S*Mobarakeh Steel,20110521,3050,3134,3031,3126,1.85061E+11,59208761,2690,D,3014,3134
S*Mobarakeh Steel,20110518,2935,3044,2935,3014,53595308710,17782106,1451,D,2927,3044
S*Mobarakeh Steel,20110517,2950,2980,2906,2927,9083496163,3091862,387,D,2908,2925
S*Mobarakeh Steel,20110516,2949,2984,2870,2908,14433956248,4963766,610,D,2875,2921
S*Mobarakeh Steel,20110515,2895,2905,2855,2875,16736168626,5820333,568,D,2921,2896
S*Mobarakeh Steel,20110514,2910,2910,2880,2921,3627714548,1253512,72,D,2931,2882
S*Mobarakeh Steel,20110511,2944,2986,2900,2931,18520084425,6318987,662,D,3001,2940
S*Mobarakeh Steel,20110510,3007,3008,2933,3001,1.17253E+11,39065951,1659,D,2893,2944
S*Mobarakeh Steel,20110509,2829,2895,2823,2893,96150304828,33240474,1261,D,2784,2895
S*Mobarakeh Steel,20110508,2860,2860,2732,2784,35476744741,12742467,987,D,2838,2750
S*Mobarakeh Steel,20110504,2850,2850,2850,2838,11982354750,4204335,215,D,2741,2850
S*Mobarakeh Steel,20110503,2741,2741,2741,2741,15025427412,5481732,152,D,2636,2741
S*Mobarakeh Steel,20110502,2670,2670,2670,2636,8474016630,3173789,81,D,2568,2670
S*Mobarakeh Steel,20110501,2509,2715,2509,2568,44011982149,17137217,1122,D,2613,2660
S*Mobarakeh Steel,20110430,2680,2700,2606,2613,14238989571,5448499,256,D,2714,2606
S*Mobarakeh Steel,20110427,2765,2765,2631,2714,10764661389,3972456,560,D,2734,2738
S*Mobarakeh Steel,20110426,2760,2765,2711,2734,10823110116,3960637,489,D,2739,2728
S*Mobarakeh Steel,20110425,2870,2870,2716,2739,15996336412,5839926,567,D,2827,2730
S*Mobarakeh Steel,20110424,2840,2895,2780,2827,17585256478,6220655,554,D,2831,2780
S*Mobarakeh Steel,20110423,2880,2880,2783,2831,12005062145,4242600,448,D,2846,2850
S*Mobarakeh Steel,20110420,2740,2861,2740,2846,14841438507,5214572,598,D,2751,2839
S*Mobarakeh Steel,20110419,2815,2860,2703,2751,11059488596,4035502,558,D,2810,2770
S*Mobarakeh Steel,20110418,2880,2880,2780,2810,12767289971,4547033,641,D,2857,2796
S*Mobarakeh Steel,20110417,2950,2950,2819,2857,11504471448,4042205,529,D,2923,2840
S*Mobarakeh Steel,20110416,2905,2950,2880,2923,19371382143,6627752,680,D,2849,2899
S*Mobarakeh Steel,20110413,2885,2889,2820,2849,17733069932,6224823,653,D,2897,2872
S*Mobarakeh Steel,20110412,2902,3000,2841,2897,21309326426,7355733,857,D,2925,2860
S*Mobarakeh Steel,20110411,2940,3050,2879,2925,30472248221,10416697,1166,D,2998,2879
S*Mobarakeh Steel,20110410,3050,3065,2976,2998,16787663721,5600526,686,D,3099,2976
S*Mobarakeh Steel,20110409,3129,3129,2970,3099,76799932799,24784735,1647,D,3009,3041
S*Mobarakeh Steel,20110406,2950,3066,2916,3009,64158223383,21320485,1681,D,2949,3066
S*Mobarakeh Steel,20110405,2979,2979,2870,2949,68581494371,23257347,1823,D,2865,2913
S*Mobarakeh Steel,20110404,2840,2867,2840,2865,16006253387,5587364,342,D,2757,2867
S*Mobarakeh Steel,20110403,2801,2846,2716,2757,30794624229,11168587,1086,D,2811,2800
S*Mobarakeh Steel,20110330,2898,2903,2796,2811,41611563196,14803080,876,D,2912,2796
S*Mobarakeh Steel,20110329,2900,2960,2860,2912,33150432023,11384626,736,D,2899,2890
S*Mobarakeh Steel,20110328,2867,2940,2865,2899,35508810678,12250055,898,D,2914,2881
S*Mobarakeh Steel,20110327,2942,2942,2845,2914,41257850943,14158400,1263,D,2829,2860
S*Mobarakeh Steel,20110326,2760,2831,2760,2829,51813213809,18317793,500,D,2723,2831
S*Mobarakeh Steel,20110319,2728,2749,2681,2723,29868231236,10970339,892,D,2644,2720
S*Mobarakeh Steel,20110316,2571,2655,2531,2644,43095234941,16300612,1031,D,2553,2655
S*Mobarakeh Steel,20110315,2550,2562,2521,2553,68147077973,26689305,1463,D,2464,2561
S*Mobarakeh Steel,20110314,2400,2465,2400,2464,37326309814,15146973,616,D,2371,2465
S*Mobarakeh Steel,20110313,2320,2399,2320,2371,14680632005,6191058,533,D,2324,2360
S*Mobarakeh Steel,20110312,2344,2344,2301,2324,7969037573,3435226,366,D,2334,2320
S*Mobarakeh Steel,20110309,2301,2350,2301,2334,12620523135,5407756,585,D,2300,2330
S*Mobarakeh Steel,20110308,2310,2310,2295,2300,42608747583,18522707,1130,D,2322,2300
S*Mobarakeh Steel,20110307,2303,2330,2284,2322,2.08274E+11,89697529,924,D,2318,2296
S*Mobarakeh Steel,20110306,2310,2354,2300,2318,8964717915,3862921,441,D,2308,2300
S*Mobarakeh Steel,20110305,2317,2338,2280,2308,16123563925,6986855,583,D,2281,2280
S*Mobarakeh Steel,20110302,2228,2316,2228,2281,19582261922,8583188,645,D,2227,2269
S*Mobarakeh Steel,20110301,2248,2248,2189,2227,8190894597,3700492,423,D,2274,2190
S*Mobarakeh Steel,20110228,2340,2340,2252,2274,17020030633,7485814,707,D,2345,2252
S*Mobarakeh Steel,20110227,2356,2356,2320,2345,72371695200,30858299,1679,D,2266,2330
S*Mobarakeh Steel,20110226,2268,2268,2220,2266,42517133508,18760603,589,D,2181,2268
S*Mobarakeh Steel,20110223,2152,2225,2149,2181,53323348534,24454283,1006,D,2140,2225
S*Mobarakeh Steel,20110222,2140,2158,2100,2140,25662806358,11989484,810,D,2165,2129
S*Mobarakeh Steel,20110220,2194,2194,2140,2165,29851064516,13789877,1116,D,2204,2150
S*Mobarakeh Steel,20110219,2200,2240,2172,2204,57690119717,26174531,1658,D,2291,2190
S*Mobarakeh Steel,20110216,0,0,0,2291,0,0,0,D,2291,3244
S*Mobarakeh Steel,20110215,0,0,0,2291,0,0,0,D,2291,3244
S*Mobarakeh Steel,20110214,0,0,0,2291,0,0,0,D,2291,3244
S*Mobarakeh Steel,20110213,0,0,0,3241,0,0,0,D,3241,3244
S*Mobarakeh Steel,20110212,0,0,0,3241,0,0,0,D,3241,3244
S*Mobarakeh Steel,20110209,0,0,0,3241,0,0,0,D,3241,3244
S*Mobarakeh Steel,20110208,0,0,0,3241,0,0,0,D,3241,3244
S*Mobarakeh Steel,20110207,0,0,0,3241,0,0,0,D,3241,3244
S*Mobarakeh Steel,20110206,3244,3244,3190,3241,4.05531E+11,125114401,5721,D,3120,3244
S*Mobarakeh Steel,20110205,3000,3120,3000,3120,1.9222E+11,61609211,1192,D,2778,3120
S*Mobarakeh Steel,20110201,2778,2778,2778,2778,33614588952,12100284,236,D,2672,2778
S*Mobarakeh Steel,20110131,2672,2672,2672,2672,24316749760,9100580,165,D,2570,2672
S*Mobarakeh Steel,20110130,2670,2670,2670,2570,225438780,84434,8,D,2568,2670
S*Mobarakeh Steel,20110129,2668,2668,2668,2568,202733316,75987,5,D,2566,2668
S*Mobarakeh Steel,20110126,2666,2666,2666,2566,205066054,76919,8,D,2564,2666
S*Mobarakeh Steel,20110124,0,0,0,2564,0,0,0,D,2564,2560
S*Mobarakeh Steel,20110123,0,0,0,2564,0,0,0,D,2564,2560
S*Mobarakeh Steel,20110122,0,0,0,2564,0,0,0,D,2564,2560
S*Mobarakeh Steel,20110119,0,0,0,2564,0,0,0,D,2564,2560
S*Mobarakeh Steel,20110118,0,0,0,2564,0,0,0,D,2564,2560
S*Mobarakeh Steel,20110117,0,0,0,2564,0,0,0,D,2564,2560
S*Mobarakeh Steel,20110116,0,0,0,2564,0,0,0,D,2564,2560
S*Mobarakeh Steel,20110115,0,0,0,2564,0,0,0,D,2564,2560
S*Mobarakeh Steel,20110112,0,0,0,2564,0,0,0,D,2564,2560
S*Mobarakeh Steel,20110111,0,0,0,2564,0,0,0,D,2564,2560
S*Mobarakeh Steel,20110110,0,0,0,2564,0,0,0,D,2564,2560
S*Mobarakeh Steel,20110109,0,0,0,2564,0,0,0,D,2564,2560
S*Mobarakeh Steel,20110108,0,0,0,2564,0,0,0,D,2564,2560
S*Mobarakeh Steel,20110105,0,0,0,2564,0,0,0,D,2564,2560
S*Mobarakeh Steel,20110104,0,0,0,2564,0,0,0,D,2564,2560
S*Mobarakeh Steel,20110103,0,0,0,2564,0,0,0,D,2564,2560
S*Mobarakeh Steel,20110102,0,0,0,2564,0,0,0,D,2564,2560
S*Mobarakeh Steel,20110101,0,0,0,2564,0,0,0,D,2564,2560
S*Mobarakeh Steel,20101229,0,0,0,2564,0,0,0,D,2564,2560
S*Mobarakeh Steel,20101228,0,0,0,2564,0,0,0,D,2564,2560
S*Mobarakeh Steel,20101227,0,0,0,2564,0,0,0,D,2564,2560
S*Mobarakeh Steel,20101226,0,0,0,2564,0,0,0,D,2564,2560
S*Mobarakeh Steel,20101225,0,0,0,2564,0,0,0,D,2564,2560
S*Mobarakeh Steel,20101222,0,0,0,2564,0,0,0,D,2564,2560
S*Mobarakeh Steel,20101221,0,0,0,2564,0,0,0,D,2564,2560
S*Mobarakeh Steel,20101220,0,0,0,2564,0,0,0,D,2564,2560
S*Mobarakeh Steel,20101219,0,0,0,2564,0,0,0,D,2564,2560
S*Mobarakeh Steel,20101218,0,0,0,2564,0,0,0,D,2564,2560
S*Mobarakeh Steel,20101214,0,0,0,2564,0,0,0,D,2564,2560
S*Mobarakeh Steel,20101213,0,0,0,2564,0,0,0,D,2564,2560
S*Mobarakeh Steel,20101212,0,0,0,2564,0,0,0,D,2564,2560
S*Mobarakeh Steel,20101211,0,0,0,2564,0,0,0,D,2564,2560
S*Mobarakeh Steel,20101208,0,0,0,2564,0,0,0,D,2564,2560
S*Mobarakeh Steel,20101207,0,0,0,2564,0,0,0,D,2564,2560
S*Mobarakeh Steel,20101206,0,0,0,2564,0,0,0,D,2564,2560
S*Mobarakeh Steel,20101205,0,0,0,2564,0,0,0,D,2564,2560
S*Mobarakeh Steel,20101204,0,0,0,2564,0,0,0,D,2564,2560
S*Mobarakeh Steel,20101201,0,0,0,2564,0,0,0,D,2564,2560
S*Mobarakeh Steel,20101130,0,0,0,2564,0,0,0,D,2564,2560
S*Mobarakeh Steel,20101129,0,0,0,2564,0,0,0,D,2564,2560
S*Mobarakeh Steel,20101128,0,0,0,2564,0,0,0,D,2564,2560
S*Mobarakeh Steel,20101127,2557,2634,2555,2564,6682862009,2580318,165,D,2534,2560
S*Mobarakeh Steel,20101124,2500,2560,2500,2534,14946841904,5899605,160,D,2518,2542
S*Mobarakeh Steel,20101123,2520,2550,2501,2518,2504299206,996828,103,D,2520,2548
S*Mobarakeh Steel,20101122,2490,2568,2490,2520,56272390660,22333229,174,D,2493,2508
S*Mobarakeh Steel,20101121,2440,2500,2430,2493,14030417318,5627295,236,D,2475,2489
S*Mobarakeh Steel,20101120,2461,2487,2424,2475,22800817820,9212959,135,D,2496,2440
S*Mobarakeh Steel,20101116,2500,2500,2451,2496,5319998679,2139101,122,D,2503,2460
S*Mobarakeh Steel,20101115,0,0,0,2503,0,0,0,D,2503,2499
S*Mobarakeh Steel,20101114,0,0,0,2503,0,0,0,D,2503,2499
S*Mobarakeh Steel,20101113,2500,2519,2472,2503,2176074807,876589,126,D,2508,2499
S*Mobarakeh Steel,20101110,2510,2510,2494,2508,2445235304,977312,115,D,2510,2500
S*Mobarakeh Steel,20101109,2499,2529,2474,2510,2686520388,1076067,96,D,2514,2510
S*Mobarakeh Steel,20101108,2476,2489,2461,2514,3309852179,1340537,139,D,2532,2470
S*Mobarakeh Steel,20101107,2540,2540,2481,2532,2599088200,1039834,96,D,2541,2500
S*Mobarakeh Steel,20101106,2540,2590,2530,2541,5189357228,2028595,132,D,2529,2550
S*Mobarakeh Steel,20101103,2549,2549,2471,2529,11322442738,4475921,93,D,2525,2503
S*Mobarakeh Steel,20101102,2500,2550,2449,2525,4470329059,1800025,152,D,2551,2500
S*Mobarakeh Steel,20101101,2550,2550,2470,2551,1652650912,659256,92,D,2558,2490
S*Mobarakeh Steel,20101031,2562,2619,2501,2558,1683490283,663794,95,D,2561,2521
S*Mobarakeh Steel,20101030,2580,2625,2574,2561,3564151091,1370034,113,D,2544,2610
S*Mobarakeh Steel,20101027,2530,2600,2513,2544,14729844221,5790668,164,D,2537,2590
S*Mobarakeh Steel,20101026,2598,2598,2525,2537,1928620380,760199,63,D,2590,2530
S*Mobarakeh Steel,20101025,0,0,0,2590,0,0,0,D,2590,2580
S*Mobarakeh Steel,20101024,0,0,0,2590,0,0,0,D,2590,2580
S*Mobarakeh Steel,20101023,2560,2650,2550,2590,3225291647,1232323,99,D,2580,2580
S*Mobarakeh Steel,20101020,2580,2580,2500,2580,1479605953,587194,83,D,2588,2532
S*Mobarakeh Steel,20101019,2601,2670,2500,2588,6143231538,2380336,192,D,2596,2500
S*Mobarakeh Steel,20101018,2601,2631,2591,2596,8467507199,3222299,210,D,2530,2617
S*Mobarakeh Steel,20101017,2559,2600,2501,2530,2603691631,1008659,153,D,2516,2580
S*Mobarakeh Steel,20101016,2450,2594,2437,2516,4817124235,1919828,234,D,2520,2545
S*Mobarakeh Steel,20101013,2510,2511,2504,2520,10068318034,4019641,173,D,2608,2504
S*Mobarakeh Steel,20101012,2698,2730,2599,2608,24546935141,9412355,310,D,2707,2599
S*Mobarakeh Steel,20101011,2695,2737,2680,2707,12679098069,4683800,317,D,2747,2691
S*Mobarakeh Steel,20101010,2750,2800,2675,2747,20680664519,7527308,308,D,2746,2679
S*Mobarakeh Steel,20101009,2700,2789,2700,2746,17502217191,6372968,317,D,2700,2750
S*Mobarakeh Steel,20101006,2701,2714,2680,2700,5936628921,2201628,191,D,2703,2680
S*Mobarakeh Steel,20101005,2700,2719,2700,2703,9683340842,3581224,169,D,2700,2701
S*Mobarakeh Steel,20101003,2662,2730,2662,2700,20236049947,7494048,190,D,2704,2700
S*Mobarakeh Steel,20101002,2710,2750,2671,2704,28478297375,10530826,281,D,2718,2703
S*Mobarakeh Steel,20100929,2700,2750,2681,2718,14687087372,5403265,300,D,2697,2714
S*Mobarakeh Steel,20100928,2698,2720,2670,2697,13530808749,5017800,322,D,2693,2684
S*Mobarakeh Steel,20100927,2690,2710,2661,2693,6463621145,2413626,262,D,2708,2710
S*Mobarakeh Steel,20100926,2800,2819,2695,2708,16247398434,5998795,316,D,2807,2730
S*Mobarakeh Steel,20100925,2800,2849,2759,2807,15239996350,5428464,320,D,2827,2800
S*Mobarakeh Steel,20100922,2835,2835,2800,2827,25787456173,9120985,555,D,2726,2824
S*Mobarakeh Steel,20100921,2679,2758,2640,2726,10837761564,3954197,305,D,2652,2758
S*Mobarakeh Steel,20100920,2689,2690,2621,2652,12004000960,4529388,336,D,2692,2690
S*Mobarakeh Steel,20100919,2774,2780,2667,2692,21455465755,7971443,602,D,2778,2690
S*Mobarakeh Steel,20100918,2777,2799,2731,2778,7894501019,2849048,249,D,2788,2750
S*Mobarakeh Steel,20100915,2810,2828,2773,2788,13857012509,4969602,307,D,2801,2790
S*Mobarakeh Steel,20100914,2830,2884,2773,2801,14746691126,5264085,367,D,2829,2799
S*Mobarakeh Steel,20100913,2911,2913,2814,2829,49475167306,17487690,625,D,2931,2820
S*Mobarakeh Steel,20100912,2913,2960,2899,2931,15336208164,5231943,392,D,2974,2925
S*Mobarakeh Steel,20100908,2930,3017,2900,2974,25057491822,8424538,630,D,3004,2966
S*Mobarakeh Steel,20100907,3040,3099,2995,3004,72878757757,24261024,961,D,3119,2995
S*Mobarakeh Steel,20100906,3152,3152,3050,3119,81220481406,26039709,1364,D,3031,3065
S*Mobarakeh Steel,20100905,3001,3069,2974,3031,1.11377E+11,36744193,1244,D,2951,2998
S*Mobarakeh Steel,20100904,2915,2953,2915,2951,60627169707,20544788,844,D,2840,2953
S*Mobarakeh Steel,20100831,2805,2900,2799,2840,42611712032,15006467,1046,D,2851,2869
S*Mobarakeh Steel,20100830,2839,2872,2763,2851,51528946946,18074914,941,D,2762,2770
S*Mobarakeh Steel,20100829,2700,2779,2699,2762,38501862316,13941422,718,D,2673,2779
S*Mobarakeh Steel,20100828,2640,2700,2630,2673,11940555414,4464210,306,D,2649,2694
S*Mobarakeh Steel,20100825,2620,2680,2600,2649,19692989543,7434108,483,D,2618,2630
S*Mobarakeh Steel,20100824,2639,2650,2581,2618,19026290160,7267479,493,D,2620,2650
S*Mobarakeh Steel,20100823,2570,2641,2570,2620,15972623810,6097488,398,D,2540,2637
S*Mobarakeh Steel,20100822,2524,2530,2480,2540,5147707112,2047927,221,D,2560,2510
S*Mobarakeh Steel,20100821,2544,2590,2510,2560,6361153789,2512191,211,D,2591,2510
S*Mobarakeh Steel,20100818,2590,2620,2570,2591,46099680106,17790334,557,D,2566,2590
S*Mobarakeh Steel,20100817,2597,2600,2564,2566,9579992651,3713426,300,D,2514,2570
S*Mobarakeh Steel,20100816,2432,2543,2432,2514,9764067260,3860118,341,D,2446,2543
S*Mobarakeh Steel,20100815,2431,2520,2430,2446,13847217266,5661717,421,D,2521,2439
S*Mobarakeh Steel,20100814,2583,2583,2498,2521,10226937819,4077836,205,D,2602,2498
S*Mobarakeh Steel,20100811,2591,2629,2576,2602,32596069163,12528825,550,D,2575,2579
S*Mobarakeh Steel,20100810,2520,2619,2520,2575,25864299975,10045162,618,D,2575,2580
S*Mobarakeh Steel,20100809,2620,2636,2552,2575,26503293118,10294157,803,D,2658,2552
S*Mobarakeh Steel,20100808,2671,2690,2610,2658,32681293224,12295814,787,D,2689,2633
S*Mobarakeh Steel,20100807,2602,2710,2602,2689,30053259776,11177249,608,D,2640,2653
S*Mobarakeh Steel,20100804,2600,2700,2580,2640,43810314741,16597088,1134,D,2637,2629
S*Mobarakeh Steel,20100803,2656,2656,2590,2637,61657729609,23384438,1086,D,2554,2592
S*Mobarakeh Steel,20100802,2550,2556,2531,2554,26628230870,10426096,411,D,2458,2556
S*Mobarakeh Steel,20100801,2413,2499,2413,2458,54345641485,22105504,1271,D,2412,2468
S*Mobarakeh Steel,20100731,2363,2432,2363,2412,17080201493,7082764,498,D,2339,2418
S*Mobarakeh Steel,20100728,2349,2370,2300,2339,15486634361,6619858,407,D,2322,2349
S*Mobarakeh Steel,20100726,2360,2379,2290,2322,25291769213,10892722,745,D,2329,2300
S*Mobarakeh Steel,20100725,2328,2358,2300,2329,94101829389,40398663,1236,D,2271,2351
S*Mobarakeh Steel,20100724,2250,2274,2241,2271,32164435409,14165491,833,D,2187,2274
S*Mobarakeh Steel,20100721,2150,2230,2150,2187,19880228922,9088567,860,D,2153,2180
S*Mobarakeh Steel,20100720,2159,2165,2140,2153,8867381987,4117283,354,D,2151,2140
S*Mobarakeh Steel,20100719,2160,2166,2140,2151,9814313433,4563252,302,D,2146,2151
S*Mobarakeh Steel,20100718,2161,2170,2137,2146,8182774676,3809028,327,D,2137,2145
S*Mobarakeh Steel,20100717,2140,2192,2125,2137,54158216654,25347598,454,D,2129,2154
S*Mobarakeh Steel,20100714,2129,2153,2125,2129,1.1836E+11,55586329,522,D,2127,2140
S*Mobarakeh Steel,20100713,2141,2148,2103,2127,33640868496,15816998,377,D,2171,2130
S*Mobarakeh Steel,20100712,2180,2220,2110,2171,18421134519,8486006,625,D,2143,2120
S*Mobarakeh Steel,20100711,2101,2158,2091,2143,14320605789,6681831,463,D,2075,2158
S*Mobarakeh Steel,20100707,2066,2115,2050,2075,53549581711,25801110,1449,D,1916,2083
S*Mobarakeh Steel,20100706,0,0,0,2416,0,0,0,D,2416,2399
S*Mobarakeh Steel,20100705,0,0,0,2416,0,0,0,D,2416,2399
S*Mobarakeh Steel,20100704,0,0,0,2416,0,0,0,D,2416,2399
S*Mobarakeh Steel,20100703,0,0,0,2416,0,0,0,D,2416,2399
S*Mobarakeh Steel,20100630,2439,2450,2399,2416,75159415275,31109696,1416,D,2413,2399
S*Mobarakeh Steel,20100629,2380,2445,2380,2413,12974203585,5377651,413,D,2397,2440
S*Mobarakeh Steel,20100628,2399,2445,2373,2397,5860877537,2445567,229,D,2339,2395
S*Mobarakeh Steel,20100627,0,0,0,2339,0,0,0,D,2339,2335
S*Mobarakeh Steel,20100623,2364,2364,2306,2339,5076391482,2171224,197,D,2339,2335
S*Mobarakeh Steel,20100622,2325,2396,2324,2339,12373658891,5289691,189,D,2327,2328
S*Mobarakeh Steel,20100621,2310,2317,2294,2327,3381613497,1467982,169,D,2337,2311
S*Mobarakeh Steel,20100620,2367,2367,2289,2337,5820993787,2518887,228,D,2367,2301
S*Mobarakeh Steel,20100619,2340,2374,2305,2367,3985901571,1701846,226,D,2381,2305
S*Mobarakeh Steel,20100616,2360,2399,2342,2381,8139737534,3436685,315,D,2415,2342
S*Mobarakeh Steel,20100615,2434,2440,2360,2415,8514480487,3514373,380,D,2393,2378
S*Mobarakeh Steel,20100614,2360,2422,2360,2393,10628193512,4433910,455,D,2342,2398
S*Mobarakeh Steel,20100613,2320,2378,2320,2342,8163643307,3462869,320,D,2299,2338
S*Mobarakeh Steel,20100612,2249,2320,2231,2299,12488648182,5431881,354,D,2242,2295
S*Mobarakeh Steel,20100609,2250,2257,2210,2242,5905016224,2642301,273,D,2250,2239
S*Mobarakeh Steel,20100608,2250,2258,2211,2250,4143225744,1855960,218,D,2261,2223
S*Mobarakeh Steel,20100607,2300,2300,2232,2261,8772293546,3898605,334,D,2309,2260
S*Mobarakeh Steel,20100606,2378,2378,2306,2309,11588880667,5019394,396,D,2389,2306
S*Mobarakeh Steel,20100602,2399,2400,2350,2389,4952365616,2077131,228,D,2393,2389
S*Mobarakeh Steel,20100601,2340,2400,2340,2393,56179543969,23473249,323,D,2352,2397
S*Mobarakeh Steel,20100531,2380,2380,2307,2352,7693533093,3292311,258,D,2388,2320
S*Mobarakeh Steel,20100530,2400,2410,2334,2388,5415427655,2292418,248,D,2413,2348
S*Mobarakeh Steel,20100529,2400,2490,2380,2413,6935121593,2870330,282,D,2407,2394
S*Mobarakeh Steel,20100526,2480,2480,2399,2407,18787895603,7806472,519,D,2485,2399
S*Mobarakeh Steel,20100525,2480,2517,2450,2485,51051704733,20543303,738,D,2462,2477
S*Mobarakeh Steel,20100524,0,0,0,2462,0,0,0,D,2462,2488
S*Mobarakeh Steel,20100523,0,0,0,2462,0,0,0,D,2462,2488
S*Mobarakeh Steel,20100522,0,0,0,2462,0,0,0,D,2462,2488
S*Mobarakeh Steel,20100519,2420,2500,2390,2462,22985304212,9336267,604,D,2438,2488
S*Mobarakeh Steel,20100518,2519,2519,2412,2438,13874025264,5690101,428,D,2499,2432
S*Mobarakeh Steel,20100516,2490,2526,2431,2499,12536459838,5015766,382,D,2444,2505
S*Mobarakeh Steel,20100515,2423,2520,2423,2444,58983003610,24136134,1069,D,2510,2520
S*Mobarakeh Steel,20100512,2485,2500,2472,2510,6951413753,2808034,225,D,2561,2472
S*Mobarakeh Steel,20100511,2577,2577,2486,2561,46985360055,18346525,925,D,2490,2530
S*Mobarakeh Steel,20100510,2496,2496,2496,2490,10967438976,4394006,214,D,2412,2496
S*Mobarakeh Steel,20100509,2340,2455,2340,2412,28144784453,11667253,685,D,2372,2455
S*Mobarakeh Steel,20100508,2343,2343,2343,2372,7286123163,3109741,103,D,2427,2343
S*Mobarakeh Steel,20100505,2488,2488,2426,2427,23560912890,9705925,599,D,2513,2426
S*Mobarakeh Steel,20100504,2551,2580,2487,2513,18912524562,7524416,679,D,2577,2500
S*Mobarakeh Steel,20100503,2670,2670,2570,2577,23616286870,9164074,642,D,2663,2570
S*Mobarakeh Steel,20100502,2700,2720,2600,2663,25348035550,9517098,746,D,2638,2670
S*Mobarakeh Steel,20100501,2560,2644,2560,2638,18043683003,6839472,321,D,2555,2644
S*Mobarakeh Steel,20100428,2581,2618,2546,2555,32419916380,12688272,753,D,2638,2546
S*Mobarakeh Steel,20100427,2716,2730,2618,2638,42812391496,16226066,1239,D,2712,2622
S*Mobarakeh Steel,20100426,2660,2750,2660,2712,56312524648,20760817,1429,D,2717,2711
S*Mobarakeh Steel,20100425,2712,2786,2711,2717,70784700504,26056953,1076,D,2809,2711
S*Mobarakeh Steel,20100424,2809,2809,2809,2809,21962349085,7818565,229,D,2910,2809
S*Mobarakeh Steel,20100421,2941,2950,2896,2910,78829141343,27093587,1403,D,3001,2940
S*Mobarakeh Steel,20100420,3030,3041,2900,3001,1.37983E+11,45972425,2671,D,2939,2997
S*Mobarakeh Steel,20100419,2947,2947,2947,2939,12811837899,4347417,174,D,2848,2947
S*Mobarakeh Steel,20100418,2797,2866,2791,2848,66692600667,23415608,1804,D,2770,2866
S*Mobarakeh Steel,20100417,2800,2859,2755,2770,93885311553,33899285,1804,D,2854,2761
S*Mobarakeh Steel,20100414,2863,2863,2760,2854,4.7891E+11,167801382,5336,D,2767,2863
S*Mobarakeh Steel,20100413,2767,2767,2767,2767,14464293276,5227428,166,D,2674,2767
S*Mobarakeh Steel,20100412,2715,2715,2715,2674,7055163705,2598587,102,D,2624,2715
S*Mobarakeh Steel,20100411,2697,2697,2697,2624,2549830104,945432,55,D,2606,2697
S*Mobarakeh Steel,20100410,2644,2644,2644,2606,7223019332,2731853,72,D,2555,2644
S*Mobarakeh Steel,20100407,2555,2555,2555,2555,18299903895,7162389,118,D,2469,2555
S*Mobarakeh Steel,20100406,2506,2506,2506,2469,6671836570,2662345,93,D,2422,2506
S*Mobarakeh Steel,20100405,2466,2466,2466,2422,5431143060,2202410,99,D,2383,2466
S*Mobarakeh Steel,20100404,2383,2383,2383,2383,1.31742E+11,55284140,646,D,2303,2383
S*Mobarakeh Steel,20100403,2366,2366,2366,2303,2452993088,1036768,33,D,2286,2366
S*Mobarakeh Steel,20100331,2358,2358,2358,2286,943200000,400000,16,D,2279,2358
S*Mobarakeh Steel,20100330,2357,2357,2357,2279,138247478,58654,8,D,2278,2357
S*Mobarakeh Steel,20100329,2334,2334,2334,2278,3103713522,1329783,25,D,2256,2334
S*Mobarakeh Steel,20100328,2334,2334,2334,2256,14118366,6049,5,D,2256,2334
S*Mobarakeh Steel,20100327,2331,2331,2331,2256,355104540,152340,26,D,2253,2331
S*Mobarakeh Steel,20100317,2170,2295,2170,2253,26555658065,11786466,696,D,2218,2249
S*Mobarakeh Steel,20100316,2216,2287,2216,2218,20483198867,9234365,471,D,2296,2216
S*Mobarakeh Steel,20100315,2339,2339,2265,2296,22500706189,9800541,665,D,2320,2280
S*Mobarakeh Steel,20100314,2302,2343,2300,2320,22714084992,9791891,615,D,2294,2315
S*Mobarakeh Steel,20100313,2261,2319,2241,2294,26976594049,11757753,845,D,2267,2310
S*Mobarakeh Steel,20100310,2290,2320,2223,2267,29721615626,13108913,788,D,2269,2240
S*Mobarakeh Steel,20100309,2222,2271,2222,2269,24563075601,10826279,613,D,2195,2271
S*Mobarakeh Steel,20100308,2175,2220,2171,2195,25507945699,11623456,723,D,2174,2220
S*Mobarakeh Steel,20100307,2189,2189,2158,2174,12690452998,5836266,501,D,2190,2172
S*Mobarakeh Steel,20100306,2170,2201,2161,2190,29573012865,13504064,827,D,2127,2183
S*Mobarakeh Steel,20100303,2113,2145,2110,2127,29164147791,13714406,478,D,2125,2115
S*Mobarakeh Steel,20100302,2080,2143,2080,2125,21400997558,10072273,680,D,2071,2100
S*Mobarakeh Steel,20100301,2085,2093,2052,2071,10794049054,5211609,369,D,2068,2065
S*Mobarakeh Steel,20100228,2050,2100,2050,2068,7237180710,3498786,325,D,2067,2072
S*Mobarakeh Steel,20100227,2090,2090,2043,2067,9094884834,4404431,393,D,2101,2050
S*Mobarakeh Steel,20100224,2119,2129,2080,2101,14364109976,6838201,535,D,2140,2111
S*Mobarakeh Steel,20100223,2121,2155,2101,2140,48117756110,22485175,1236,D,2083,2140
S*Mobarakeh Steel,20100222,2085,2085,2043,2083,68725711522,32991611,1299,D,2015,2085
S*Mobarakeh Steel,20100221,1980,2034,1976,2015,10044277296,4985179,309,D,1966,2034
S*Mobarakeh Steel,20100220,1949,1990,1946,1966,15087616202,7674226,321,D,1967,1980
S*Mobarakeh Steel,20100217,1950,1960,1938,1967,4992164076,2558796,274,D,1986,1948
S*Mobarakeh Steel,20100216,1980,2010,1953,1986,9537535644,4802770,393,D,1950,1970
S*Mobarakeh Steel,20100214,1929,1967,1929,1950,10351410914,5309215,364,D,1901,1967
S*Mobarakeh Steel,20100210,1880,1930,1880,1901,13742138263,7228331,415,D,1885,1892
S*Mobarakeh Steel,20100209,1870,1898,1860,1885,3906334610,2082556,177,D,1893,1870
S*Mobarakeh Steel,20100208,1899,1899,1863,1893,4488586994,2389613,261,D,1907,1863
S*Mobarakeh Steel,20100207,1900,1910,1892,1907,5671209397,2986610,243,D,1921,1892
S*Mobarakeh Steel,20100206,1926,1926,1897,1921,5974269466,3141101,313,D,1957,1906
S*Mobarakeh Steel,20100203,1940,1989,1940,1957,10553926303,5392805,400,D,1945,1959
S*Mobarakeh Steel,20100202,1948,1948,1911,1945,22570429851,11602071,588,D,1883,1916
S*Mobarakeh Steel,20100201,1841,1926,1839,1883,6114009143,3229445,259,D,1861,1926
S*Mobarakeh Steel,20100131,1829,1870,1829,1861,5483931591,2952205,282,D,1867,1859
S*Mobarakeh Steel,20100130,1867,1889,1867,1867,39273808145,21030169,893,D,1934,1867
S*Mobarakeh Steel,20100127,1940,1949,1920,1934,9194253288,4755187,422,D,1958,1930
S*Mobarakeh Steel,20100126,1982,2006,1938,1958,35802180394,18286051,1017,D,1909,1957
S*Mobarakeh Steel,20100125,0,0,0,1909,0,0,0,D,1909,1919
S*Mobarakeh Steel,20100124,0,0,0,1909,0,0,0,D,1909,1919
S*Mobarakeh Steel,20100123,0,0,0,1909,0,0,0,D,1909,1919
S*Mobarakeh Steel,20100120,1919,1935,1900,1909,13879926979,7271525,503,D,1895,1919
S*Mobarakeh Steel,20100119,1895,1920,1870,1895,8592457586,4535939,385,D,1905,1917
S*Mobarakeh Steel,20100118,1930,1938,1880,1905,8791130270,4615110,477,D,1924,1880
S*Mobarakeh Steel,20100117,1969,1969,1900,1924,22368292891,11626510,665,D,1940,1911
S*Mobarakeh Steel,20100116,1933,1980,1911,1940,18432910206,9502692,605,D,1930,1915
S*Mobarakeh Steel,20100113,1940,1960,1902,1930,11818259748,6121902,481,D,1966,1931
S*Mobarakeh Steel,20100112,2007,2038,1929,1966,21342415109,10853296,797,D,1984,1950
S*Mobarakeh Steel,20100111,1910,1996,1903,1984,46775803412,23574833,1183,D,1929,1996
S*Mobarakeh Steel,20100110,1935,1935,1870,1929,74333968934,38543262,1560,D,1870,1909
S*Mobarakeh Steel,20100109,1923,1923,1923,1870,1650639741,858367,43,D,1858,1923
S*Mobarakeh Steel,20100106,1800,1861,1800,1858,33064414087,17792573,743,D,1799,1861
S*Mobarakeh Steel,20100105,1751,1800,1751,1799,27007110274,15014701,714,D,1740,1800
S*Mobarakeh Steel,20100104,1720,1780,1700,1740,7602860891,4372311,336,D,1759,1750
S*Mobarakeh Steel,20100103,1762,1762,1714,1759,38683863389,21987690,819,D,1703,1720
S*Mobarakeh Steel,20100102,1690,1703,1690,1703,8225866364,4830598,154,D,1646,1703
S*Mobarakeh Steel,20091230,1617,1676,1616,1646,5031383882,3029604,296,D,1620,1655
S*Mobarakeh Steel,20091229,1595,1627,1595,1620,3943807887,2457130,211,D,1636,1627
S*Mobarakeh Steel,20091228,1681,1681,1613,1636,5359651620,3308041,234,D,1671,1613
S*Mobarakeh Steel,20091223,1656,1700,1627,1671,6828359698,4091733,321,D,1683,1671
S*Mobarakeh Steel,20091222,1700,1719,1625,1683,11099288266,6595430,610,D,1682,1660
S*Mobarakeh Steel,20091221,1682,1682,1670,1682,36298403503,21585734,651,D,1626,1682
S*Mobarakeh Steel,20091220,1646,1646,1646,1626,5032284526,3057281,82,D,1591,1646
S*Mobarakeh Steel,20091219,1573,1662,1573,1591,14377192209,9035189,524,D,1630,1648
S*Mobarakeh Steel,20091216,1635,1690,1620,1630,15193899033,9319561,591,D,1678,1620
S*Mobarakeh Steel,20091215,1749,1749,1624,1678,33396052298,19901653,1097,D,1948,1651
S*Mobarakeh Steel,20091214,0,0,0,1948,0,0,0,D,1948,1950
S*Mobarakeh Steel,20091213,0,0,0,1948,0,0,0,D,1948,1950
S*Mobarakeh Steel,20091212,0,0,0,1948,0,0,0,D,1948,1950
S*Mobarakeh Steel,20091209,0,0,0,1948,0,0,0,D,1948,1950
S*Mobarakeh Steel,20091208,0,0,0,1948,0,0,0,D,1948,1950
S*Mobarakeh Steel,20091207,0,0,0,1948,0,0,0,D,1948,1950
S*Mobarakeh Steel,20091205,0,0,0,1948,0,0,0,D,1948,1950
S*Mobarakeh Steel,20091202,0,0,0,1948,0,0,0,D,1948,1950
S*Mobarakeh Steel,20091201,0,0,0,1948,0,0,0,D,1948,1950
S*Mobarakeh Steel,20091130,0,0,0,1948,0,0,0,D,1948,1950
S*Mobarakeh Steel,20091129,0,0,0,1948,0,0,0,D,1948,1950
S*Mobarakeh Steel,20091125,0,0,0,1948,0,0,0,D,1948,1950
S*Mobarakeh Steel,20091124,0,0,0,1948,0,0,0,D,1948,1950
S*Mobarakeh Steel,20091123,0,0,0,1948,0,0,0,D,1948,1950
S*Mobarakeh Steel,20091122,0,0,0,1948,0,0,0,D,1948,1950
S*Mobarakeh Steel,20091121,0,0,0,1948,0,0,0,D,1948,1950
S*Mobarakeh Steel,20091118,0,0,0,1948,0,0,0,D,1948,1950
S*Mobarakeh Steel,20091117,0,0,0,1948,0,0,0,D,1948,1950
S*Mobarakeh Steel,20091116,0,0,0,1948,0,0,0,D,1948,1950
S*Mobarakeh Steel,20091115,0,0,0,1948,0,0,0,D,1948,1950
S*Mobarakeh Steel,20091114,0,0,0,1948,0,0,0,D,1948,1950
S*Mobarakeh Steel,20091111,0,0,0,1948,0,0,0,D,1948,1950
S*Mobarakeh Steel,20091110,0,0,0,1948,0,0,0,D,1948,1950
S*Mobarakeh Steel,20091109,0,0,0,1948,0,0,0,D,1948,1950
S*Mobarakeh Steel,20091108,0,0,0,1948,0,0,0,D,1948,1950
S*Mobarakeh Steel,20091107,0,0,0,1948,0,0,0,D,1948,1950
S*Mobarakeh Steel,20091104,1949,1950,1920,1948,12232768716,6276848,264,D,1894,1950
S*Mobarakeh Steel,20091103,1880,1940,1852,1894,11901551840,6283461,416,D,1906,1913
S*Mobarakeh Steel,20091102,1950,1955,1904,1906,27446245535,14399772,1009,D,1962,1904
S*Mobarakeh Steel,20091101,1975,1997,1955,1962,18860057278,9612086,763,D,2015,1955
S*Mobarakeh Steel,20091031,2050,2058,1990,2015,13458401622,6678316,568,D,2051,1990
S*Mobarakeh Steel,20091028,2060,2082,2026,2051,10906957248,5317873,488,D,2054,2053
S*Mobarakeh Steel,20091027,2033,2089,2030,2054,9676987332,4694017,489,D,2033,2041
S*Mobarakeh Steel,20091026,2026,2065,2020,2033,6956489941,3420262,383,D,2032,2020
S*Mobarakeh Steel,20091025,2070,2070,2020,2032,13466040891,6627898,537,D,2081,2025
S*Mobarakeh Steel,20091024,2099,2120,2055,2081,11487910117,5533676,483,D,2118,2060
S*Mobarakeh Steel,20091021,2133,2134,2060,2118,27202415378,12841585,838,D,2072,2069
S*Mobarakeh Steel,20091020,2073,2073,2039,2072,30375878345,14657331,807,D,2013,2073
S*Mobarakeh Steel,20091019,1988,2014,1987,2013,15199994096,7549335,419,D,1956,2014
S*Mobarakeh Steel,20091018,1930,2000,1914,1956,11726679308,5998683,560,D,1972,1951
S*Mobarakeh Steel,20091017,2054,2054,1966,1972,30691933555,15567278,1101,D,2026,1967
S*Mobarakeh Steel,20091013,2024,2062,2024,2026,44089760593,21765356,1265,D,2086,2030
S*Mobarakeh Steel,20091012,2027,2027,2027,2086,643542095,317485,48,D,2089,2027
S*Mobarakeh Steel,20091011,2099,2099,2062,2089,7693179294,3727005,266,D,2125,2062
S*Mobarakeh Steel,20091010,2183,2183,2108,2125,19440498544,9148945,728,D,2173,2108
S*Mobarakeh Steel,20091007,2158,2190,2150,2173,16833400473,7746576,739,D,2133,2170
S*Mobarakeh Steel,20091006,2178,2178,2115,2133,30019228057,14073992,1052,D,2180,2132
S*Mobarakeh Steel,20091005,2200,2230,2155,2180,31658865890,14525370,947,D,2203,2155
S*Mobarakeh Steel,20091004,2206,2206,2170,2203,1.00444E+11,45586064,2112,D,2142,2206
S*Mobarakeh Steel,20091003,2142,2142,2136,2142,27066981494,12636625,558,D,2080,2142
S*Mobarakeh Steel,20090930,2100,2148,2050,2080,24752749496,11902124,601,D,2107,2073
S*Mobarakeh Steel,20090929,2060,2147,2060,2107,13328998374,6324901,548,D,2091,2120
S*Mobarakeh Steel,20090928,2090,2139,2083,2091,13763301562,6581281,528,D,2147,2083
S*Mobarakeh Steel,20090927,2189,2189,2142,2147,19312324413,8995792,645,D,2208,2142
S*Mobarakeh Steel,20090926,2206,2270,2158,2208,30538486562,13828388,954,D,2224,2180
S*Mobarakeh Steel,20090923,2197,2228,2190,2224,28003438054,12593172,772,D,2164,2228
S*Mobarakeh Steel,20090922,2083,2170,2083,2164,40845965205,18871830,1324,D,2107,2170
S*Mobarakeh Steel,20090921,2107,2167,2073,2107,11867067969,5632460,554,D,2107,2083
S*Mobarakeh Steel,20090920,0,0,0,2107,0,0,0,D,2107,2090
S*Mobarakeh Steel,20090919,2119,2120,2061,2107,5080996578,2430677,278,D,2118,2090
S*Mobarakeh Steel,20090916,0,0,0,2118,0,0,0,D,2118,2117
S*Mobarakeh Steel,20090915,0,0,0,2118,0,0,0,D,2118,2117
S*Mobarakeh Steel,20090914,2119,2119,2088,2118,89924050040,42457911,2661,D,2058,2117
S*Mobarakeh Steel,20090913,2085,2085,2085,2058,7154733795,3431527,156,D,2025,2085
S*Mobarakeh Steel,20090912,2085,0,0,2025,0,0,0,D,2025,2025
S*Mobarakeh Steel,20090909,2069,2069,2069,2025,3431254428,1658412,99,D,2009,2069
S*Mobarakeh Steel,20090908,2023,2023,2023,2009,9774047626,4831462,215,D,1965,2023
S*Mobarakeh Steel,20090907,1923,2030,1920,1965,27039732606,13763683,901,D,1979,2020
S*Mobarakeh Steel,20090906,2021,2040,1970,1979,20352269586,10283264,586,D,2030,1970
S*Mobarakeh Steel,20090905,2080,2096,2020,2030,23383447992,11516772,776,D,2082,2020
S*Mobarakeh Steel,20090902,2090,2118,2051,2082,18952890434,9102570,655,D,2079,2079
S*Mobarakeh Steel,20090901,2020,2088,2012,2079,38995515967,18753686,1225,D,2028,2080
S*Mobarakeh Steel,20090831,2024,2079,2024,2028,47378104459,23362664,1465,D,2086,2024
S*Mobarakeh Steel,20090830,2079,2079,2049,2086,5490311434,2677845,224,D,2112,2049
S*Mobarakeh Steel,20090829,2146,2146,2022,2112,76767805790,36344526,1863,D,2084,2050
S*Mobarakeh Steel,20090826,2122,2122,2122,2084,5044061904,2377032,119,D,2061,2122
S*Mobarakeh Steel,20090825,2085,2085,2085,2061,7928026935,3802411,177,D,2025,2085
S*Mobarakeh Steel,20090824,2056,2056,2056,2025,6227809040,3029090,143,D,1997,2056
S*Mobarakeh Steel,20090823,2016,2016,2016,1997,8558990496,4245531,207,D,1958,2016
S*Mobarakeh Steel,20090822,1970,1977,1950,1958,8675764276,4392924,261,D,1920,1977
S*Mobarakeh Steel,20090819,1948,1955,1882,1920,14065236369,7325706,578,D,1932,1890
S*Mobarakeh Steel,20090818,1934,1934,1878,1932,91116674159,47165484,2469,D,1878,1934
S*Mobarakeh Steel,20090817,1907,1907,1907,1878,5703520438,2990834,120,D,1852,1907
S*Mobarakeh Steel,20090816,1875,1875,1875,1852,6842701875,3649441,153,D,1821,1875
S*Mobarakeh Steel,20090815,1847,1847,1847,1821,6016624664,3257512,145,D,1794,1847
S*Mobarakeh Steel,20090812,1835,1835,1835,1794,2715649530,1479918,72,D,1782,1835
S*Mobarakeh Steel,20090811,1809,1809,1809,1782,5437398132,3005748,161,D,1757,1809
S*Mobarakeh Steel,20090810,1757,1757,1757,1757,35037336733,19941569,823,D,1706,1757
S*Mobarakeh Steel,20090809,1735,1735,1735,1706,4549117950,2621970,117,D,1685,1735
S*Mobarakeh Steel,20090808,1720,1720,1720,1685,3186470280,1852599,100,D,1670,1720
S*Mobarakeh Steel,20090805,1623,1686,1623,1670,8278836046,4929741,288,D,1637,1686
S*Mobarakeh Steel,20090804,1628,1641,1609,1637,5804662594,3580073,234,D,1658,1610
S*Mobarakeh Steel,20090803,1665,1665,1602,1658,26265137746,15842662,878,D,1617,1602
S*Mobarakeh Steel,20090802,1636,1636,1636,1617,6086224296,3720186,207,D,1589,1636
S*Mobarakeh Steel,20090801,1599,1599,1581,1589,7896336870,4939066,319,D,1553,1599
S*Mobarakeh Steel,20090729,1550,1588,1550,1553,2838358839,1794766,124,D,1542,1588
S*Mobarakeh Steel,20090728,1550,1579,1506,1542,6416998925,4175226,339,D,1551,1579
S*Mobarakeh Steel,20090727,1556,1573,1550,1551,10349016249,6674326,455,D,1597,1570
S*Mobarakeh Steel,20090726,1600,1600,1563,1597,3943841757,2497511,285,D,1609,1570
S*Mobarakeh Steel,20090725,1610,1612,1595,1609,2760717231,1723433,169,D,1612,1612
S*Mobarakeh Steel,20090722,1618,1635,1579,1612,12051498101,7474107,607,D,1589,1600
S*Mobarakeh Steel,20090721,1606,1606,1606,1589,6437002176,4008096,236,D,1560,1606
S*Mobarakeh Steel,20090719,1587,1587,1587,1560,4183852536,2636328,134,D,1541,1587
S*Mobarakeh Steel,20090718,1568,1575,1560,1541,2555857991,1623278,142,D,1530,1575
S*Mobarakeh Steel,20090715,1520,1541,1496,1530,10172812354,6649509,396,D,1497,1541
S*Mobarakeh Steel,20090714,1505,1539,1473,1497,12222109654,8162902,424,D,1503,1508
S*Mobarakeh Steel,20090713,1543,1543,1484,1503,7509328364,5017785,404,D,1529,1500
S*Mobarakeh Steel,20090712,1578,1579,1526,1529,13251292615,8668889,476,D,1573,1526
S*Mobarakeh Steel,20090711,1603,1617,1550,1573,19597245950,12457812,816,D,1585,1569
S*Mobarakeh Steel,20090707,1602,1602,1602,1585,6373568214,3978507,170,D,1556,1602
S*Mobarakeh Steel,20090705,1543,1613,1543,1556,46188493803,29690819,1590,D,1590,1610
S*Mobarakeh Steel,20090704,1587,1587,1587,1590,9464982264,5964072,160,D,1636,1587
S*Mobarakeh Steel,20090701,1628,1628,1628,1636,8716258276,5353967,155,D,1678,1628
S*Mobarakeh Steel,20090630,1630,1630,1630,1678,464403300,284910,32,D,1680,1630
S*Mobarakeh Steel,20090629,1631,1631,1631,1680,194413569,119199,24,D,1681,1631
S*Mobarakeh Steel,20090628,1632,1632,1632,1681,230821920,141435,26,D,1682,1632
S*Mobarakeh Steel,20090627,1634,1634,1634,1682,495802986,303429,30,D,1684,1634
S*Mobarakeh Steel,20090624,1694,1697,1645,1684,3328902588,2004220,223,D,1695,1645
S*Mobarakeh Steel,20090623,1699,1750,1661,1695,25832263208,15236944,982,D,1522,1662
S*Mobarakeh Steel,20090622,0,0,0,2122,0,0,0,D,2122,2122
S*Mobarakeh Steel,20090621,0,0,0,2122,0,0,0,D,2122,2122
S*Mobarakeh Steel,20090620,0,0,0,2122,0,0,0,D,2122,2122
S*Mobarakeh Steel,20090617,0,0,0,2122,0,0,0,D,2122,2122
S*Mobarakeh Steel,20090616,0,0,0,2122,0,0,0,D,2122,2122
S*Mobarakeh Steel,20090615,0,0,0,2122,0,0,0,D,2122,2122
S*Mobarakeh Steel,20090614,2127,2164,2122,2122,47748793361,22498389,947,D,2187,2122
S*Mobarakeh Steel,20090613,2169,2220,2100,2187,41974902483,19189087,1312,D,2156,2142
S*Mobarakeh Steel,20090610,2185,2185,2185,2156,7407611035,3390211,160,D,2122,2185
S*Mobarakeh Steel,20090609,2171,2171,2171,2122,3097257150,1426650,63,D,2108,2171
S*Mobarakeh Steel,20090608,2120,2130,2100,2108,9405809014,4426340,253,D,2068,2130
S*Mobarakeh Steel,20090607,2100,2106,2045,2068,1.1262E+11,54450733,964,D,2045,2106
S*Mobarakeh Steel,20090606,2045,2045,2009,2045,92080076321,45028304,1321,D,1986,2045
S*Mobarakeh Steel,20090603,1986,1986,1986,1986,18599932650,9365525,339,D,1929,1986
S*Mobarakeh Steel,20090602,1960,1960,1960,1929,5659215800,2887355,121,D,1903,1960
S*Mobarakeh Steel,20090601,1928,1938,1890,1903,56817725842,29855571,203,D,1882,1938
S*Mobarakeh Steel,20090531,1882,1910,1865,1882,15915460843,8457775,688,D,1877,1900
S*Mobarakeh Steel,20090530,1910,1912,1860,1877,6367947727,3388959,181,D,1875,1880
S*Mobarakeh Steel,20090527,1868,1924,1841,1875,3416449483,1809850,144,D,1870,1923
S*Mobarakeh Steel,20090526,1895,1895,1842,1870,43530139400,23277384,102,D,1865,1862
S*Mobarakeh Steel,20090525,1900,1900,1855,1865,20916597366,11212616,107,D,1884,1874
S*Mobarakeh Steel,20090524,1930,1940,1880,1884,12607557404,6692340,139,D,1891,1889
S*Mobarakeh Steel,20090523,1941,1941,1898,1891,3006809165,1574071,149,D,1885,1909
S*Mobarakeh Steel,20090520,1883,1935,1880,1885,2511906357,1324885,172,D,1882,1896
S*Mobarakeh Steel,20090519,1871,1929,1871,1882,3746544650,1969515,142,D,1873,1874
S*Mobarakeh Steel,20090518,1917,1917,1838,1873,4531965627,2462168,234,D,1894,1838
S*Mobarakeh Steel,20090517,1959,1959,1855,1894,9473523262,5012489,211,D,1907,1900
S*Mobarakeh Steel,20090516,1940,1940,1801,1907,13454470284,7053500,536,D,1869,1906
S*Mobarakeh Steel,20090513,1898,1898,1898,1869,5607333524,2954338,107,D,1843,1898
S*Mobarakeh Steel,20090512,1876,1876,1876,1843,4718149380,2515005,97,D,1822,1876
S*Mobarakeh Steel,20090511,1852,1852,1852,1822,5017247644,2709097,106,D,1799,1852
S*Mobarakeh Steel,20090510,1851,1851,1851,1799,250958580,135580,10,D,1798,1851
S*Mobarakeh Steel,20090509,1850,1850,1850,1798,142795950,77187,7,D,1797,1850
S*Mobarakeh Steel,20090506,1850,1850,1850,1797,91486200,49452,11,D,1797,1850
S*Mobarakeh Steel,20090505,1845,1845,1845,1797,1081376640,586112,41,D,1792,1845
S*Mobarakeh Steel,20090504,1750,1838,1735,1792,3759836863,2080737,204,D,1785,1838
S*Mobarakeh Steel,20090503,1779,1779,1741,1785,2382521788,1358340,147,D,1794,1760
S*Mobarakeh Steel,20090502,1770,1798,1756,1794,1137789303,645319,99,D,1797,1779
S*Mobarakeh Steel,20090429,1790,1790,1763,1797,1016249615,571927,77,D,1799,1776
S*Mobarakeh Steel,20090428,1799,1803,1760,1799,10641829696,5914954,130,D,1803,1772
S*Mobarakeh Steel,20090427,1800,1801,1779,1803,1460204898,815360,122,D,1805,1779
S*Mobarakeh Steel,20090426,1798,1820,1778,1805,1815162847,1009201,110,D,1806,1805
S*Mobarakeh Steel,20090425,1847,1847,1756,1806,2081096696,1163156,145,D,1810,1800
S*Mobarakeh Steel,20090422,1852,1852,1806,1810,3080043128,1674153,203,D,1799,1842
S*Mobarakeh Steel,20090421,1852,1852,1852,1799,89933120,48560,7,D,1799,1852
S*Mobarakeh Steel,20090420,1844,1844,1844,1799,1674353844,908001,60,D,1791,1844
S*Mobarakeh Steel,20090419,1790,1818,1775,1791,5693839249,3133968,221,D,1766,1818
S*Mobarakeh Steel,20090418,1800,1800,1754,1766,16281050563,9219676,186,D,1808,1754
S*Mobarakeh Steel,20090415,1801,1811,1780,1808,816215076,455277,74,D,1809,1781
S*Mobarakeh Steel,20090414,1802,1830,1770,1809,1173881862,652863,80,D,1810,1798
S*Mobarakeh Steel,20090413,1843,1843,1800,1810,4782894059,2601161,369,D,1790,1810
S*Mobarakeh Steel,20090412,1835,1835,1835,1790,1673688820,912092,44,D,1782,1835
S*Mobarakeh Steel,20090411,1835,1835,1835,1782,56319820,30692,7,D,1782,1835
S*Mobarakeh Steel,20090408,1833,1833,1833,1782,484062306,264082,22,D,1780,1833
S*Mobarakeh Steel,20090407,1828,1828,1828,1780,1018545148,557191,68,D,1775,1828
S*Mobarakeh Steel,20090406,1824,1824,1824,1775,959969376,526299,47,D,1771,1824
S*Mobarakeh Steel,20090405,1823,1823,1823,1771,154289605,84635,12,D,1770,1823
S*Mobarakeh Steel,20090404,1822,1822,1822,1770,311822546,171143,18,D,1769,1822
S*Mobarakeh Steel,20090331,1811,1811,1800,1769,2237348686,1235850,125,D,1759,1810
S*Mobarakeh Steel,20090330,1809,1809,1809,1759,511008129,282481,23,D,1757,1809
S*Mobarakeh Steel,20090329,1807,1807,1807,1757,533513136,295248,24,D,1755,1807
S*Mobarakeh Steel,20090328,1806,1806,1806,1755,214068792,118532,20,D,1754,1806
S*Mobarakeh Steel,20090325,1755,1806,1755,1754,430073634,243715,17,D,1754,1806
S*Mobarakeh Steel,20090318,1794,1800,1732,1754,1774016019,1011596,114,D,1787,1770
S*Mobarakeh Steel,20090317,1835,1835,1835,1787,1021964715,556929,43,D,1782,1835
S*Mobarakeh Steel,20090316,1833,1833,1828,1782,409087237,223189,50,D,1780,1833
S*Mobarakeh Steel,20090314,1817,1825,1817,1780,1656369412,907624,102,D,1772,1825
S*Mobarakeh Steel,20090311,1794,1819,1761,1772,806446253,449321,103,D,1770,1819
S*Mobarakeh Steel,20090310,1790,1811,1759,1770,2720521432,1506646,133,D,1759,1790
S*Mobarakeh Steel,20090309,1770,1770,1712,1759,1464462336,847381,132,D,1764,1714
S*Mobarakeh Steel,20090308,1742,1750,1742,1764,6546964630,3757233,210,D,1795,1743
S*Mobarakeh Steel,20090307,1771,1771,1771,1795,6302238096,3558576,129,D,1825,1771
S*Mobarakeh Steel,20090304,1801,1801,1801,1825,6401288897,3554297,123,D,1856,1801
S*Mobarakeh Steel,20090303,1801,1801,1801,1856,69603247,38647,11,D,1856,1801
S*Mobarakeh Steel,20090302,1803,1803,1803,1856,316823160,175720,22,D,1858,1803
S*Mobarakeh Steel,20090301,1808,1808,1808,1858,1129634784,624798,50,D,1863,1808
S*Mobarakeh Steel,20090228,1809,1809,1809,1863,179291799,99111,17,D,1864,1809
S*Mobarakeh Steel,20090225,1809,1809,1809,1864,74872701,41389,10,D,1864,1809
S*Mobarakeh Steel,20090223,1816,1816,1816,1864,1580379448,870253,63,D,1872,1816
S*Mobarakeh Steel,20090222,1862,1864,1862,1872,9701801770,5210335,226,D,1919,1862
S*Mobarakeh Steel,20090221,1864,1864,1864,1919,432708960,232140,35,D,1921,1864
S*Mobarakeh Steel,20090218,1869,1869,1869,1921,943596423,504867,65,D,1926,1869
S*Mobarakeh Steel,20090217,1886,1886,1886,1926,3774651716,2001406,143,D,1944,1886
S*Mobarakeh Steel,20090215,1900,1900,1890,1944,806299171,426530,41,D,1948,1890
S*Mobarakeh Steel,20090214,1901,1938,1898,1948,1953550870,1024897,97,D,1956,1910
S*Mobarakeh Steel,20090211,1917,1918,1905,1956,699613749,366283,56,D,1959,1914
S*Mobarakeh Steel,20090209,1908,1927,1906,1959,1045685869,547101,92,D,1964,1911
S*Mobarakeh Steel,20090208,1960,1960,1941,1964,7592513953,3910587,231,D,2001,1941
S*Mobarakeh Steel,20090207,1968,1990,1960,2001,1395825557,706712,102,D,2004,1961
S*Mobarakeh Steel,20090204,1990,1990,1955,2004,2084891837,1056928,134,D,2010,1955
S*Mobarakeh Steel,20090203,2000,2000,1980,2010,1175025575,592113,94,D,2013,1988
S*Mobarakeh Steel,20090202,2001,2001,1985,2013,4004265104,2003361,101,D,2019,2000
S*Mobarakeh Steel,20090201,2035,2058,2007,2019,4620334828,2295002,95,D,2022,2007
S*Mobarakeh Steel,20090131,2026,2070,2016,2022,8008952346,3959110,104,D,2020,2037
S*Mobarakeh Steel,20090128,2037,2071,2030,2020,1542033814,750261,100,D,2015,2030
S*Mobarakeh Steel,20090127,2007,2068,2000,2015,3190351147,1567840,187,D,2009,2049
S*Mobarakeh Steel,20090126,1980,2010,1969,2009,4827553590,2426369,138,D,2021,1969
S*Mobarakeh Steel,20090125,2029,2040,1983,2021,4939792470,2462301,178,D,2030,1990
S*Mobarakeh Steel,20090124,2035,2035,1971,2030,97594245937,48081745,459,D,1976,2008
S*Mobarakeh Steel,20090121,2033,2033,2033,1976,520517122,256034,23,D,1974,2033
S*Mobarakeh Steel,20090120,2030,2030,2030,1974,749587650,369255,24,D,1971,2030
S*Mobarakeh Steel,20090119,1993,2023,1993,1971,1541413641,763741,64,D,1965,2023
S*Mobarakeh Steel,20090118,1980,1995,1978,1965,1610759752,810076,82,D,1961,1992
S*Mobarakeh Steel,20090117,1977,1997,1953,1961,3868350987,1947009,100,D,1950,1954
S*Mobarakeh Steel,20090114,1929,1980,1924,1950,2711075048,1384200,127,D,1948,1980
S*Mobarakeh Steel,20090113,1920,1947,1902,1948,2029288887,1062679,144,D,1956,1947
S*Mobarakeh Steel,20090112,1960,1960,1910,1956,1018692520,530360,85,D,1959,1921
S*Mobarakeh Steel,20090111,1942,1966,1908,1959,3027983197,1561626,110,D,1966,1921
S*Mobarakeh Steel,20090110,2010,2018,1954,1966,7627872422,3871454,129,D,1960,1954
S*Mobarakeh Steel,20090105,2011,2011,2000,1960,1708573559,850604,107,D,1953,2000
S*Mobarakeh Steel,20090104,1997,2001,1989,1953,2298669391,1149500,152,D,1943,1999
S*Mobarakeh Steel,20090103,1929,1971,1920,1943,7048410617,3585874,264,D,1914,1971
S*Mobarakeh Steel,20081231,1915,1980,1892,1914,7050767538,3703804,170,D,1929,1910
S*Mobarakeh Steel,20081230,1919,1928,1897,1929,6065420507,3167280,205,D,1943,1900
S*Mobarakeh Steel,20081229,1919,1959,1919,1943,8620089852,4468611,303,D,1978,1919
S*Mobarakeh Steel,20081228,2029,2029,1940,1978,1823457641,929314,173,D,1981,1957
S*Mobarakeh Steel,20081227,1984,1984,1940,1981,48017639841,24240389,725,D,1927,1984
S*Mobarakeh Steel,20081224,1977,1977,1977,1927,1550515629,784277,65,D,1920,1977
S*Mobarakeh Steel,20081223,1974,1974,1974,1920,561664194,284531,23,D,1917,1974
S*Mobarakeh Steel,20081222,1973,1973,1973,1917,252032993,127741,14,D,1916,1973
S*Mobarakeh Steel,20081221,1957,1958,1950,1916,3349022816,1710452,146,D,1901,1958
S*Mobarakeh Steel,20081220,1907,1945,1907,1901,3473120143,1797719,162,D,1889,1945
S*Mobarakeh Steel,20081216,1862,1927,1862,1889,3086551489,1611583,192,D,1880,1900
S*Mobarakeh Steel,20081215,1851,1929,1835,1880,5564589662,2980938,253,D,1891,1879
S*Mobarakeh Steel,20081214,1901,1940,1890,1891,14057709080,7434850,485,D,1948,1890
S*Mobarakeh Steel,20081213,1948,2000,1948,1948,45545413681,23379522,1174,D,2008,1948
S*Mobarakeh Steel,20081210,2008,2008,2008,2008,12728693928,6338991,209,D,2070,2008
S*Mobarakeh Steel,20081208,2070,2070,2070,2070,101225070,48901,7,D,2134,2070
S*Mobarakeh Steel,20081207,2134,2134,2134,2134,12804000,6000,2,D,2199,2134
S*Mobarakeh Steel,20081206,2199,2199,2199,2199,21932826,9974,4,D,2267,2199
S*Mobarakeh Steel,20081203,2267,2267,2267,2267,53619084,23652,46,D,2337,2267
S*Mobarakeh Steel,20081202,2337,2337,2337,2337,66728361,28553,9,D,2409,2337
S*Mobarakeh Steel,20081201,2338,2409,2338,2409,300845198,128676,13,D,2410,2409
S*Mobarakeh Steel,20081130,2339,2410,2339,2410,233924100,100010,15,D,2411,2410
S*Mobarakeh Steel,20081129,2340,3197,2340,2411,1.22693E+11,38410161,295,D,2412,2411
S*Mobarakeh Steel,20081126,2341,2412,2341,2412,295781378,126348,20,D,2413,2412
S*Mobarakeh Steel,20081125,2342,2413,2342,2413,156104378,66654,17,D,2414,2413
S*Mobarakeh Steel,20081124,2343,2414,2343,2414,161470898,68916,21,D,2415,2414
S*Mobarakeh Steel,20081123,2344,3197,2344,2415,79311762191,24826947,332,D,2416,2415
S*Mobarakeh Steel,20081122,2357,2416,2357,2416,2697872287,1144621,67,D,2429,2416
S*Mobarakeh Steel,20081119,2361,2429,2361,2429,798047012,338012,45,D,2433,2429
S*Mobarakeh Steel,20081118,2368,2433,2368,2433,1716417034,724838,78,D,2441,2433
S*Mobarakeh Steel,20081117,2460,2477,2344,2441,23719370613,9742739,799,D,2405,2441
S*Mobarakeh Steel,20081116,2420,3197,2392,2405,1.53507E+11,49061554,883,D,2362,2405
S*Mobarakeh Steel,20081115,2363,2363,2335,2362,15193600748,6432097,522,D,2295,2362
S*Mobarakeh Steel,20081112,2349,2349,2295,2295,3341235818,1424695,105,D,2281,2295
S*Mobarakeh Steel,20081111,2260,2301,2230,2281,9293751985,4106443,287,D,2291,2281
S*Mobarakeh Steel,20081110,2257,3197,2252,2291,1.01056E+11,32677258,861,D,2321,2291
S*Mobarakeh Steel,20081109,2350,2357,2321,2321,35017472448,15080798,941,D,2392,2321
S*Mobarakeh Steel,20081108,2479,2497,2368,2392,42311029326,17691718,1351,D,2441,2392
S*Mobarakeh Steel,20081105,2442,2442,2403,2441,19179322420,7856015,672,D,2371,2441
S*Mobarakeh Steel,20081104,2372,2372,2335,2371,58222565889,24550601,1669,D,2303,2371
S*Mobarakeh Steel,20081103,2358,2358,2303,2303,2762665262,1171614,127,D,2290,2303
S*Mobarakeh Steel,20081102,2352,2352,2290,2290,1335323860,567740,56,D,2284,2290
S*Mobarakeh Steel,20081101,2342,2342,2284,2284,2175560506,928933,98,D,2274,2284
S*Mobarakeh Steel,20081029,2338,2338,2274,2274,811759974,347203,59,D,2270,2274
S*Mobarakeh Steel,20081028,2332,2332,2270,2270,1197087272,513331,70,D,2265,2270
S*Mobarakeh Steel,20081027,2309,2309,2265,2265,5269750213,2283436,282,D,2242,2265
S*Mobarakeh Steel,20081026,2200,2500,2101,2242,42174254218,18805891,1536,D,3689,2242
S*Mobarakeh Steel,20080913,3197,3689,3197,3689,13446772346,4206058,108,D,3689,3689
S*Mobarakeh Steel,20080908,3701,3730,3687,3689,28276934120,7663666,537,D,3801,3689
S*Mobarakeh Steel,20080907,3801,3801,3801,3801,72163079688,18985288,901,D,3918,3801
S*Mobarakeh Steel,20080906,4050,4050,3894,3918,28131887545,7179745,646,D,4014,3918
S*Mobarakeh Steel,20080903,4050,4100,3994,4014,1.31707E+11,32810518,3206,D,4117,4014
S*Mobarakeh Steel,20080902,4117,4117,4117,4117,34551568438,8392414,325,D,4244,4117
S*Mobarakeh Steel,20080901,4158,4244,4158,4244,8599642988,2068216,70,D,4286,4244
S*Mobarakeh Steel,20080831,4158,4286,3197,4286,48295194541,15099302,259,D,4286,4286
S*Mobarakeh Steel,20080830,4178,4286,4178,4286,4255331682,1018509,61,D,4307,4286
S*Mobarakeh Steel,20080827,4259,4307,4259,4307,17055617434,4004606,118,D,4390,4307
S*Mobarakeh Steel,20080826,4390,4390,4390,4390,54168306580,12339022,396,D,4525,4390
S*Mobarakeh Steel,20080825,4525,4525,4525,4525,284504850,62874,12,D,4664,4525
S*Mobarakeh Steel,20080824,4664,4664,4664,4664,16958304,3636,4,D,4808,4664
S*Mobarakeh Steel,20080823,4665,4808,4665,4808,139181705,29835,22,D,4809,4808
S*Mobarakeh Steel,20080820,4809,4809,4809,4809,66162222,13758,5,D,4957,4809
S*Mobarakeh Steel,20080819,4957,4957,4957,4957,45703540,9220,3,D,5110,4957
S*Mobarakeh Steel,20080818,5110,5110,5110,5110,16489970,3227,4,D,5268,5110
S*Mobarakeh Steel,20080816,5268,5268,3197,5268,1.63715E+11,51175707,620,D,5430,5268
S*Mobarakeh Steel,20080813,5430,5430,5430,5430,6896100,1270,2,D,5597,5430
S*Mobarakeh Steel,20080812,5430,5597,5430,5597,10030880,1847,3,D,5597,5597
S*Mobarakeh Steel,20080811,5430,5597,5430,5597,60263810,11098,11,D,5597,5597
S*Mobarakeh Steel,20080810,5434,5597,5434,5597,1021093702,187908,22,D,5602,5597
S*Mobarakeh Steel,20080809,5434,5602,5434,5602,37550620,6910,6,D,5602,5602
S*Mobarakeh Steel,20080806,5434,5602,5434,5602,659194,121,3,D,5602,5602
S*Mobarakeh Steel,20080805,5434,5602,5434,5602,32768700,6030,5,D,5602,5602
S*Mobarakeh Steel,20080804,5434,5602,5434,5602,8370040,1540,8,D,5602,5602
S*Mobarakeh Steel,20080803,5434,5602,5434,5602,37159372,6838,19,D,5602,5602
S*Mobarakeh Steel,20080802,5434,5602,5434,5602,55656708,10242,8,D,5602,5602
S*Mobarakeh Steel,20080726,5443,5602,5443,5602,1884721985,346265,41,D,5611,5602
S*Mobarakeh Steel,20080723,5525,5611,5525,5611,17336240885,3137781,186,D,5695,5611
S*Mobarakeh Steel,20080722,5530,5695,5530,5695,1143351270,206754,44,D,5701,5695
S*Mobarakeh Steel,20080721,5533,5701,5533,5701,619199710,111910,48,D,5704,5701
S*Mobarakeh Steel,20080720,5820,5830,5645,5704,29044689088,5115982,509,D,5819,5704
S*Mobarakeh Steel,20080719,5969,5990,5724,5819,1.46583E+11,25187039,2944,D,5901,5819
S*Mobarakeh Steel,20080715,5901,5901,5901,5901,2.52078E+11,42717766,2677,D,6083,5901
S*Mobarakeh Steel,20080714,5906,6083,5906,6083,938116716,158841,66,D,6088,6083
S*Mobarakeh Steel,20080713,5909,6088,5909,6088,569446211,96369,53,D,6091,6088
S*Mobarakeh Steel,20080712,5909,6091,5909,6091,22261023,3767,10,D,6091,6091
S*Mobarakeh Steel,20080709,5913,6091,3197,6091,60229426659,18731695,541,D,6095,6091
S*Mobarakeh Steel,20080708,5939,6095,5939,6095,5445031174,916826,142,D,6122,6095
S*Mobarakeh Steel,20080707,6249,6249,5885,6122,2.32232E+11,37929471,3413,D,6067,6122
S*Mobarakeh Steel,20080706,6070,6070,6000,6067,1.42596E+11,23503417,2089,D,5894,6067
S*Mobarakeh Steel,20080705,5680,6049,4482,5894,1.03734E+12,216134721,4944,D,4981,5894
S*Mobarakeh Steel,20080622,4981,4981,3197,4981,4.41943E+11,95807319,5395,D,4836,4981
S*Mobarakeh Steel,20080621,4836,4836,4836,4836,54443204400,11257900,1360,D,4696,4836
S*Mobarakeh Steel,20080618,4696,4696,3197,4696,2.16011E+11,46248116,3834,D,4560,4696
S*Mobarakeh Steel,20080617,4582,4582,4560,4560,24240795860,5290440,1087,D,4449,4560
S*Mobarakeh Steel,20080616,4471,4471,4449,4449,23472794490,5250010,1041,D,4341,4449
S*Mobarakeh Steel,20080615,4446,4446,4341,4341,5335243410,1200010,210,D,4317,4341
S*Mobarakeh Steel,20080614,4422,4422,4317,4317,4928835324,1114617,181,D,4294,4317
S*Mobarakeh Steel,20080611,4399,4399,4294,4294,5058892940,1150010,197,D,4271,4294
S*Mobarakeh Steel,20080610,4362,4362,4271,4271,7881858284,1806937,249,D,4235,4271
S*Mobarakeh Steel,20080609,4258,4258,4235,4235,21900950384,5143483,395,D,4134,4235
S*Mobarakeh Steel,20080608,4190,4200,4134,4134,15947188733,3823992,618,D,4080,4134
S*Mobarakeh Steel,20080602,4043,4197,4043,4080,36715909118,8997842,1212,D,4168,4080
S*Mobarakeh Steel,20080601,4216,4216,4074,4168,8134035249,1984729,345,D,4200,4168
S*Mobarakeh Steel,20080531,4201,4201,4110,4200,1.11932E+11,26644580,1768,D,4079,4200
S*Mobarakeh Steel,20080528,4020,4084,4000,4079,51959092358,12735139,861,D,3966,4079
S*Mobarakeh Steel,20080527,3970,3970,3891,3966,87893523973,22158272,1747,D,3855,3966
S*Mobarakeh Steel,20080526,3846,3857,3197,3855,56699300506,15674277,779,D,3745,3855
S*Mobarakeh Steel,20080525,3755,3800,3650,3745,44644943191,11919131,1294,D,3553,3745
S*Mobarakeh Steel,20080520,3574,3635,3197,3553,72748793754,22545629,777,D,3530,3553
S*Mobarakeh Steel,20080519,3510,3589,3490,3530,40954054452,11598838,1338,D,3514,3530
S*Mobarakeh Steel,20080518,3573,3573,3514,3514,9824027224,2749518,292,D,3469,3514
S*Mobarakeh Steel,20080517,3522,3522,3469,3469,10790826340,3063835,316,D,3420,3469
S*Mobarakeh Steel,20080514,3487,3487,3420,3420,7329537337,2101961,239,D,3386,3420
S*Mobarakeh Steel,20080513,3469,3469,3386,3386,3926810038,1131972,112,D,3368,3386
S*Mobarakeh Steel,20080512,3416,3416,3368,3368,11778670068,3452581,437,D,3317,3368
S*Mobarakeh Steel,20080511,3318,3370,3289,3317,28124027318,8481101,615,D,3293,3317
S*Mobarakeh Steel,20080510,3310,3329,3291,3293,9155286523,2771880,312,D,3286,3293
S*Mobarakeh Steel,20080507,3324,3324,3285,3286,4126210458,1248203,217,D,3281,3286
S*Mobarakeh Steel,20080506,3299,3340,3280,3281,3354924633,1012875,152,D,3275,3281
S*Mobarakeh Steel,20080505,3228,3289,3227,3275,1288587827,393833,105,D,3275,3275
S*Mobarakeh Steel,20080504,3222,3275,3219,3275,2922412739,904584,205,D,3283,3275
S*Mobarakeh Steel,20080503,3299,3299,3255,3283,11846990993,3639167,288,D,3321,3283
S*Mobarakeh Steel,20080430,3332,3370,3281,3321,31440502276,9486806,635,D,3321,3321
S*Mobarakeh Steel,20080429,3359,3366,3300,3321,29291415153,8835772,298,D,3300,3321
S*Mobarakeh Steel,20080428,3260,3351,3221,3300,21226122882,6431403,593,D,3286,3300
S*Mobarakeh Steel,20080427,3270,3286,3247,3286,5195886633,1593493,263,D,3295,3286
S*Mobarakeh Steel,20080426,3318,3319,3260,3295,3262670630,995760,186,D,3299,3295
S*Mobarakeh Steel,20080423,3272,3329,3271,3299,4321974235,1314209,217,D,3302,3299
S*Mobarakeh Steel,20080422,3268,3302,3246,3302,3769061481,1151419,199,D,3309,3302
S*Mobarakeh Steel,20080421,3261,3311,3252,3309,2666816132,815990,144,D,3315,3309
S*Mobarakeh Steel,20080420,3350,3352,3255,3315,10992944652,3312603,369,D,3321,3315
S*Mobarakeh Steel,20080419,3310,3369,3300,3321,9902966408,2959373,290,D,3310,3321
S*Mobarakeh Steel,20080416,3360,4018,3310,3310,3.17805E+12,791147440,233,D,3305,3310
S*Mobarakeh Steel,20080415,3300,3335,3280,3305,12729273960,3824045,318,D,3270,3305
S*Mobarakeh Steel,20080414,3210,3327,3210,3270,6195124821,1901010,350,D,3275,3270
S*Mobarakeh Steel,20080413,3249,3275,3226,3275,5142224537,1593180,223,D,3291,3275
S*Mobarakeh Steel,20080412,3297,3297,3280,3291,17316658733,5278603,389,D,3346,3291
S*Mobarakeh Steel,20080409,3355,3900,3271,3346,3.15911E+12,813342697,1717,D,3290,3346
S*Mobarakeh Steel,20080408,3310,3900,3290,3290,3.0954E+12,794351877,570,D,3246,3290
S*Mobarakeh Steel,20080407,3299,3299,3246,3246,3515898823,1065747,199,D,3235,3246
S*Mobarakeh Steel,20080406,3268,3900,3235,3235,3.09107E+12,793080010,341,D,3204,3235
S*Mobarakeh Steel,20080405,3261,3261,3204,3204,1963991032,602282,81,D,3198,3204
S*Mobarakeh Steel,20080402,3186,3249,3186,3198,9121025201,2808164,149,D,3186,3198
S*Mobarakeh Steel,20080330,3173,3200,3158,3186,4219431335,1331628,201,D,3191,3186
S*Mobarakeh Steel,20080329,3170,3191,3151,3191,931390021,293925,62,D,3192,3191
S*Mobarakeh Steel,20080326,3179,3197,3137,3192,2477201734,784073,128,D,3197,3192
S*Mobarakeh Steel,20080324,3198,3199,3160,3197,804269977,253387,68,D,3198,3197
S*Mobarakeh Steel,20080318,3200,3257,3168,3198,7690921574,2403116,329,D,3197,3198
S*Mobarakeh Steel,20080317,3199,3212,3182,3197,7845285377,2452700,302,D,3197,3197
S*Mobarakeh Steel,20080316,3200,3210,3165,3197,10342433049,3239976,269,D,3202,3197
S*Mobarakeh Steel,20080315,3200,3210,3180,3202,2.38655E+11,74366965,345,D,3210,3202
S*Mobarakeh Steel,20080312,3200,3217,3190,3210,56305023296,17516628,291,D,3216,3210
S*Mobarakeh Steel,20080311,3197,3233,3170,3216,41352313412,12822170,317,D,3233,3216
S*Mobarakeh Steel,20080310,3211,3250,3200,3233,54754351288,16893228,427,D,3243,3233
S*Mobarakeh Steel,20080309,3260,3260,3201,3243,4038283824,1250563,209,D,3246,3243
S*Mobarakeh Steel,20080305,3199,3256,3182,3246,21189095915,6526657,431,D,3193,3246
S*Mobarakeh Steel,20080304,3227,3229,3149,3193,5149867629,1615229,189,D,3195,3193
S*Mobarakeh Steel,20080303,3120,3240,3120,3195,7395524833,2291031,282,D,3177,3195
S*Mobarakeh Steel,20080302,3144,3177,3137,3177,7793790576,2481991,287,D,3201,3177
S*Mobarakeh Steel,20080301,3210,3210,3166,3201,9391662203,2964381,394,D,3230,3201
S*Mobarakeh Steel,20080227,3217,3270,3210,3230,14671607655,4565319,322,D,3275,3230
S*Mobarakeh Steel,20080226,3300,3321,3210,3275,16879349612,5147494,515,D,3260,3275
S*Mobarakeh Steel,20080225,3278,3290,3260,3260,11797329521,3590181,328,D,3226,3260
S*Mobarakeh Steel,20080224,3256,3269,3172,3226,14477972771,4474937,571,D,3205,3226
S*Mobarakeh Steel,20080223,3240,3250,3169,3205,11082399016,3453290,465,D,3200,3205
S*Mobarakeh Steel,20080220,3250,3250,3159,3200,9388606200,2958556,459,D,3223,3200
S*Mobarakeh Steel,20080219,3240,3260,3173,3223,5879344280,1833134,353,D,3230,3223
S*Mobarakeh Steel,20080218,3252,3260,3186,3230,14357996775,4456566,459,D,3251,3230
S*Mobarakeh Steel,20080217,3270,3295,3250,3251,23979556327,7375763,506,D,3316,3251
S*Mobarakeh Steel,20080216,3327,3327,3230,3316,37734069042,11377498,885,D,3262,3316
S*Mobarakeh Steel,20080213,3230,3267,3202,3262,21369820970,6550495,697,D,3203,3262
S*Mobarakeh Steel,20080212,3266,3268,3171,3203,13824764411,4342051,455,D,3235,3203
S*Mobarakeh Steel,20080210,3234,3270,3234,3235,30722630160,9496801,753,D,3300,3235
S*Mobarakeh Steel,20080209,3279,3300,3279,3300,14218169116,4335975,304,D,3345,3300
S*Mobarakeh Steel,20080206,3419,3419,3293,3345,7514001918,2264332,308,D,3360,3345
S*Mobarakeh Steel,20080205,3380,3420,3319,3360,12111946431,3625941,531,D,3386,3360
S*Mobarakeh Steel,20080204,3396,3482,3346,3386,26931918832,7953856,794,D,3414,3386
S*Mobarakeh Steel,20080203,3415,3415,3414,3414,23025903860,6742578,285,D,3484,3414
S*Mobarakeh Steel,20080202,3487,3487,3420,3484,25078076153,7196993,657,D,3419,3484
S*Mobarakeh Steel,20080130,3388,3455,3331,3419,34325904174,10039542,1253,D,3388,3419
S*Mobarakeh Steel,20080129,3400,3496,3331,3388,64221862000,18953509,1952,D,3470,3388
S*Mobarakeh Steel,20080116,3470,3470,3470,3470,56137264420,16177886,1206,D,3402,3470
S*Mobarakeh Steel,20080115,3469,3469,3402,3402,243367025,70155,48,D,3401,3402
S*Mobarakeh Steel,20080114,3466,3466,3401,3401,574942896,165881,36,D,3399,3401
S*Mobarakeh Steel,20080113,3421,3421,3399,3399,14444624920,4222340,334,D,3354,3399
S*Mobarakeh Steel,20080112,3345,3355,3302,3354,33831056967,10086053,722,D,3290,3354
S*Mobarakeh Steel,20080109,3291,3291,3290,3290,23348231725,7094585,357,D,3227,3290
S*Mobarakeh Steel,20080108,3190,3272,3184,3227,9746560701,3011602,444,D,3219,3227
S*Mobarakeh Steel,20080106,3240,3243,3160,3219,18925936397,5879043,797,D,3217,3219
S*Mobarakeh Steel,20080105,3245,3245,3217,3217,11502564200,3544704,184,D,3182,3217
S*Mobarakeh Steel,20080102,3189,3222,3163,3182,8373991750,2604903,296,D,3159,3182
S*Mobarakeh Steel,20080101,3143,3205,3143,3159,56342263731,17834519,1580,D,3207,3159
S*Mobarakeh Steel,20071231,3207,3207,3207,3207,54849321,17103,11,D,3272,3207
S*Mobarakeh Steel,20071230,3208,3272,3208,3272,342515592,106769,13,D,3273,3272
S*Mobarakeh Steel,20071226,3208,3273,3208,3273,38089234,11873,12,D,3273,3273
S*Mobarakeh Steel,20071225,3209,3273,3209,3273,206063366,64214,16,D,3274,3273
S*Mobarakeh Steel,20071224,3209,3274,3209,3274,68150183,21237,13,D,3274,3274
S*Mobarakeh Steel,20071223,3209,3274,3209,3274,27742455,8645,7,D,3274,3274
S*Mobarakeh Steel,20071222,3209,3274,3209,3274,66199111,20629,11,D,3274,3274
S*Mobarakeh Steel,20071219,3209,3274,3209,3274,94682195,29505,21,D,3274,3274
S*Mobarakeh Steel,20071218,3210,3274,3210,3274,161200420,50218,20,D,3275,3274
S*Mobarakeh Steel,20071217,3210,3275,3210,3275,86808680,27043,19,D,3275,3275
S*Mobarakeh Steel,20071216,3276,3283,3218,3275,3186269110,985383,100,D,3283,3275
S*Mobarakeh Steel,20071215,3258,3299,3237,3283,20144389766,6133987,525,D,3235,3283
S*Mobarakeh Steel,20071212,3290,3297,3232,3235,25977439448,8018532,618,D,3297,3235
S*Mobarakeh Steel,20071211,3312,3312,3213,3297,70643721718,21450406,1762,D,3248,3297
S*Mobarakeh Steel,20071210,3297,3297,3248,3248,4873786463,1478249,175,D,3233,3248
S*Mobarakeh Steel,20071209,3230,3271,3210,3233,11852522097,3643781,386,D,3207,3233
S*Mobarakeh Steel,20071208,3210,3260,3166,3207,33213168190,10352089,1088,D,3207,3207
S*Mobarakeh Steel,20071205,3191,3321,3191,3207,1.90594E+11,59414283,4076,D,3256,3207
S*Mobarakeh Steel,20071204,3192,3256,3192,3256,387228544,121312,28,D,3257,3256
S*Mobarakeh Steel,20071203,3195,3257,3195,3257,859219190,268926,46,D,3260,3257
S*Mobarakeh Steel,20071202,3195,3260,3195,3260,145047260,45398,26,D,3260,3260
S*Mobarakeh Steel,20071201,3214,3260,3214,3260,5938508260,1847700,108,D,3279,3260
S*Mobarakeh Steel,20071128,3257,3279,3257,3279,13590826105,4172805,185,D,3323,3279
S*Mobarakeh Steel,20071127,3263,3323,3263,3323,1823208376,558752,78,D,3329,3323
S*Mobarakeh Steel,20071126,3329,3329,3329,3329,20943338220,6291180,242,D,3396,3329
S*Mobarakeh Steel,20071125,3339,3396,3339,3396,3289907253,985297,148,D,3407,3396
S*Mobarakeh Steel,20071124,3473,3501,3396,3407,21692544948,6366536,660,D,3465,3407
S*Mobarakeh Steel,20071121,3430,3510,3385,3465,69346194088,20011097,2333,D,3452,3465
S*Mobarakeh Steel,20071120,3452,3500,3452,3452,2.34562E+11,67946383,4722,D,3522,3452
S*Mobarakeh Steel,20071119,3522,3522,3522,3522,23365099446,6634043,196,D,3593,3522
S*Mobarakeh Steel,20071118,3562,3593,3562,3593,12888940582,3618456,143,D,3634,3593
S*Mobarakeh Steel,20071117,3584,3634,3584,3634,7074174964,1973821,110,D,3657,3634
S*Mobarakeh Steel,20071114,3657,3657,3657,3657,23410691427,6401611,266,D,3731,3657
S*Mobarakeh Steel,20071113,3728,3794,3724,3731,86535252579,23189941,2013,D,3799,3731
S*Mobarakeh Steel,20071112,3799,3799,3799,3799,34661582130,9123870,568,D,3876,3799
S*Mobarakeh Steel,20071111,3804,3876,3804,3876,1536189060,403835,37,D,3881,3876
S*Mobarakeh Steel,20071105,3805,3881,3805,3881,244841095,64347,13,D,3882,3881
S*Mobarakeh Steel,20071104,3868,3970,3868,3882,45016810108,11595337,1163,D,3946,3882
S*Mobarakeh Steel,20071103,4149,4150,3820,3946,2.06146E+11,52229357,5208,D,3557,3946
S*Mobarakeh Steel,20071023,3557,3557,3557,3557,68603606453,19286929,3863,D,3488,3557
S*Mobarakeh Steel,20071022,3488,3488,3488,3488,96779446688,27746401,4953,D,3420,3488
S*Mobarakeh Steel,20071021,3420,3420,3420,3420,69337422000,20274100,4553,D,3353,3420
S*Mobarakeh Steel,20071020,3353,3353,3353,3353,34051736859,10155603,2916,D,3288,3353
S*Mobarakeh Steel,20071017,3288,3288,3288,3288,32952723984,10022118,3082,D,3224,3288
S*Mobarakeh Steel,20071016,3287,3287,3224,3224,193478764,58862,54,D,3223,3224
S*Mobarakeh Steel,20071015,3245,3245,3223,3223,13216888025,4073001,1188,D,3182,3223
S*Mobarakeh Steel,20071014,3204,3204,3182,3182,13098265772,4088098,1127,D,3142,3182
S*Mobarakeh Steel,20071010,3200,3200,3142,3142,1441631420,450510,173,D,3138,3142
S*Mobarakeh Steel,20071009,3199,3199,2388,3138,3.25054E+11,136089385,41,D,3137,3138
S*Mobarakeh Steel,20071008,3198,3198,3137,3137,302987504,94743,46,D,3136,3137
S*Mobarakeh Steel,20071007,3196,3196,3136,3136,723752776,226456,117,D,3134,3136
S*Mobarakeh Steel,20071006,3191,3191,3134,3134,1566904879,491039,178,D,3129,3134
S*Mobarakeh Steel,20071002,3190,3190,3129,3129,171021670,53612,37,D,3128,3129
S*Mobarakeh Steel,20071001,3190,3190,3128,3128,42493370,13321,13,D,3128,3128
S*Mobarakeh Steel,20070930,3190,3190,3128,3128,24769730,7765,4,D,3128,3128
S*Mobarakeh Steel,20070924,3185,3185,3128,3128,1592531280,500010,201,D,3123,3128
S*Mobarakeh Steel,20070923,3177,3177,3123,3123,2541631230,800010,238,D,3115,3123
S*Mobarakeh Steel,20070922,3175,3175,3115,3115,792282550,249538,89,D,3113,3115
S*Mobarakeh Steel,20070919,3174,3174,3113,3113,170855810,53830,24,D,3112,3113
S*Mobarakeh Steel,20070918,3124,3124,3112,3112,15865096424,5078456,1045,D,3063,3112
S*Mobarakeh Steel,20070917,3063,3063,3063,3063,45361556697,14809519,2349,D,3003,3063
S*Mobarakeh Steel,20070916,3057,3057,3003,3003,1733260377,566981,234,D,2998,3003
S*Mobarakeh Steel,20070915,3053,3053,2998,2998,1387682593,454531,146,D,2994,2998
S*Mobarakeh Steel,20070912,3051,3051,2994,2994,526989507,172727,85,D,2992,2994
S*Mobarakeh Steel,20070911,3050,3050,2992,2992,315890970,103571,98,D,2991,2992
S*Mobarakeh Steel,20070910,3046,3046,2991,2991,1251408952,410837,246,D,2987,2991
S*Mobarakeh Steel,20070909,3043,3043,2987,2987,902544111,296597,86,D,2984,2987
S*Mobarakeh Steel,20070908,3042,3042,2984,2984,315132368,103594,32,D,2983,2984
S*Mobarakeh Steel,20070905,3034,3034,2983,2983,2647501264,872611,373,D,2975,2983
S*Mobarakeh Steel,20070904,3032,3032,2975,2975,494736934,163172,57,D,2973,2975
S*Mobarakeh Steel,20070903,3028,3028,2973,2973,1215399286,401387,106,D,2969,2973
S*Mobarakeh Steel,20070902,3027,3027,2969,2969,416063597,137451,35,D,2968,2969
S*Mobarakeh Steel,20070901,3007,3007,2968,2968,6387814815,2124315,445,D,2949,2968
S*Mobarakeh Steel,20070828,2975,2975,2949,2949,10388033340,3491776,661,D,2917,2949
S*Mobarakeh Steel,20070827,2966,2966,2917,2917,2810592974,947604,251,D,2908,2917
S*Mobarakeh Steel,20070826,2939,2939,2908,2908,8616036748,2931622,581,D,2882,2908
S*Mobarakeh Steel,20070825,2934,2934,2882,2882,1508465702,514133,182,D,2877,2882
S*Mobarakeh Steel,20070822,2931,2931,2877,2877,1081350876,368936,155,D,2874,2877
S*Mobarakeh Steel,20070821,2920,2920,2874,2874,3514710100,1203668,303,D,2863,2874
S*Mobarakeh Steel,20070820,2905,2905,2863,2863,4439879570,1528358,605,D,2849,2863
S*Mobarakeh Steel,20070819,2887,2887,2849,2849,5885518656,2038628,455,D,2831,2849
S*Mobarakeh Steel,20070818,2834,2834,2783,2831,84277058183,29760995,2983,D,2779,2831
S*Mobarakeh Steel,20070815,2828,2828,2779,2779,1851516562,654709,280,D,2773,2779
S*Mobarakeh Steel,20070814,2824,2824,2773,2773,1229442010,435355,100,D,2769,2773
S*Mobarakeh Steel,20070813,2794,2794,2769,2769,9454918102,3384008,758,D,2740,2769
S*Mobarakeh Steel,20070812,2788,2788,2740,2740,2103194232,754374,257,D,2734,2740
S*Mobarakeh Steel,20070808,2786,2786,2734,2734,565039284,202814,47,D,2732,2734
S*Mobarakeh Steel,20070807,2783,2783,2732,2732,834899490,300000,61,D,2729,2732
S*Mobarakeh Steel,20070806,2731,2731,2729,2729,16522440740,6049960,575,D,2678,2729
S*Mobarakeh Steel,20070805,2650,2684,2645,2678,53325588071,19910250,3487,D,2632,2678
S*Mobarakeh Steel,20070804,2633,2633,2587,2632,1.21824E+11,46268455,4074,D,2582,2632
S*Mobarakeh Steel,20070801,2582,2582,2582,2582,44144709618,17097099,2606,D,2532,2582
S*Mobarakeh Steel,20070731,2532,2532,2532,2532,21752452512,8591016,1567,D,2483,2532
S*Mobarakeh Steel,20070730,2483,2483,2483,2483,15681545412,6315564,1091,D,2435,2483
S*Mobarakeh Steel,20070729,2435,2435,2435,2435,15492784900,6362540,612,D,2388,2435
S*Mobarakeh Steel,20070725,2333,2479,2254,2388,73538904099,30786113,2496,D,2384,2388
S*Mobarakeh Steel,20070717,2381,2419,2358,2384,41409372184,17354847,1497,D,2380,2384
S*Mobarakeh Steel,20070716,2380,2400,2380,2380,55551799076,23338850,1586,D,2428,2380
S*Mobarakeh Steel,20070715,2387,2428,2387,2428,2249683461,942473,121,D,2435,2428
S*Mobarakeh Steel,20070714,2441,2441,2394,2435,1.01037E+11,41484855,2611,D,2394,2435
S*Mobarakeh Steel,20070711,2394,2394,2394,2394,32801833890,13701685,701,D,2348,2394
S*Mobarakeh Steel,20070710,2340,2349,2320,2348,44882797405,19111410,814,D,2303,2348
S*Mobarakeh Steel,20070709,2294,2305,2290,2303,23374166886,10145458,1090,D,2260,2303
S*Mobarakeh Steel,20070708,2258,2265,2240,2260,15160636801,6707990,1311,D,2221,2260
S*Mobarakeh Steel,20070707,2239,2242,2210,2221,10056265516,4510681,991,D,2200,2221
S*Mobarakeh Steel,20070704,2189,2233,2171,2200,16814821740,7638788,1526,D,2200,2200
S*Mobarakeh Steel,20070703,2219,2223,1450,2200,9.8107E+11,571322642,1214,D,2183,2200
S*Mobarakeh Steel,20070702,2179,2184,2170,2183,32493053036,14878790,2494,D,2142,2183
S*Mobarakeh Steel,20070701,2129,2143,2122,2142,24596470666,11482272,1778,D,2101,2142
S*Mobarakeh Steel,20070630,2100,2102,2085,2101,22200446843,10566520,2214,D,2061,2101
S*Mobarakeh Steel,20070627,2070,2070,2052,2061,10145410287,4943752,883,D,2093,2061
S*Mobarakeh Steel,20070626,2137,2137,2065,2093,20129780241,9614186,1892,D,2096,2093
S*Mobarakeh Steel,20070625,2065,2097,2062,2096,22867336715,10909057,1818,D,2056,2096
S*Mobarakeh Steel,20070624,2030,2068,2026,2056,16194664330,7875528,1583,D,2028,2056
S*Mobarakeh Steel,20070623,2000,2030,1995,2028,20160850793,9940077,1623,D,1991,2028
S*Mobarakeh Steel,20070620,1986,1991,1966,1991,11205015358,5676578,1103,D,2005,1991
S*Mobarakeh Steel,20070619,2025,2025,1956,2005,23809248413,11863183,2574,D,1986,2005
S*Mobarakeh Steel,20070617,1986,1986,1986,1986,31093916244,15656554,2085,D,1948,1986
S*Mobarakeh Steel,20070616,1948,1948,1948,1948,29286925488,15034356,1898,D,1910,1948
S*Mobarakeh Steel,20070613,1910,1910,1910,1910,25017527620,13098182,1510,D,1873,1910
S*Mobarakeh Steel,20070612,1910,1910,1873,1873,216131410,113158,39,D,1873,1873
S*Mobarakeh Steel,20070611,1908,1908,950,1873,8.93785E+11,940111218,178,D,1871,1873
S*Mobarakeh Steel,20070610,1906,1907,1871,1871,752248837,394471,99,D,1870,1871
S*Mobarakeh Steel,20070609,1894,1904,1866,1870,3475993043,1842850,285,D,1867,1870
S*Mobarakeh Steel,20070606,1899,1899,1867,1867,3200694642,1686185,384,D,1862,1867
S*Mobarakeh Steel,20070603,1889,1889,1862,1862,6644893791,3517679,457,D,1852,1862
S*Mobarakeh Steel,20070602,1844,1880,1843,1852,5903314799,3142342,628,D,1844,1852
S*Mobarakeh Steel,20070530,1835,1845,1834,1844,1498893842,814969,204,D,1844,1844
S*Mobarakeh Steel,20070529,1830,1844,1820,1844,3436495236,1881316,182,D,1845,1844
S*Mobarakeh Steel,20070528,1818,1845,1817,1845,4885670697,2681100,312,D,1848,1845
S*Mobarakeh Steel,20070527,1829,1848,1813,1848,1232478002,677604,175,D,1850,1848
S*Mobarakeh Steel,20070526,1835,1850,1816,1850,1819739565,995859,258,D,1852,1850
S*Mobarakeh Steel,20070523,1848,1852,1818,1852,1017647066,555716,123,D,1853,1852
S*Mobarakeh Steel,20070522,1848,1853,1831,1853,1587771846,862753,189,D,1854,1853
S*Mobarakeh Steel,20070521,1840,1854,1830,1854,1869165969,1015994,273,D,1855,1854
S*Mobarakeh Steel,20070520,1835,1855,1830,1855,2066324045,1125563,260,D,1857,1855
S*Mobarakeh Steel,20070519,1857,1858,1830,1857,2145560723,1165541,257,D,1859,1857
S*Mobarakeh Steel,20070516,1860,1870,1857,1859,2368141606,1270938,266,D,1858,1859
S*Mobarakeh Steel,20070515,1870,1870,1854,1858,1343546511,722100,194,D,1858,1858
S*Mobarakeh Steel,20070514,1891,1894,1857,1858,2843868527,1521600,322,D,1857,1858
S*Mobarakeh Steel,20070513,1860,1884,1846,1857,6803190106,3617528,665,D,1848,1857
S*Mobarakeh Steel,20070512,1837,1870,1823,1848,2489582384,1340525,303,D,1847,1848
S*Mobarakeh Steel,20070509,1828,1850,1816,1847,5525634547,3031843,403,D,1851,1847
S*Mobarakeh Steel,20070508,1820,1851,1818,1851,5933952440,3256904,394,D,1855,1851
S*Mobarakeh Steel,20070507,1835,1855,1826,1855,5157963190,2824699,483,D,1863,1855
S*Mobarakeh Steel,20070506,1837,1863,1837,1863,6994053939,3807216,626,D,1874,1863
S*Mobarakeh Steel,20070505,1854,1874,1844,1874,4653287427,2523017,479,D,1881,1874
S*Mobarakeh Steel,20070502,1889,1890,1848,1881,2830592959,1524106,354,D,1884,1881
S*Mobarakeh Steel,20070501,1895,1900,1864,1884,2613975235,1387680,207,D,1884,1884
S*Mobarakeh Steel,20070430,1857,1910,1853,1884,10593596444,5581299,838,D,1873,1884
S*Mobarakeh Steel,20070429,1847,1873,1847,1873,6713269926,3633565,750,D,1884,1873
S*Mobarakeh Steel,20070428,1890,1890,1853,1884,4038766394,2176594,467,D,1890,1884
S*Mobarakeh Steel,20070425,1900,1903,1854,1890,3392879779,1796465,426,D,1890,1890
S*Mobarakeh Steel,20070424,1900,1912,950,1890,3.64124E+12,3831874711,264,D,1889,1890
S*Mobarakeh Steel,20070423,1925,1925,1880,1889,1569866424,826566,237,D,1888,1889
S*Mobarakeh Steel,20070422,1920,1920,1888,1888,3405672640,1773788,360,D,1883,1888
S*Mobarakeh Steel,20070421,1903,1904,1883,1883,10421277946,5473667,691,D,1867,1883
S*Mobarakeh Steel,20070418,1876,1898,1853,1867,5705405876,3024167,500,D,1861,1867
S*Mobarakeh Steel,20070417,1848,1880,1826,1861,2532449179,1368173,344,D,1862,1861
S*Mobarakeh Steel,20070416,1838,1862,1831,1862,3473179839,1890750,457,D,1867,1862
S*Mobarakeh Steel,20070415,1848,1867,1838,1867,5293662864,2879638,600,D,1875,1867
S*Mobarakeh Steel,20070414,1864,1875,1843,1875,3648614835,1975101,463,D,1880,1875
S*Mobarakeh Steel,20070411,1876,1880,1851,1880,3292833272,1767488,413,D,1883,1880
S*Mobarakeh Steel,20070410,1907,1917,1862,1883,2477218529,1315311,310,D,1879,1883
S*Mobarakeh Steel,20070409,1889,1913,1874,1879,1307934968,692951,165,D,1879,1879
S*Mobarakeh Steel,20070408,1854,1900,1849,1879,5626657331,3002511,433,D,1881,1879
S*Mobarakeh Steel,20070407,1886,1888,1859,1881,9390429030,5050280,473,D,1896,1881
S*Mobarakeh Steel,20070404,1887,1896,1862,1896,3083948625,1649990,220,D,1900,1896
S*Mobarakeh Steel,20070403,1900,1900,1867,1900,5089821352,2705358,313,D,1905,1900
S*Mobarakeh Steel,20070331,1904,1920,1873,1905,1544256723,818231,209,D,1906,1905
S*Mobarakeh Steel,20070328,1925,1930,1906,1906,2819018765,1466522,221,D,1904,1906
S*Mobarakeh Steel,20070327,1909,1935,1902,1904,3349931251,1737471,231,D,1900,1904
S*Mobarakeh Steel,20070326,1927,1931,1898,1900,5010080922,2604320,397,D,1894,1900
S*Mobarakeh Steel,20070325,1881,1922,1880,1894,7938296594,4151051,480,D,1885,1894
S*Mobarakeh Steel,20070319,1872,1909,1861,1885,23432044982,12428574,1402,D,1898,1885
S*Mobarakeh Steel,20070317,1896,1927,1896,1898,28239006789,14877283,1514,D,1934,1898
S*Mobarakeh Steel,20070314,1934,1966,1934,1934,51666379451,26705128,1901,D,1973,1934
S*Mobarakeh Steel,20070313,1976,1976,1915,1973,2.49242E+11,126270939,5862,D,1938,1973
S*Mobarakeh Steel,20070312,1938,1938,1938,1938,1.93879E+11,100041000,9214,D,1900,1938
S*Mobarakeh Steel,20070311,1900,1938,1900,1900,8.89437E+11,468077431,7736,D,1900,1900
