<TICKER>,<DTYYYYMMDD>,<FIRST>,<HIGH>,<LOW>,<CLOSE>,<VALUE>,<VOL>,<OPENINT>,<PER>,<OPEN>,<LAST>
,,,,,,,,,,,
S*Mellat Bank,20250416,2640,2762,2640,2748,9.3266E+12,3393835552,34368,D,2682,2762
S*Mellat Bank,20250415,2720,2748,2592,2682,1.47139E+13,5486565759,64248,D,2672,2666
S*Mellat Bank,20250414,2672,2672,2672,2672,5.01531E+12,1876986787,11090,D,2595,2672
S*Mellat Bank,20250413,2595,2595,2595,2595,5.63523E+12,2171571506,11466,D,2520,2595
S*Mellat Bank,20250412,2521,2521,2480,2520,5.7953E+12,2299737104,22138,D,2448,2521
S*Mellat Bank,20250409,2450,2450,2416,2448,1.01499E+13,4146748151,37404,D,2379,2450
S*Mellat Bank,20250408,2379,2379,2379,2379,3.37657E+12,1419322684,7941,D,2310,2379
S*Mellat Bank,20250407,2304,2352,2297,2310,4.8863E+12,2114832251,25801,D,2368,2330
S*Mellat Bank,20250406,2428,2463,2340,2368,4.4711E+12,1888165269,26064,D,2412,2340
S*Mellat Bank,20250405,2415,2415,2373,2412,5.58469E+12,2315573397,24615,D,2345,2409
S*Mellat Bank,20250330,2310,2348,2294,2345,3.3845E+12,1443498100,12477,D,2280,2348
S*Mellat Bank,20250329,2259,2294,2200,2280,6.09482E+12,2673652325,27708,D,2228,2294
S*Mellat Bank,20250326,2228,2228,2228,2228,2.23711E+12,1004088647,5621,D,2164,2228
S*Mellat Bank,20250325,2164,2164,2164,2164,1.68821E+12,780134709,3809,D,2101,2164
S*Mellat Bank,20250318,2095,2164,2095,2101,6.21541E+12,2957651418,32083,D,2159,2163
S*Mellat Bank,20250317,2183,2204,2120,2159,3.02401E+12,1400403678,19797,D,2180,2159
S*Mellat Bank,20250316,2183,2183,2140,2180,6.85443E+12,3144013447,29697,D,2120,2183
S*Mellat Bank,20250315,2101,2121,2101,2120,3.54311E+12,1671150925,11295,D,2060,2121
S*Mellat Bank,20250312,2014,2109,1997,2060,1.64984E+12,800981000,11962,D,2057,2072
S*Mellat Bank,20250311,2117,2130,2051,2057,1.97017E+12,957833520,10678,D,2114,2051
S*Mellat Bank,20250310,2079,2121,2079,2114,3.91792E+12,1853485572,18134,D,2060,2121
S*Mellat Bank,20250309,2070,2094,2044,2060,3.1174E+12,1513326987,20052,D,2107,2064
S*Mellat Bank,20250308,2189,2210,2094,2107,3.39881E+12,1612931854,21949,D,2158,2094
S*Mellat Bank,20250305,2100,2181,2079,2158,3.83871E+12,1778597878,23432,D,2118,2181
S*Mellat Bank,20250304,2122,2122,2070,2118,4.87744E+12,2303180258,22770,D,2061,2084
S*Mellat Bank,20250303,2051,2112,2051,2061,6.72341E+12,3262075443,31332,D,2114,2091
S*Mellat Bank,20250302,2084,2116,2073,2114,4.25442E+12,2012648694,16643,D,2055,2116
S*Mellat Bank,20250301,2020,2058,2011,2055,2.82846E+12,1376487089,12110,D,1999,2058
S*Mellat Bank,20250226,1970,2010,1910,1999,4.197E+12,2099718899,21523,D,1952,2010
S*Mellat Bank,20250225,1950,1980,1933,1952,2.1779E+12,1115981004,14488,D,1788,1940
S*Mellat Bank,20250224,0,0,0,3048,0,0,0,D,3048,3062
S*Mellat Bank,20250223,0,0,0,3048,0,0,0,D,3048,3062
S*Mellat Bank,20250222,0,0,0,3048,0,0,0,D,3048,3062
S*Mellat Bank,20250219,0,0,0,3048,0,0,0,D,3048,3062
S*Mellat Bank,20250218,3010,3062,2985,3048,2.97917E+12,977431872,14149,D,2973,3062
S*Mellat Bank,20250217,2936,2996,2935,2973,1.50081E+12,504818492,8975,D,2919,2985
S*Mellat Bank,20250216,2950,2974,2904,2919,3.78392E+12,1296193417,16562,D,2992,2939
S*Mellat Bank,20250215,3040,3058,2989,2992,5.4604E+12,1824720644,17901,D,3081,2989
S*Mellat Bank,20250211,3139,3139,3080,3081,5.29269E+12,1717858858,13469,D,3175,3080
S*Mellat Bank,20250209,3169,3240,3129,3175,4.34864E+12,1369529802,22110,D,3216,3132
S*Mellat Bank,20250205,3196,3278,3156,3216,2.42423E+12,753741159,12949,D,3231,3262
S*Mellat Bank,20250204,3186,3262,3181,3231,1.55638E+12,481719576,8653,D,3167,3219
S*Mellat Bank,20250203,3179,3195,3132,3167,1.24551E+12,393282495,7395,D,3167,3170
S*Mellat Bank,20250202,3155,3198,3143,3167,1.3029E+12,411355913,7767,D,3146,3174
S*Mellat Bank,20250201,3234,3234,3135,3146,2.83153E+12,899905391,13357,D,3231,3179
S*Mellat Bank,20250129,3189,3279,3185,3231,1.26471E+12,391400486,8359,D,3211,3226
S*Mellat Bank,20250127,3258,3270,3183,3211,1.4146E+12,440587937,9801,D,3274,3188
S*Mellat Bank,20250126,3333,3340,3235,3274,2.77622E+12,848069334,15058,D,3334,3246
S*Mellat Bank,20250125,3371,3371,3270,3334,3.55524E+12,1066493336,17329,D,3273,3310
S*Mellat Bank,20250122,3253,3278,3221,3273,2.40466E+12,734741281,10490,D,3183,3278
S*Mellat Bank,20250121,3165,3211,3083,3183,3.44067E+12,1080880296,14434,D,3118,3211
S*Mellat Bank,20250120,3200,3243,3064,3118,2.9602E+12,949501165,14737,D,3158,3115
S*Mellat Bank,20250119,3120,3230,3101,3158,2.05568E+12,651012518,10618,D,3172,3148
S*Mellat Bank,20250118,3210,3237,3161,3172,2.25329E+12,710284737,10185,D,3258,3161
S*Mellat Bank,20250115,3283,3284,3206,3258,2.66635E+12,818349863,13594,D,3189,3220
S*Mellat Bank,20250113,3090,3199,3090,3189,3.37782E+12,1059313152,12492,D,3106,3199
S*Mellat Bank,20250112,3106,3146,3105,3106,4.21417E+12,1356811382,18162,D,3201,3105
S*Mellat Bank,20250111,3298,3301,3189,3201,2.90019E+12,905969222,16224,D,3287,3189
S*Mellat Bank,20250108,3300,3359,3247,3287,3.46788E+12,1054978331,15938,D,3264,3268
S*Mellat Bank,20250107,3250,3301,3207,3264,2.82012E+12,864105037,15748,D,3234,3292
S*Mellat Bank,20250106,3269,3269,3208,3234,3.00727E+12,929960067,17484,D,3307,3250
S*Mellat Bank,20250105,3369,3418,3258,3307,4.0405E+12,1221975646,20232,D,3324,3280
S*Mellat Bank,20250104,3298,3326,3281,3324,3.27401E+12,984948450,11102,D,3230,3326
S*Mellat Bank,20250101,3235,3248,3160,3230,4.01483E+12,1242929914,19334,D,3154,3248
S*Mellat Bank,20241231,3070,3167,3044,3154,7.15775E+12,2269697433,20627,D,3075,3167
S*Mellat Bank,20241230,3048,3168,3048,3075,7.02487E+12,2284289319,26306,D,3142,3068
S*Mellat Bank,20241229,3150,3190,3138,3142,1.7422E+12,554574417,8217,D,3235,3138
S*Mellat Bank,20241228,3250,3298,3211,3235,4.15814E+12,1285247977,18359,D,3310,3211
S*Mellat Bank,20241225,3404,3410,3298,3310,5.74936E+12,1736903308,24131,D,3399,3298
S*Mellat Bank,20241224,3426,3469,3329,3399,5.50899E+12,1620853041,25140,D,3368,3396
S*Mellat Bank,20241223,3330,3442,3290,3368,5.15281E+12,1530112389,23629,D,3362,3380
S*Mellat Bank,20241222,3402,3402,3290,3362,8.94912E+12,2661867871,31054,D,3303,3338
S*Mellat Bank,20241221,3296,3304,3250,3303,2.52435E+12,764371365,6320,D,3208,3304
S*Mellat Bank,20241218,3178,3320,3178,3208,6.81834E+12,2125644300,29077,D,3276,3242
S*Mellat Bank,20241217,3250,3380,3184,3276,7.52029E+12,2295788397,31948,D,3282,3184
S*Mellat Bank,20241216,3291,3291,3210,3282,1.29269E+13,3939257894,39232,D,3196,3249
S*Mellat Bank,20241215,3196,3196,3196,3196,2.06871E+12,647281627,4544,D,3103,3196
S*Mellat Bank,20241214,3103,3103,3103,3103,2.22936E+12,718454606,4390,D,3013,3103
S*Mellat Bank,20241211,2988,3045,2930,3013,4.17143E+12,1384668948,16239,D,2957,3045
S*Mellat Bank,20241210,2962,2962,2890,2957,8.19966E+12,2772872173,25688,D,2876,2961
S*Mellat Bank,20241209,2875,2876,2851,2876,3.24764E+12,1129288154,8646,D,2793,2876
S*Mellat Bank,20241208,2760,2860,2732,2793,4.25676E+12,1524103859,17832,D,2816,2850
S*Mellat Bank,20241207,2895,2898,2730,2816,5.26709E+12,1870379698,26578,D,2814,2765
S*Mellat Bank,20241204,2739,2822,2700,2814,4.55529E+12,1618896974,16646,D,2740,2822
S*Mellat Bank,20241203,2745,2745,2700,2740,6.33262E+12,2310962252,20609,D,2666,2745
S*Mellat Bank,20241202,2650,2667,2645,2666,2.44392E+12,916653581,6574,D,2590,2667
S*Mellat Bank,20241201,2555,2650,2555,2590,3.06255E+12,1182244714,12065,D,2633,2578
S*Mellat Bank,20241130,2650,2702,2552,2633,3.58767E+12,1362389487,18084,D,2624,2583
S*Mellat Bank,20241127,2595,2657,2520,2624,4.56116E+12,1738391618,18738,D,2580,2657
S*Mellat Bank,20241126,2603,2603,2526,2580,7.6198E+12,2953825559,31368,D,2528,2540
S*Mellat Bank,20241125,2528,2528,2528,2528,1.66041E+12,656808654,4790,D,2455,2528
S*Mellat Bank,20241124,2455,2455,2425,2455,2.37141E+12,966031351,6604,D,2384,2455
S*Mellat Bank,20241123,2330,2388,2330,2384,2.5292E+12,1060831443,10318,D,2319,2388
S*Mellat Bank,20241120,2347,2347,2311,2319,1.71163E+12,738127008,9471,D,2382,2313
S*Mellat Bank,20241119,2416,2458,2337,2382,2.77295E+12,1164261236,14550,D,2409,2337
S*Mellat Bank,20241118,2349,2419,2333,2409,2.24654E+12,932389419,8316,D,2349,2419
S*Mellat Bank,20241117,2378,2395,2298,2349,2.21231E+12,941838187,10722,D,2326,2327
S*Mellat Bank,20241116,2304,2327,2290,2326,8.00079E+11,344039860,2999,D,2260,2327
S*Mellat Bank,20241113,2235,2286,2213,2260,1.26797E+12,561072671,7104,D,2250,2260
S*Mellat Bank,20241112,2210,2270,2172,2250,1.82567E+12,811294322,9968,D,2204,2225
S*Mellat Bank,20241111,2207,2207,2180,2204,3.06763E+12,1391951381,12581,D,2143,2207
S*Mellat Bank,20241110,2143,2143,2143,2143,3.07653E+11,143561745,1184,D,2081,2143
S*Mellat Bank,20241109,2077,2082,2063,2081,3.98887E+11,191692863,1723,D,2022,2082
S*Mellat Bank,20241106,2006,2066,1950,2022,1.02846E+12,508741028,6682,D,2006,2064
S*Mellat Bank,20241105,2006,2006,2002,2006,5.91822E+11,295043996,3447,D,1948,2006
S*Mellat Bank,20241104,1931,1990,1931,1948,7.25593E+11,372493331,4239,D,1990,1985
S*Mellat Bank,20241103,1990,1990,1990,1990,1.15763E+11,58172494,870,D,2051,1990
S*Mellat Bank,20241102,2069,2090,2025,2051,8.9123E+11,434530220,5681,D,2047,2033
S*Mellat Bank,20241030,1978,2070,1951,2047,1.13015E+12,552028494,6180,D,2010,2070
S*Mellat Bank,20241029,2011,2053,1960,2010,1.23225E+12,613067555,8229,D,1998,1978
S*Mellat Bank,20241028,1998,1998,1998,1998,2.13639E+11,106926315,1107,D,1940,1998
S*Mellat Bank,20241027,1940,1940,1940,1940,1.32509E+11,68303662,531,D,1884,1940
S*Mellat Bank,20241026,1884,1884,1884,1884,1.38743E+11,73642869,750,D,1830,1884
S*Mellat Bank,20241023,1870,1889,1824,1830,6.23826E+11,340799141,5608,D,1880,1831
S*Mellat Bank,20241022,1857,1906,1838,1880,8.77809E+11,467003849,5948,D,1851,1853
S*Mellat Bank,20241021,1844,1901,1844,1851,1.05068E+12,567569939,7813,D,1901,1853
S*Mellat Bank,20241020,1893,1893,1893,1901,97214057142,51354494,1032,D,1951,1893
S*Mellat Bank,20241019,2002,2002,1941,1951,2.82278E+11,144709406,2204,D,2001,1941
S*Mellat Bank,20241016,1971,2030,1971,2001,6.42437E+11,321009413,5489,D,2022,2000
S*Mellat Bank,20241015,2022,2030,2022,2022,2.42117E+11,119732181,1324,D,2084,2022
S*Mellat Bank,20241014,2140,2147,2072,2084,2.34553E+11,112559792,1957,D,2136,2072
S*Mellat Bank,20241013,2160,2175,2111,2136,5.16982E+11,242033568,4206,D,2146,2148
S*Mellat Bank,20241012,2115,2200,2115,2146,6.5622E+11,305796753,4285,D,2140,2160
S*Mellat Bank,20241009,2150,2157,2129,2140,2.28568E+11,106792778,1750,D,2150,2129
S*Mellat Bank,20241008,2142,2169,2142,2150,1.14501E+12,532518666,6218,D,2163,2147
S*Mellat Bank,20241007,2163,2163,2163,2163,6.63742E+11,306861564,2179,D,2184,2163
S*Mellat Bank,20241006,2165,2165,2165,2184,12621443390,5829766,140,D,2186,2165
S*Mellat Bank,20241005,2170,2170,2170,2186,25925914420,11947426,280,D,2191,2170
S*Mellat Bank,20241002,2191,2191,2191,2191,4.65724E+11,212562402,1288,D,2213,2191
S*Mellat Bank,20241001,2213,2219,2213,2213,3.79936E+11,171682886,1538,D,2235,2213
S*Mellat Bank,20240930,2245,2266,2222,2235,1.20274E+12,538052713,5847,D,2244,2226
S*Mellat Bank,20240929,2241,2283,2241,2244,2.17855E+12,970660475,8798,D,2263,2275
S*Mellat Bank,20240928,2263,2263,2263,2263,6.4438E+11,284746096,1404,D,2285,2263
S*Mellat Bank,20240925,2277,2288,2252,2285,2.8045E+12,1227245427,12378,D,2222,2280
S*Mellat Bank,20240924,2221,2222,2182,2222,1.70712E+12,768430029,5969,D,2158,2222
S*Mellat Bank,20240923,2108,2169,2107,2158,8.35459E+11,387192808,3622,D,2106,2169
S*Mellat Bank,20240922,2120,2129,2093,2106,6.47836E+11,307605108,4050,D,2104,2105
S*Mellat Bank,20240918,2079,2125,2063,2104,6.77587E+11,322097246,4273,D,2065,2120
S*Mellat Bank,20240917,2014,2073,2013,2065,7.49598E+11,363005265,3886,D,2013,2073
S*Mellat Bank,20240916,2011,2025,2007,2013,3.3434E+11,166084131,2460,D,2009,2013
S*Mellat Bank,20240915,2025,2026,1978,2009,4.62744E+11,230383445,3168,D,2023,2004
S*Mellat Bank,20240914,2048,2050,1971,2023,5.05198E+11,249777542,4293,D,2030,1987
S*Mellat Bank,20240911,2037,2059,2017,2030,3.74E+11,184222054,2728,D,2029,2032
S*Mellat Bank,20240910,2050,2058,2011,2029,2.74818E+11,135477084,2683,D,2037,2019
S*Mellat Bank,20240909,2016,2053,2000,2037,5.06932E+11,248849261,3134,D,2010,2047
S*Mellat Bank,20240908,2040,2045,1985,2010,3.82599E+11,190382875,3989,D,2045,2001
S*Mellat Bank,20240907,2091,2100,2024,2045,4.74778E+11,232141767,4745,D,2086,2024
S*Mellat Bank,20240903,2110,2129,2061,2086,4.67075E+11,223960211,4938,D,2092,2107
S*Mellat Bank,20240901,2097,2097,2060,2092,9.37312E+11,448102180,5639,D,2056,2094
S*Mellat Bank,20240831,2056,2056,2053,2056,2.51479E+11,122318267,1321,D,2016,2056
S*Mellat Bank,20240828,2024,2039,2003,2016,3.96649E+11,196710299,3237,D,2002,2023
S*Mellat Bank,20240827,2013,2020,1987,2002,2.92897E+11,146318360,3464,D,1993,1998
S*Mellat Bank,20240826,1995,2018,1977,1993,4.48938E+11,225261031,4765,D,1988,1990
S*Mellat Bank,20240824,1964,1991,1964,1988,2.47788E+11,124668958,1720,D,1952,1991
S*Mellat Bank,20240821,1959,1968,1940,1952,1.83712E+11,94106437,2017,D,1943,1957
S*Mellat Bank,20240820,1952,1990,1940,1943,4.41061E+11,226978849,3156,D,1979,1960
S*Mellat Bank,20240819,2004,2004,1940,1979,4.62667E+11,233780659,4046,D,1965,1949
S*Mellat Bank,20240818,1965,1965,1965,1965,1.61632E+11,82255476,890,D,1927,1965
S*Mellat Bank,20240817,1927,1927,1920,1927,2.57557E+11,133657821,1436,D,1890,1927
S*Mellat Bank,20240814,1890,1890,1890,1890,4.6644E+11,246793552,2648,D,1872,1890
S*Mellat Bank,20240813,1872,1879,1872,1872,1.43075E+11,76414217,1273,D,1890,1872
S*Mellat Bank,20240812,1904,1904,1886,1890,3.90615E+11,206701119,3977,D,1905,1888
S*Mellat Bank,20240811,1920,1922,1900,1905,2.34516E+11,123074778,2371,D,1918,1918
S*Mellat Bank,20240810,1930,1935,1905,1918,1.78717E+11,93165601,2414,D,1918,1920
S*Mellat Bank,20240806,1930,1930,1909,1918,3.22417E+11,168086534,4855,D,1927,1929
S*Mellat Bank,20240805,1917,1938,1917,1927,4.84915E+11,251643715,6110,D,1926,1928
S*Mellat Bank,20240804,1899,1937,1899,1926,2.42953E+11,126132972,2891,D,1918,1927
S*Mellat Bank,20240803,2010,2010,1890,1918,8.0322E+11,418850032,7124,D,2010,1893
S*Mellat Bank,20240731,2060,2060,1990,2010,1.00821E+12,501708107,7524,D,2084,2031
S*Mellat Bank,20240730,2100,2111,2053,2084,6.14364E+11,294777617,5694,D,2093,2095
S*Mellat Bank,20240729,2135,2136,2061,2093,4.31431E+11,206176557,4901,D,2130,2067
S*Mellat Bank,20240727,2145,2146,2117,2130,4.08693E+11,191860710,5459,D,2143,2120
S*Mellat Bank,20240724,2159,2160,2138,2143,4.70661E+11,219667354,4684,D,2140,2143
S*Mellat Bank,20240723,2154,2158,2136,2140,4.41663E+11,206370560,3184,D,2124,2140
S*Mellat Bank,20240722,2138,2138,2118,2124,5.30645E+11,249865004,5756,D,2135,2125
S*Mellat Bank,20240721,2179,2180,2121,2135,4.39192E+11,205705617,3870,D,2177,2130
S*Mellat Bank,20240720,2197,2200,2158,2177,4.10245E+11,188474010,3428,D,2191,2161
S*Mellat Bank,20240717,2220,2220,2174,2191,3.63873E+11,166102613,2867,D,2190,2194
S*Mellat Bank,20240714,2210,2210,2171,2190,3.26798E+11,149234641,2470,D,2192,2186
S*Mellat Bank,20240713,2230,2230,2167,2192,3.80536E+11,173629585,3878,D,2234,2187
S*Mellat Bank,20240710,2249,2249,2210,2234,5.23599E+11,234405232,2413,D,2242,2210
S*Mellat Bank,20240709,2260,2279,2231,2242,5.52061E+11,246257352,3951,D,2281,2236
S*Mellat Bank,20240708,2312,2320,2241,2281,8.04654E+11,352767112,5483,D,2349,2291
S*Mellat Bank,20240707,2398,2398,2287,2349,1.13144E+12,481646709,6933,D,2263,2298
S*Mellat Bank,20240706,2263,2263,2263,2263,2.6254E+11,116014119,1265,D,2135,2263
S*Mellat Bank,20240703,2147,2147,2131,2135,4.19141E+11,196339745,2967,D,2130,2140
S*Mellat Bank,20240702,2150,2150,2120,2130,4.58257E+11,215137432,3949,D,2126,2144
S*Mellat Bank,20240701,2146,2146,2101,2126,4.0061E+11,188443625,3313,D,2127,2130
S*Mellat Bank,20240630,2174,2180,2077,2127,7.09626E+11,333680111,5556,D,2178,2138
S*Mellat Bank,20240629,2195,2199,2150,2178,5.78642E+11,265692842,4171,D,2183,2156
S*Mellat Bank,20240626,2173,2189,2160,2183,6.03813E+11,276637461,4489,D,2147,2189
S*Mellat Bank,20240624,2159,2161,2132,2147,6.31729E+11,294278707,4868,D,2151,2149
S*Mellat Bank,20240623,2168,2171,2125,2151,5.63241E+11,261909501,4354,D,2167,2149
S*Mellat Bank,20240622,2190,2190,2147,2167,3.83244E+11,176850244,2595,D,2176,2156
S*Mellat Bank,20240619,0,0,0,2258,0,0,0,D,2258,2263
S*Mellat Bank,20240618,0,0,0,2258,0,0,0,D,2258,2263
S*Mellat Bank,20240616,2263,2264,2255,2258,1.74372E+12,772379311,6305,D,2256,2263
S*Mellat Bank,20240615,2257,2263,2252,2256,1.42633E+12,632252345,4822,D,2256,2261
S*Mellat Bank,20240612,2237,2269,2228,2256,2.18496E+12,968445545,8314,D,2225,2237
S*Mellat Bank,20240611,2247,2247,2193,2225,1.69266E+12,760799011,9508,D,2203,2242
S*Mellat Bank,20240610,2203,2203,2203,2203,2.21663E+11,100618823,965,D,2160,2203
S*Mellat Bank,20240609,2150,2171,2124,2160,5.59256E+11,258858868,3419,D,2129,2171
S*Mellat Bank,20240608,2165,2165,2113,2129,4.39178E+11,206326624,3424,D,2156,2125
S*Mellat Bank,20240605,2150,2182,2144,2156,2.26261E+11,104946361,2461,D,2140,2148
S*Mellat Bank,20240602,2170,2170,2111,2140,4.28888E+11,200453909,2873,D,2148,2178
S*Mellat Bank,20240601,2164,2164,2125,2148,5.07559E+11,236248048,3715,D,2122,2150
S*Mellat Bank,20240529,2123,2123,2123,2122,1.15993E+11,54636279,908,D,2082,2123
S*Mellat Bank,20240528,2070,2082,2070,2082,3.3815E+11,162432880,2099,D,2042,2082
S*Mellat Bank,20240527,2035,2076,2035,2042,6.33206E+11,310065413,4651,D,2076,2065
S*Mellat Bank,20240526,2119,2125,2074,2076,6.7708E+11,326163092,4854,D,2116,2074
S*Mellat Bank,20240525,2143,2155,2103,2116,4.88704E+11,230961835,5163,D,2145,2107
S*Mellat Bank,20240521,2134,2170,2134,2145,2.86576E+11,133602698,3718,D,2156,2138
S*Mellat Bank,20240520,0,0,0,2156,0,0,0,D,2156,2160
S*Mellat Bank,20240519,2244,2244,2111,2156,4.83437E+11,224247932,5704,D,2246,2160
S*Mellat Bank,20240518,2210,2284,2206,2246,6.38264E+11,284130872,5209,D,2195,2210
S*Mellat Bank,20240515,2198,2240,2157,2195,4.09429E+11,186560970,4461,D,2192,2210
S*Mellat Bank,20240514,2185,2219,2177,2192,4.50935E+11,205699562,4891,D,2186,2179
S*Mellat Bank,20240513,2252,2253,2160,2186,3.84833E+11,176019559,5759,D,2252,2182
S*Mellat Bank,20240512,2265,2280,2224,2252,3.5798E+11,158957271,4207,D,2273,2230
S*Mellat Bank,20240511,2292,2295,2263,2273,3.35327E+11,147509704,4613,D,2296,2265
S*Mellat Bank,20240508,2304,2326,2291,2296,2.48053E+11,108017323,2892,D,2304,2293
S*Mellat Bank,20240507,2314,2347,2293,2304,4.09669E+11,177844263,3658,D,2318,2303
S*Mellat Bank,20240506,2365,2380,2292,2318,4.5571E+11,196580918,6108,D,2365,2300
S*Mellat Bank,20240505,2379,2379,2350,2365,2.82226E+11,119339290,3303,D,2372,2353
S*Mellat Bank,20240501,2390,2398,2364,2372,4.14137E+11,174583279,3482,D,2368,2380
S*Mellat Bank,20240430,2380,2400,2348,2368,3.38755E+11,143078692,3767,D,2394,2380
S*Mellat Bank,20240429,2390,2420,2376,2394,4.26746E+11,178254752,4275,D,2399,2390
S*Mellat Bank,20240428,2458,2458,2386,2399,3.98458E+11,166061669,4112,D,2458,2389
S*Mellat Bank,20240427,2495,2498,2443,2458,3.2364E+11,131648785,3413,D,2479,2456
S*Mellat Bank,20240424,2489,2514,2455,2479,5.52687E+11,222941336,4509,D,2483,2470
S*Mellat Bank,20240423,2498,2500,2463,2483,3.86929E+11,155834914,4065,D,2518,2489
S*Mellat Bank,20240422,2490,2553,2484,2518,6.56275E+11,260587381,6155,D,2547,2497
S*Mellat Bank,20240421,2595,2598,2499,2547,7.54181E+11,296077416,7181,D,2519,2499
S*Mellat Bank,20240420,2444,2554,2444,2519,1.3655E+12,542050163,8887,D,2399,2551
S*Mellat Bank,20240417,2412,2412,2378,2399,6.58215E+11,274374494,4740,D,2389,2381
S*Mellat Bank,20240416,2428,2428,2382,2389,1.18707E+12,496903799,6625,D,2406,2410
S*Mellat Bank,20240415,2406,2406,2406,2406,2.9487E+11,122555999,1287,D,2383,2406
S*Mellat Bank,20240414,2383,2383,2383,2383,5.28095E+11,221609232,1531,D,2407,2383
S*Mellat Bank,20240413,2507,2507,2371,2407,1.46559E+12,608828286,9681,D,2516,2376
S*Mellat Bank,20240409,2500,2550,2476,2516,1.10769E+12,440187187,8900,D,2524,2525
S*Mellat Bank,20240408,2520,2572,2489,2524,1.28272E+12,508286059,11071,D,2470,2510
S*Mellat Bank,20240407,2473,2473,2414,2470,4.95112E+12,2004667836,23703,D,2312,2473
S*Mellat Bank,20240406,2364,2370,2266,2312,6.80148E+11,294196911,7157,D,2364,2294
S*Mellat Bank,20240403,2380,2390,2350,2364,4.22922E+11,178920735,3663,D,2360,2368
S*Mellat Bank,20240402,2330,2411,2325,2360,4.30528E+11,182430407,4768,D,2410,2380
S*Mellat Bank,20240330,2425,2440,2395,2410,3.26799E+11,135616510,3574,D,2421,2414
S*Mellat Bank,20240327,2440,2459,2401,2421,2.86666E+11,118385665,3730,D,2440,2421
S*Mellat Bank,20240326,2468,2468,2430,2440,3.11647E+11,127699335,3750,D,2472,2446
S*Mellat Bank,20240325,2505,2537,2433,2472,4.55368E+11,184219884,6098,D,2456,2449
S*Mellat Bank,20240324,2432,2497,2411,2456,4.35884E+11,177478660,4746,D,2386,2483
S*Mellat Bank,20240318,2338,2413,2331,2386,6.53334E+11,273844352,5623,D,2289,2399
S*Mellat Bank,20240317,2260,2320,2260,2289,6.25928E+11,273410385,4378,D,2258,2304
S*Mellat Bank,20240316,2250,2282,2242,2258,5.69474E+11,252151796,4934,D,2282,2260
S*Mellat Bank,20240313,2283,2308,2254,2282,6.08473E+11,266599214,5220,D,2304,2257
S*Mellat Bank,20240312,2261,2360,2256,2304,9.25972E+11,401955568,8255,D,2249,2270
S*Mellat Bank,20240311,2241,2310,2220,2249,8.14268E+11,362078693,6614,D,2240,2234
S*Mellat Bank,20240310,2255,2258,2222,2240,4.18326E+11,186768537,3994,D,2253,2241
S*Mellat Bank,20240309,2260,2280,2239,2253,4.77506E+11,211955109,4540,D,2273,2249
S*Mellat Bank,20240306,2279,2310,2252,2273,4.14629E+11,182406132,4386,D,2277,2260
S*Mellat Bank,20240305,2320,2320,2244,2277,5.55497E+11,243980540,5601,D,2272,2250
S*Mellat Bank,20240304,2310,2319,2260,2272,5.93978E+11,261419885,4624,D,2335,2263
S*Mellat Bank,20240303,2300,2378,2299,2335,9.77575E+11,418693466,9424,D,2248,2309
S*Mellat Bank,20240302,2199,2285,2175,2248,8.04696E+11,357935534,6494,D,2199,2282
S*Mellat Bank,20240228,2195,2221,2188,2199,4.35713E+11,198125646,3821,D,2189,2200
S*Mellat Bank,20240227,2197,2202,2175,2189,4.41934E+11,201881506,4307,D,2199,2200
S*Mellat Bank,20240226,2245,2245,2184,2199,4.85597E+11,220842185,4798,D,2244,2185
S*Mellat Bank,20240224,2250,2266,2229,2244,4.23432E+11,188733849,3688,D,2254,2239
S*Mellat Bank,20240221,2259,2264,2248,2254,4.13456E+11,183443201,3260,D,2255,2262
S*Mellat Bank,20240220,2269,2270,2249,2255,4.33082E+11,192091235,3481,D,2255,2259
S*Mellat Bank,20240219,2258,2271,2243,2255,5.04851E+11,223906814,4154,D,2247,2254
S*Mellat Bank,20240218,2233,2260,2233,2247,4.30731E+11,191659514,3990,D,2226,2250
S*Mellat Bank,20240217,2275,2275,2199,2226,9.52136E+11,427781134,8750,D,2275,2233
S*Mellat Bank,20240214,2318,2333,2260,2275,1.1786E+12,517998946,10304,D,2342,2272
S*Mellat Bank,20240213,2365,2365,2323,2342,7.21589E+11,308160439,7095,D,2327,2342
S*Mellat Bank,20240212,2374,2374,2315,2327,4.01244E+11,172420456,4150,D,2354,2316
S*Mellat Bank,20240210,2377,2377,2340,2354,1.67703E+11,71250313,2313,D,2350,2349
S*Mellat Bank,20240207,2350,2376,2321,2350,3.10007E+11,131921201,3288,D,2353,2365
S*Mellat Bank,20240206,2361,2385,2336,2353,1.49843E+11,63673891,2156,D,2361,2342
S*Mellat Bank,20240205,2378,2389,2346,2361,2.17556E+11,92149645,2956,D,2378,2355
S*Mellat Bank,20240204,2380,2399,2367,2378,2.95697E+11,124349575,2888,D,2394,2399
S*Mellat Bank,20240203,2381,2413,2371,2394,2.5513E+11,106589553,2829,D,2379,2378
S*Mellat Bank,20240131,2375,2400,2351,2379,3.14995E+11,132407654,3272,D,2398,2379
S*Mellat Bank,20240130,2430,2430,2377,2398,4.18071E+11,174374599,4523,D,2429,2382
S*Mellat Bank,20240129,2443,2455,2416,2429,5.231E+11,215345744,4121,D,2454,2455
S*Mellat Bank,20240128,2460,2472,2435,2454,3.39801E+11,138485689,3227,D,2457,2458
S*Mellat Bank,20240127,0,2479,2449,2457,3.07529E+11,125183337,2824,D,2454,2467
S*Mellat Bank,20240124,2460,2475,2443,2454,3.49117E+11,142267787,2887,D,2453,2452
S*Mellat Bank,20240123,2470,2503,2400,2453,7.00739E+11,285608347,5821,D,2476,2477
S*Mellat Bank,20240122,2467,2504,2454,2476,5.42046E+11,218910201,4246,D,2480,2478
S*Mellat Bank,20240121,2460,2498,2456,2480,3.6076E+11,145488414,3418,D,2494,2493
S*Mellat Bank,20240120,2520,2531,2469,2494,6.5772E+11,263701596,5616,D,2521,2469
S*Mellat Bank,20240117,2521,2541,2511,2521,2.58938E+11,102698156,3280,D,2521,2514
S*Mellat Bank,20240116,2495,2536,2490,2521,3.37767E+11,133999319,2573,D,2522,2528
S*Mellat Bank,20240115,2521,2544,2505,2522,5.23857E+11,207734486,5055,D,2514,2510
S*Mellat Bank,20240114,2491,2531,2491,2514,4.79682E+11,190801866,5026,D,2493,2521
S*Mellat Bank,20240113,2466,2505,2466,2493,8.87465E+11,355936076,7764,D,2488,2492
S*Mellat Bank,20240110,2501,2520,2463,2488,1.10964E+12,445926200,11283,D,2387,2464
S*Mellat Bank,20240109,0,0,0,2387,0,0,0,D,2387,2377
S*Mellat Bank,20240108,0,0,0,2387,0,0,0,D,2387,2377
S*Mellat Bank,20240107,0,0,0,2387,0,0,0,D,2387,2377
S*Mellat Bank,20240106,0,0,0,4802,0,0,0,D,4802,4780
S*Mellat Bank,20240103,0,0,0,4802,0,0,0,D,4802,4780
S*Mellat Bank,20240102,0,0,0,4802,0,0,0,D,4802,4780
S*Mellat Bank,20240101,0,0,0,4802,0,0,0,D,4802,4780
S*Mellat Bank,20231231,0,0,0,4802,0,0,0,D,4802,4780
S*Mellat Bank,20231230,0,0,0,4802,0,0,0,D,4802,4780
S*Mellat Bank,20231227,0,0,0,4802,0,0,0,D,4802,4780
S*Mellat Bank,20231226,4830,4835,4779,4802,1.5008E+12,312567428,7373,D,4831,4780
S*Mellat Bank,20231225,4803,4863,4803,4831,1.73137E+12,358380949,6129,D,4806,4820
S*Mellat Bank,20231224,4754,4846,4754,4806,1.07907E+12,224518525,4647,D,4803,4823
S*Mellat Bank,20231223,4780,4897,4775,4803,6.52225E+11,135790334,3677,D,4769,4790
S*Mellat Bank,20231220,4765,4795,4718,4769,5.64729E+11,118413643,2905,D,4784,4775
S*Mellat Bank,20231219,4800,4848,4764,4784,6.99416E+11,146203338,4442,D,4779,4765
S*Mellat Bank,20231218,4647,4843,4647,4779,1.06769E+12,223416679,7314,D,4601,4770
S*Mellat Bank,20231216,4571,4657,4570,4601,3.18802E+11,69295100,2694,D,4565,4601
S*Mellat Bank,20231213,4545,4579,4545,4565,3.89132E+11,85234835,3060,D,4525,4570
S*Mellat Bank,20231212,4525,4578,4500,4525,5.07071E+11,112047556,2985,D,4546,4540
S*Mellat Bank,20231211,4600,4600,4522,4546,1.96244E+11,43164904,2459,D,4571,4545
S*Mellat Bank,20231210,4548,4630,4545,4571,3.08986E+11,67595164,2579,D,4601,4587
S*Mellat Bank,20231209,4661,4699,4549,4601,3.51701E+11,76442067,3477,D,4645,4555
S*Mellat Bank,20231206,4660,4690,4619,4645,4.24342E+11,91358406,2990,D,4709,4630
S*Mellat Bank,20231205,4670,4757,4670,4709,5.16419E+11,109666343,3687,D,4709,4680
S*Mellat Bank,20231204,4702,4796,4656,4709,8.25456E+11,175303821,5439,D,4662,4699
S*Mellat Bank,20231203,4550,4740,4550,4662,6.81177E+11,146112540,5036,D,4657,4709
S*Mellat Bank,20231202,4585,4748,4585,4657,5.89215E+11,126511013,4518,D,4537,4622
S*Mellat Bank,20231129,4440,4658,4409,4537,6.2167E+11,137033543,4655,D,4407,4585
S*Mellat Bank,20231128,4418,4449,4359,4407,3.48118E+11,78998826,4379,D,4396,4435
S*Mellat Bank,20231127,4420,4439,4379,4396,2.88474E+11,65625828,2527,D,4397,4405
S*Mellat Bank,20231126,4396,4445,4365,4397,3.81328E+11,86718286,3582,D,4397,4415
S*Mellat Bank,20231125,4404,4449,4390,4397,3.98222E+11,90568921,2791,D,4404,4390
S*Mellat Bank,20231122,4474,4474,4370,4404,5.22893E+11,118723060,4158,D,4473,4402
S*Mellat Bank,20231121,4471,4516,4409,4473,2.97285E+11,66459047,2085,D,4466,4494
S*Mellat Bank,20231120,4466,4514,4410,4466,3.60799E+11,80792770,2730,D,4463,4448
S*Mellat Bank,20231119,4459,4516,4408,4463,4.19183E+11,93914666,3861,D,4471,4465
S*Mellat Bank,20231118,4530,4560,4444,4471,6.67344E+11,149268845,5139,D,4590,4464
S*Mellat Bank,20231115,4620,4693,4537,4590,8.78287E+11,191357772,4887,D,4671,4567
S*Mellat Bank,20231114,4703,4704,4642,4671,4.13379E+11,88494206,2628,D,4704,4660
S*Mellat Bank,20231113,4750,4760,4673,4704,6.60337E+11,140377340,3798,D,4677,4674
S*Mellat Bank,20231112,4680,4744,4647,4677,4.23767E+11,90611084,2543,D,4668,4700
S*Mellat Bank,20231111,4674,4697,4639,4668,3.86474E+11,82784487,2950,D,4674,4680
S*Mellat Bank,20231108,4660,4735,4645,4674,4.04004E+11,86437009,2991,D,4649,4695
S*Mellat Bank,20231107,4613,4699,4610,4649,5.44434E+11,117103480,3636,D,4620,4674
S*Mellat Bank,20231106,4621,4650,4600,4620,4.68964E+11,101507475,3005,D,4617,4620
S*Mellat Bank,20231105,4630,4690,4605,4617,5.57424E+11,120742061,3019,D,4609,4613
S*Mellat Bank,20231104,4599,4685,4571,4609,3.30953E+11,71809810,3112,D,4504,4612
S*Mellat Bank,20231101,4538,4560,4448,4504,5.04245E+11,111947330,2786,D,4538,4540
S*Mellat Bank,20231031,4574,4602,4490,4538,6.16013E+11,135732165,3678,D,4537,4578
S*Mellat Bank,20231030,4480,4599,4479,4537,4.27905E+11,94306251,3308,D,4462,4522
S*Mellat Bank,20231029,4400,4497,4397,4462,4.12967E+11,92549042,3366,D,4403,4460
S*Mellat Bank,20231028,4554,4590,4350,4403,1.07131E+12,243334265,6329,D,4590,4362
S*Mellat Bank,20231025,4590,4620,4585,4590,6.04775E+11,131768264,3251,D,4587,4587
S*Mellat Bank,20231024,4645,4687,4519,4587,8.80843E+11,192019004,6080,D,4523,4545
S*Mellat Bank,20231023,4414,4626,4410,4523,1.19511E+12,264213635,7748,D,4412,4592
S*Mellat Bank,20231022,4411,4432,4404,4412,5.3005E+11,120145772,2878,D,4412,4414
S*Mellat Bank,20231021,4385,4430,4372,4412,5.98678E+11,135689649,3422,D,4412,4413
S*Mellat Bank,20231018,4379,4435,4365,4412,7.28751E+11,165169301,4566,D,4379,4419
S*Mellat Bank,20231017,4380,4437,4341,4379,7.66643E+11,175061131,4318,D,4349,4400
S*Mellat Bank,20231016,4340,4370,4310,4349,6.44575E+11,148218645,3473,D,4314,4364
S*Mellat Bank,20231015,4313,4370,4272,4314,5.79828E+11,134394915,3219,D,4313,4370
S*Mellat Bank,20231014,4351,4392,4277,4313,6.38129E+11,147959078,3595,D,4352,4302
S*Mellat Bank,20231011,4370,4405,4348,4352,8.61737E+11,198005614,3378,D,4351,4351
S*Mellat Bank,20231010,4349,4385,4342,4351,4.18269E+11,96130199,2753,D,4347,4375
S*Mellat Bank,20231009,4349,4380,4300,4347,8.97816E+11,206521176,4071,D,4347,4350
S*Mellat Bank,20231008,4376,4478,4270,4347,1.3124E+12,301912214,6274,D,4477,4323
S*Mellat Bank,20231007,4520,4558,4411,4477,7.32187E+11,163540444,4019,D,4514,4480
S*Mellat Bank,20231004,4540,4560,4504,4514,5.34078E+11,118312056,3540,D,4512,4508
S*Mellat Bank,20231002,4510,4591,4485,4512,6.62207E+11,146770955,4977,D,4485,4492
S*Mellat Bank,20231001,4490,4519,4441,4485,6.77253E+11,151016619,3630,D,4494,4486
S*Mellat Bank,20230930,4570,4598,4463,4494,4.50535E+11,100263228,3734,D,4566,4465
S*Mellat Bank,20230927,4539,4602,4519,4566,5.68175E+11,124430653,3432,D,4503,4570
S*Mellat Bank,20230926,4504,4520,4471,4503,3.48961E+11,77493299,2675,D,4504,4520
S*Mellat Bank,20230925,4534,4540,4477,4504,5.24111E+11,116368041,3244,D,4534,4483
S*Mellat Bank,20230923,4539,4549,4519,4534,4.02252E+11,88720931,2774,D,4539,4526
S*Mellat Bank,20230920,4550,4575,4525,4539,4.01774E+11,88524752,2628,D,4573,4525
S*Mellat Bank,20230919,4582,4640,4551,4573,6.01277E+11,131490066,3180,D,4615,4570
S*Mellat Bank,20230918,4631,4656,4589,4615,8.3414E+11,180753126,4653,D,4660,4600
S*Mellat Bank,20230917,4689,4689,4644,4660,5.29155E+11,113544023,3970,D,4672,4646
S*Mellat Bank,20230913,4680,4720,4633,4672,6.0959E+11,130472960,3267,D,4688,4674
S*Mellat Bank,20230912,4686,4712,4670,4688,4.534E+11,96722557,2982,D,4685,4686
S*Mellat Bank,20230911,4725,4734,4664,4685,4.64594E+11,99156394,3633,D,4716,4686
S*Mellat Bank,20230910,4750,4750,4672,4716,5.15213E+11,109248276,3207,D,4735,4699
S*Mellat Bank,20230909,4792,4825,4690,4735,5.34993E+11,112982057,3972,D,4792,4711
S*Mellat Bank,20230905,4750,4890,4750,4792,8.301E+11,173233259,5911,D,4725,4780
S*Mellat Bank,20230904,4700,4769,4669,4725,5.0127E+11,106081263,3714,D,4689,4730
S*Mellat Bank,20230903,4700,4770,4650,4689,6.52812E+11,139216492,4613,D,4740,4709
S*Mellat Bank,20230902,4820,4830,4664,4740,6.3398E+11,133746273,4855,D,4760,4673
S*Mellat Bank,20230830,4702,4890,4651,4760,1.03983E+12,218433339,6861,D,4702,4770
S*Mellat Bank,20230829,4700,4790,4657,4702,8.04613E+11,171110234,4372,D,4699,4699
S*Mellat Bank,20230828,4689,4780,4625,4699,7.89442E+11,167991591,5742,D,4674,4683
S*Mellat Bank,20230827,4598,4784,4561,4674,9.91439E+11,212111331,7047,D,4529,4671
S*Mellat Bank,20230826,4470,4568,4465,4529,7.36651E+11,162641507,5127,D,4413,4542
S*Mellat Bank,20230823,4395,4488,4342,4413,5.43417E+11,123143436,3217,D,4391,4469
S*Mellat Bank,20230822,4444,4484,4327,4391,7.15437E+11,162947093,3915,D,4438,4344
S*Mellat Bank,20230821,4421,4454,4419,4438,6.99367E+11,157603271,3529,D,4421,4440
S*Mellat Bank,20230820,4450,4450,4403,4421,1.03101E+12,233197534,4413,D,4419,4430
S*Mellat Bank,20230819,4454,4480,4334,4419,7.53492E+11,170504728,4136,D,4465,4341
S*Mellat Bank,20230816,4465,4490,4459,4465,6.59976E+11,147804609,3627,D,4465,4466
S*Mellat Bank,20230815,4511,4527,4402,4465,6.08817E+11,136343542,2958,D,4548,4470
S*Mellat Bank,20230814,4550,4598,4509,4548,4.8367E+11,106355783,3437,D,4507,4520
S*Mellat Bank,20230813,4492,4560,4492,4507,4.71331E+11,104576751,4154,D,4491,4508
S*Mellat Bank,20230812,4643,4643,4438,4491,8.30205E+11,184866589,4579,D,4590,4545
S*Mellat Bank,20230809,4600,4637,4548,4590,4.89902E+11,106730764,3015,D,4608,4608
S*Mellat Bank,20230808,4590,4659,4543,4608,6.16357E+11,133765491,3777,D,4644,4610
S*Mellat Bank,20230807,4680,4688,4600,4644,4.45142E+11,95856772,3413,D,4549,4627
S*Mellat Bank,20230806,0,0,0,4549,0,0,0,D,4549,4590
S*Mellat Bank,20230805,0,0,0,4549,0,0,0,D,4549,4590
S*Mellat Bank,20230801,4515,4593,4484,4549,1.10398E+12,242665019,4977,D,4483,4590
S*Mellat Bank,20230731,4353,4510,4353,4483,1.08455E+12,241904038,4425,D,4437,4503
S*Mellat Bank,20230730,4529,4580,4333,4437,1.09238E+12,246183147,6278,D,4562,4353
S*Mellat Bank,20230729,4600,4649,4518,4562,5.57048E+11,122111481,3915,D,4591,4521
S*Mellat Bank,20230726,4527,4630,4500,4591,5.60476E+11,122068679,4095,D,4621,4584
S*Mellat Bank,20230725,4620,4699,4587,4621,5.67159E+11,122726413,4801,D,4587,4589
S*Mellat Bank,20230724,4461,4647,4461,4587,7.60507E+11,165785251,5868,D,4433,4599
S*Mellat Bank,20230723,4343,4481,4343,4433,5.78788E+11,130552552,5335,D,4343,4442
S*Mellat Bank,20230722,4369,4461,4261,4343,9.85175E+11,226819742,8243,D,4464,4329
S*Mellat Bank,20230719,4459,4615,4315,4464,1.29555E+12,290217130,9943,D,4360,4369
S*Mellat Bank,20230718,4210,4409,4210,4360,1.45077E+12,332733508,8912,D,4121,4409
S*Mellat Bank,20230717,4234,4234,4032,4121,1.80989E+12,439191269,11953,D,4315,4198
S*Mellat Bank,20230716,4480,4489,4210,4315,1.29047E+12,299054602,10159,D,4483,4235
S*Mellat Bank,20230715,4432,4630,4417,4483,8.34143E+11,186057594,7607,D,4432,4440
S*Mellat Bank,20230712,4500,4590,4325,4432,1.8989E+12,428472907,12910,D,4592,4400
S*Mellat Bank,20230711,4630,4680,4500,4592,1.54089E+12,335596103,8762,D,4667,4510
S*Mellat Bank,20230710,4750,4769,4597,4667,1.51595E+12,324835474,10503,D,4760,4599
S*Mellat Bank,20230709,4813,4815,4715,4760,9.78152E+11,205503544,7016,D,4813,4722
S*Mellat Bank,20230708,4824,4840,4751,4813,8.69735E+11,180712843,7341,D,4824,4770
S*Mellat Bank,20230705,4830,4840,4783,4824,8.71876E+11,180724233,6966,D,4833,4786
S*Mellat Bank,20230704,4791,4894,4791,4833,1.35397E+12,280178310,9044,D,4823,4824
S*Mellat Bank,20230703,4846,4850,4778,4823,1.37309E+12,284681031,11446,D,4845,4789
S*Mellat Bank,20230702,4859,4880,4789,4845,1.31348E+12,271120654,10185,D,4858,4850
S*Mellat Bank,20230701,4860,4916,4810,4858,8.62673E+11,177592275,8858,D,4800,4849
S*Mellat Bank,20230628,4830,4890,4740,4800,1.34081E+12,279053330,11803,D,4710,4850
S*Mellat Bank,20230627,4710,4800,4680,4710,1.19324E+12,253337389,8734,D,4680,4700
S*Mellat Bank,20230626,4640,4790,4520,4680,1.93457E+12,413297127,14591,D,4780,4700
S*Mellat Bank,20230625,4800,4890,4640,4780,2.69701E+12,564270158,20617,D,4920,4680
S*Mellat Bank,20230624,4950,4990,4840,4920,4.55528E+11,92607440,3279,D,5130,4900
S*Mellat Bank,20230621,0,0,0,5260,0,0,0,D,5260,5240
S*Mellat Bank,20230620,0,0,0,5260,0,0,0,D,5260,5240
S*Mellat Bank,20230619,5270,5390,5120,5260,6.71739E+12,1278027369,20654,D,5330,5240
S*Mellat Bank,20230618,5460,5510,5210,5330,2.888E+12,541904385,14112,D,5450,5240
S*Mellat Bank,20230617,5560,5560,5360,5450,2.9347E+12,538954774,13390,D,5280,5390
S*Mellat Bank,20230614,5230,5360,5210,5280,2.79831E+12,529748767,11431,D,5220,5280
S*Mellat Bank,20230613,5200,5300,5110,5220,3.0441E+12,583583514,11729,D,5200,5240
S*Mellat Bank,20230612,5260,5380,5090,5200,3.51513E+12,676312781,17573,D,5110,5170
S*Mellat Bank,20230611,5000,5210,5000,5110,2.07035E+12,404973938,12038,D,5030,5190
S*Mellat Bank,20230610,5180,5270,4950,5030,2.20169E+12,437416613,13179,D,5290,5010
S*Mellat Bank,20230607,5350,5370,5220,5290,1.73919E+12,328506302,10093,D,5270,5300
S*Mellat Bank,20230606,5150,5370,5140,5270,2.25542E+12,427616129,13067,D,5120,5330
S*Mellat Bank,20230603,5080,5160,5030,5120,1.18688E+12,231979228,8297,D,5030,5130
S*Mellat Bank,20230531,5100,5110,4950,5030,1.58045E+12,314411980,10555,D,5040,5080
S*Mellat Bank,20230530,5070,5120,4980,5040,2.28147E+12,452848672,11711,D,5000,5090
S*Mellat Bank,20230529,4960,5110,4940,5000,1.79412E+12,358606554,11833,D,4820,5000
S*Mellat Bank,20230528,4900,4940,4710,4820,2.60466E+12,540756250,15589,D,4950,4900
S*Mellat Bank,20230527,5050,5060,4880,4950,2.33498E+12,471542354,14768,D,5050,4990
S*Mellat Bank,20230524,5100,5170,4970,5050,3.32476E+12,658419622,21096,D,5125,4999
S*Mellat Bank,20230523,5270,5290,5001,5125,3.78682E+12,738864953,26620,D,5092,5020
S*Mellat Bank,20230522,5098,5098,5030,5092,9.34179E+12,1834502544,36294,D,4765,5098
S*Mellat Bank,20230521,4639,4858,4598,4765,3.26806E+12,685896084,17245,D,4621,4816
S*Mellat Bank,20230520,4693,4789,4512,4621,3.12463E+12,676157349,20522,D,4550,4550
S*Mellat Bank,20230517,4379,4603,4317,4550,4.41926E+12,971327513,18176,D,4302,4603
S*Mellat Bank,20230515,4300,4452,4170,4302,2.14562E+12,498769170,13953,D,4193,4306
S*Mellat Bank,20230514,4100,4269,4098,4193,2.6312E+12,627454232,15009,D,3990,4269
S*Mellat Bank,20230513,4125,4170,3862,3990,2.5832E+12,647348224,18978,D,4122,4060
S*Mellat Bank,20230510,4240,4348,3993,4122,3.20783E+12,778309207,20850,D,4110,4119
S*Mellat Bank,20230509,3871,4179,3871,4110,3.92479E+12,954822313,22374,D,3906,4179
S*Mellat Bank,20230508,4140,4140,3873,3906,4.73721E+12,1212703334,21892,D,4164,3874
S*Mellat Bank,20230507,4499,4539,4134,4164,6.45877E+12,1551182310,25792,D,4445,4145
S*Mellat Bank,20230506,4282,4452,4282,4445,6.23642E+12,1402980213,25456,D,4161,4452
S*Mellat Bank,20230503,4140,4250,4080,4161,3.81515E+12,916986098,20173,D,4116,4230
S*Mellat Bank,20230502,4150,4187,4082,4116,2.70219E+12,656460625,18677,D,4116,4108
S*Mellat Bank,20230501,4079,4237,4002,4116,3.21694E+12,781632307,18009,D,4040,4107
S*Mellat Bank,20230430,4000,4080,3995,4040,2.61834E+12,648090140,15649,D,3881,4040
S*Mellat Bank,20230429,3877,3938,3841,3881,2.03371E+12,524013966,15299,D,3877,3867
S*Mellat Bank,20230426,3900,3976,3820,3877,1.6801E+12,433333607,14332,D,3969,3842
S*Mellat Bank,20230425,3980,4028,3880,3969,2.03688E+12,513231930,14332,D,3948,3886
S*Mellat Bank,20230424,3980,4021,3889,3948,1.49026E+12,377436960,12630,D,3967,3960
S*Mellat Bank,20230419,4002,4051,3900,3967,2.30909E+12,582146951,18380,D,3979,3933
S*Mellat Bank,20230418,3833,4022,3833,3979,4.12032E+12,1035532281,23310,D,3759,3990
S*Mellat Bank,20230417,3639,3835,3570,3759,3.31243E+12,881268633,20983,D,3625,3819
S*Mellat Bank,20230416,3630,3681,3580,3625,2.58282E+12,712474516,20544,D,3581,3630
S*Mellat Bank,20230415,3581,3581,3579,3581,5.02433E+12,1403053732,15786,D,3347,3581
S*Mellat Bank,20230411,3361,3399,3289,3347,1.4184E+12,423780378,12908,D,3436,3368
S*Mellat Bank,20230410,3600,3622,3335,3436,1.66699E+12,485204170,16730,D,3586,3365
S*Mellat Bank,20230409,3610,3665,3540,3586,1.28885E+12,359407878,13550,D,3613,3571
S*Mellat Bank,20230408,3522,3693,3460,3613,1.94691E+12,538848529,15202,D,3491,3570
S*Mellat Bank,20230405,3428,3550,3390,3491,1.32167E+12,378549768,11379,D,3468,3515
S*Mellat Bank,20230404,3511,3566,3389,3468,1.62063E+12,467327151,13401,D,3449,3452
S*Mellat Bank,20230403,3385,3521,3320,3449,1.72517E+12,500126701,14325,D,3392,3487
S*Mellat Bank,20230329,3420,3433,3354,3392,1.20861E+12,356321716,12004,D,3403,3410
S*Mellat Bank,20230328,3399,3479,3350,3403,1.08224E+12,318023052,10211,D,3310,3399
S*Mellat Bank,20230326,3365,3422,3247,3316,1.61671E+12,487494761,16796,D,3401,3255
S*Mellat Bank,20230325,3395,3520,3313,3401,1.13827E+12,334674471,11665,D,3387,3355
S*Mellat Bank,20230319,3440,3441,3352,3387,1.1374E+12,335842675,10251,D,3410,3394
S*Mellat Bank,20230318,3301,3430,3286,3410,2.99571E+12,878593883,16632,D,3206,3429
S*Mellat Bank,20230315,3152,3240,3152,3206,1.82888E+12,570454625,16840,D,3200,3229
S*Mellat Bank,20230314,3220,3267,3159,3200,8.75624E+11,273626374,10185,D,3218,3160
S*Mellat Bank,20230313,3200,3278,3180,3218,9.24108E+11,287132571,7766,D,3216,3195
S*Mellat Bank,20230312,3250,3276,3161,3216,1.01684E+12,316166208,8534,D,3297,3199
S*Mellat Bank,20230311,3312,3312,3221,3297,3.48485E+12,1056931851,17272,D,3096,3260
S*Mellat Bank,20230307,3043,3150,3040,3096,7.35779E+11,237622675,6492,D,3036,3121
S*Mellat Bank,20230306,3052,3090,2981,3036,6.41562E+11,211325471,5255,D,3063,3044
S*Mellat Bank,20230305,3000,3141,3000,3063,7.40412E+11,241747379,6410,D,2975,3030
S*Mellat Bank,20230304,2950,3004,2922,2975,9.41246E+11,316363467,6824,D,2965,2988
S*Mellat Bank,20230301,2999,3003,2906,2965,8.54973E+11,288372496,7720,D,2996,2906
S*Mellat Bank,20230228,2980,3050,2949,2996,6.7313E+11,224704379,7316,D,3004,2990
S*Mellat Bank,20230227,3000,3119,2932,3004,1.1458E+12,381380680,10555,D,3032,2963
S*Mellat Bank,20230226,3083,3083,2930,3032,1.97416E+12,651169879,14591,D,2882,2969
S*Mellat Bank,20230225,2800,2886,2795,2882,1.67197E+12,580235963,8984,D,2698,2886
S*Mellat Bank,20230222,2736,2759,2644,2698,9.4479E+11,350219566,9567,D,2764,2714
S*Mellat Bank,20230221,2880,2880,2710,2764,1.37762E+12,498461505,9024,D,2580,2736
S*Mellat Bank,20230220,0,0,0,2580,0,0,0,D,2580,2561
S*Mellat Bank,20230219,0,0,0,3476,0,0,0,D,3476,3450
S*Mellat Bank,20230215,0,0,0,3476,0,0,0,D,3476,3450
S*Mellat Bank,20230214,0,0,0,3476,0,0,0,D,3476,3450
S*Mellat Bank,20230213,0,0,0,3476,0,0,0,D,3476,3450
S*Mellat Bank,20230212,0,0,0,3476,0,0,0,D,3476,3450
S*Mellat Bank,20230208,0,0,0,3476,0,0,0,D,3476,3450
S*Mellat Bank,20230207,3421,3549,3390,3476,4.27789E+12,1230632536,17510,D,3321,3450
S*Mellat Bank,20230206,3170,3401,3123,3321,2.37021E+12,713653705,9846,D,3229,3352
S*Mellat Bank,20230205,3302,3320,3144,3229,1.16366E+12,360359927,8220,D,3286,3160
S*Mellat Bank,20230201,3270,3335,3170,3286,1.08703E+12,330805144,7317,D,3229,3302
S*Mellat Bank,20230131,3180,3268,3126,3229,1.49276E+12,462344249,11373,D,3055,3246
S*Mellat Bank,20230130,3000,3168,2960,3055,9.5636E+11,313088999,8065,D,3024,3120
S*Mellat Bank,20230129,3149,3162,2990,3024,1.31506E+12,434899750,9477,D,3210,3037
S*Mellat Bank,20230128,3325,3331,3160,3210,1.00769E+12,313942136,8687,D,3323,3192
S*Mellat Bank,20230125,3420,3448,3281,3323,1.0795E+12,324819433,8204,D,3456,3310
S*Mellat Bank,20230124,3545,3545,3409,3456,9.07585E+11,262599218,7832,D,3560,3440
S*Mellat Bank,20230123,3635,3695,3470,3560,1.17559E+12,330246579,8509,D,3594,3529
S*Mellat Bank,20230122,3590,3683,3514,3594,1.15667E+12,321801884,8335,D,3615,3612
S*Mellat Bank,20230121,3650,3710,3550,3615,1.6188E+12,447800063,10539,D,3608,3590
S*Mellat Bank,20230118,3610,3690,3560,3608,1.23493E+12,342307053,9747,D,3651,3578
S*Mellat Bank,20230117,3698,3755,3580,3651,1.84988E+12,506721383,13974,D,3600,3600
S*Mellat Bank,20230116,3479,3646,3479,3600,2.96312E+12,823014835,15334,D,3408,3646
S*Mellat Bank,20230115,0,0,0,3408,0,0,0,D,3408,3436
S*Mellat Bank,20230114,3329,3499,3273,3408,9.80272E+11,287632774,7940,D,3390,3436
S*Mellat Bank,20230111,3465,3465,3328,3390,1.15176E+12,339772119,10112,D,3503,3345
S*Mellat Bank,20230110,3500,3610,3437,3503,1.50746E+12,430335128,10636,D,3445,3465
S*Mellat Bank,20230109,3474,3512,3372,3445,1.58891E+12,461287930,12122,D,3474,3445
S*Mellat Bank,20230108,3419,3549,3401,3474,1.82363E+12,524981422,12956,D,3317,3419
S*Mellat Bank,20230107,3231,3390,3231,3317,2.20109E+12,663610812,15038,D,3170,3331
S*Mellat Bank,20230104,3045,3233,3038,3170,1.62306E+12,512053528,10840,D,3125,3218
S*Mellat Bank,20230103,3073,3211,3051,3125,1.06433E+12,340590542,8134,D,3073,3058
S*Mellat Bank,20230102,3031,3130,3026,3073,6.0314E+11,196289353,5413,D,3019,3056
S*Mellat Bank,20230101,3010,3135,2950,3019,7.43216E+11,246202762,6707,D,3099,3025
S*Mellat Bank,20221231,3130,3170,3060,3099,9.09795E+11,293535644,7473,D,3258,3070
S*Mellat Bank,20221228,3130,3310,3130,3258,1.72095E+12,528171148,11307,D,3094,3250
S*Mellat Bank,20221226,3099,3144,3041,3094,5.36984E+11,173572073,4801,D,3102,3070
S*Mellat Bank,20221225,3179,3179,3043,3102,7.06433E+11,227742531,7221,D,3095,3060
S*Mellat Bank,20221224,2999,3160,2970,3095,1.0067E+12,325296223,8006,D,2954,3138
S*Mellat Bank,20221221,2869,2997,2869,2954,5.19746E+11,175927092,4886,D,2878,2959
S*Mellat Bank,20221220,2920,2934,2849,2878,2.33724E+11,81196453,2739,D,2917,2868
S*Mellat Bank,20221219,2975,2980,2872,2917,3.95344E+11,135512052,4822,D,2989,2900
S*Mellat Bank,20221218,2956,3034,2941,2989,5.06127E+11,169314916,5495,D,2902,2960
S*Mellat Bank,20221217,2849,2959,2836,2902,5.42161E+11,186818756,6694,D,2833,2927
S*Mellat Bank,20221214,2860,2889,2790,2833,3.50595E+11,123757262,4323,D,2871,2810
S*Mellat Bank,20221213,2835,2915,2813,2871,5.07843E+11,176909612,5281,D,2827,2839
S*Mellat Bank,20221212,2740,2878,2730,2827,7.48256E+11,264685678,6688,D,2690,2820
S*Mellat Bank,20221211,2629,2760,2628,2690,2.80022E+11,104100243,3392,D,2626,2720
S*Mellat Bank,20221210,2640,2684,2598,2626,1.97532E+11,75221877,2550,D,2674,2626
S*Mellat Bank,20221207,2720,2720,2650,2674,1.85347E+11,69325232,2459,D,2659,2658
S*Mellat Bank,20221206,2641,2680,2641,2659,1.75417E+11,65966797,2364,D,2657,2679
S*Mellat Bank,20221205,2694,2694,2600,2657,1.97896E+11,74469686,2893,D,2704,2657
S*Mellat Bank,20221204,2750,2750,2679,2704,2.44584E+11,90465408,3295,D,2723,2692
S*Mellat Bank,20221203,2725,2745,2718,2723,2.9847E+11,109627858,2892,D,2746,2718
S*Mellat Bank,20221130,2803,2803,2725,2746,2.44865E+11,89161180,2690,D,2777,2747
S*Mellat Bank,20221129,2755,2815,2751,2777,2.95899E+11,106544671,2867,D,2752,2803
S*Mellat Bank,20221128,2761,2784,2733,2752,1.98128E+11,71992061,2214,D,2758,2734
S*Mellat Bank,20221127,2753,2780,2732,2758,1.82453E+11,66142690,2400,D,2776,2761
S*Mellat Bank,20221126,2774,2840,2754,2776,1.68131E+11,60573238,2250,D,2800,2756
S*Mellat Bank,20221123,2730,2854,2730,2800,2.71852E+11,97099876,3549,D,2740,2776
S*Mellat Bank,20221122,2755,2775,2712,2740,2.34197E+11,85483066,2169,D,2743,2741
S*Mellat Bank,20221121,2750,2770,2725,2743,2.93738E+11,107093164,2558,D,2745,2726
S*Mellat Bank,20221120,2701,2798,2701,2745,2.79265E+11,101746839,2607,D,2723,2729
S*Mellat Bank,20221119,2810,2810,2687,2723,3.99376E+11,146653750,2721,D,2806,2729
S*Mellat Bank,20221116,2795,2820,2768,2806,4.01294E+11,143031246,2716,D,2814,2815
S*Mellat Bank,20221115,2840,2860,2790,2814,3.57662E+11,127109190,2964,D,2833,2795
S*Mellat Bank,20221114,2880,2881,2760,2833,3.60488E+11,127234290,3025,D,2880,2836
S*Mellat Bank,20221113,2892,2928,2848,2880,4.0959E+11,142196743,4365,D,2928,2853
S*Mellat Bank,20221112,2964,2968,2874,2928,4.1338E+11,141159141,4334,D,2962,2893
S*Mellat Bank,20221109,2969,2999,2900,2962,9.50535E+11,320956736,4718,D,2967,2967
S*Mellat Bank,20221108,3020,3089,2905,2967,8.62605E+11,290781938,7018,D,2959,2966
S*Mellat Bank,20221107,2933,2960,2933,2959,1.11849E+12,378024002,4917,D,2767,2960
S*Mellat Bank,20221106,2750,2814,2741,2767,2.45864E+11,88842823,2821,D,2734,2793
S*Mellat Bank,20221105,2669,2797,2662,2734,2.22294E+11,81298523,3364,D,2628,2750
S*Mellat Bank,20221102,2621,2661,2618,2628,3.04395E+11,115841500,2526,D,2618,2660
S*Mellat Bank,20221101,2615,2640,2605,2618,2.73272E+11,104378623,2965,D,2583,2615
S*Mellat Bank,20221031,2564,2620,2564,2583,2.90611E+11,112489384,2828,D,2544,2612
S*Mellat Bank,20221030,2550,2575,2522,2544,3.06013E+11,120279551,2425,D,2511,2559
S*Mellat Bank,20221029,2524,2540,2495,2511,5.16965E+11,205864803,3491,D,2502,2504
S*Mellat Bank,20221026,2515,2525,2385,2502,7.45007E+11,297722903,4145,D,2514,2451
S*Mellat Bank,20221025,2511,2550,2504,2514,4.6601E+11,185387154,3613,D,2511,2514
S*Mellat Bank,20221024,2523,2557,2461,2511,2.84349E+11,113240313,2946,D,2552,2486
S*Mellat Bank,20221023,2569,2583,2516,2552,2.05405E+11,80494262,2294,D,2560,2559
S*Mellat Bank,20221022,2568,2593,2525,2560,1.61185E+11,62969619,2079,D,2566,2565
S*Mellat Bank,20221019,2565,2583,2550,2566,1.04476E+11,40732774,1731,D,2574,2568
S*Mellat Bank,20221018,2581,2591,2562,2574,1.19971E+11,46603190,1704,D,2581,2571
S*Mellat Bank,20221017,2600,2600,2565,2581,1.49626E+11,57963300,2005,D,2587,2569
S*Mellat Bank,20221016,2586,2600,2571,2587,2.39845E+11,92705048,2224,D,2593,2587
S*Mellat Bank,20221015,2598,2600,2580,2593,3.37012E+11,129970414,1972,D,2592,2596
S*Mellat Bank,20221012,2553,2605,2553,2592,1.99634E+11,77034062,1653,D,2586,2601
S*Mellat Bank,20221011,2580,2604,2563,2586,1.52802E+11,59077929,2031,D,2558,2565
S*Mellat Bank,20221010,2579,2589,2550,2558,1.41229E+11,55217033,1878,D,2549,2557
S*Mellat Bank,20221009,2578,2586,2500,2549,2.76158E+11,108341489,2782,D,2578,2579
S*Mellat Bank,20221008,2590,2625,2530,2578,1.58548E+11,61502119,2445,D,2571,2533
S*Mellat Bank,20221004,2575,2583,2544,2571,2.98865E+11,116231690,2631,D,2574,2576
S*Mellat Bank,20221003,2620,2620,2525,2574,1.62237E+11,63038104,2224,D,2583,2550
S*Mellat Bank,20221002,2598,2615,2556,2583,1.93301E+11,74843447,2487,D,2598,2588
S*Mellat Bank,20221001,2630,2675,2540,2598,2.55882E+11,98504791,4407,D,2675,2544
S*Mellat Bank,20220928,2637,2714,2610,2675,1.51188E+11,56520597,2579,D,2611,2655
S*Mellat Bank,20220926,2560,2638,2550,2611,1.91157E+11,73220581,3085,D,2596,2609
S*Mellat Bank,20220924,2644,2644,2550,2596,2.94244E+11,113336672,4456,D,2644,2570
S*Mellat Bank,20220921,2600,2689,2594,2644,2.86152E+11,108246413,3834,D,2688,2638
S*Mellat Bank,20220920,2700,2718,2657,2688,1.38177E+11,51408460,1655,D,2700,2693
S*Mellat Bank,20220919,2700,2735,2680,2700,1.37632E+11,50965866,1944,D,2687,2690
S*Mellat Bank,20220918,2710,2724,2643,2687,2.45994E+11,91537001,3074,D,2732,2692
S*Mellat Bank,20220914,2761,2765,2707,2732,1.99183E+11,72916309,2031,D,2744,2721
S*Mellat Bank,20220913,2736,2778,2661,2744,2.11546E+11,77095507,2961,D,2722,2737
S*Mellat Bank,20220912,2697,2754,2690,2722,3.26468E+11,119944341,2986,D,2734,2700
S*Mellat Bank,20220911,2799,2799,2681,2734,3.36038E+11,122918682,3583,D,2794,2697
S*Mellat Bank,20220910,2863,2863,2750,2794,2.24365E+11,80305560,3075,D,2880,2760
S*Mellat Bank,20220907,2900,2930,2833,2880,2.24895E+11,78091590,2740,D,2902,2890
S*Mellat Bank,20220906,2911,2937,2863,2902,1.51154E+11,52077780,2335,D,2942,2895
S*Mellat Bank,20220905,2951,2980,2907,2942,1.80861E+11,61484266,1996,D,2937,2919
S*Mellat Bank,20220904,2949,2980,2904,2937,2.14331E+11,72976861,2577,D,2966,2910
S*Mellat Bank,20220903,3029,3029,2910,2966,3.33475E+11,112443813,3383,D,3033,2918
S*Mellat Bank,20220831,3040,3070,3020,3033,2.09044E+11,68933060,2038,D,3039,3039
S*Mellat Bank,20220830,3090,3100,3009,3039,2.51945E+11,82900589,3009,D,3080,3016
S*Mellat Bank,20220829,3053,3111,3035,3080,2.33775E+11,75907635,2816,D,3069,3045
S*Mellat Bank,20220828,3094,3120,3011,3069,3.17228E+11,103377254,3789,D,3118,3046
S*Mellat Bank,20220827,3136,3172,3066,3118,3.16999E+11,101655177,4266,D,3162,3084
S*Mellat Bank,20220824,3170,3190,3121,3162,3.04536E+11,96312868,3509,D,3162,3170
S*Mellat Bank,20220823,3130,3191,3070,3162,2.65865E+11,84091066,3169,D,3119,3158
S*Mellat Bank,20220822,3167,3191,3068,3119,2.84594E+11,91243301,3663,D,3179,3119
S*Mellat Bank,20220821,3123,3239,3123,3179,2.30586E+11,72525460,3252,D,3174,3169
S*Mellat Bank,20220820,3140,3240,3140,3174,3.64282E+11,114755217,4331,D,3222,3170
S*Mellat Bank,20220817,3190,3320,3160,3222,6.34217E+11,196838733,6933,D,3189,3246
S*Mellat Bank,20220816,3180,3270,3101,3189,7.97514E+11,250091203,8753,D,3137,3144
S*Mellat Bank,20220815,3040,3210,2977,3137,7.69975E+11,245484940,7371,D,3046,3165
S*Mellat Bank,20220814,3099,3099,3018,3046,4.44113E+11,145798650,4626,D,3063,3024
S*Mellat Bank,20220813,2950,3065,2950,3063,9.95027E+11,324855943,5297,D,2892,3065
S*Mellat Bank,20220810,2901,2955,2820,2892,2.25251E+11,77887600,2821,D,2944,2914
S*Mellat Bank,20220809,2850,3038,2830,2944,5.38213E+11,182786357,5877,D,2905,2909
S*Mellat Bank,20220806,2849,2907,2813,2905,8.79177E+11,302669958,5312,D,2743,2907
S*Mellat Bank,20220803,2723,2780,2723,2743,2.29206E+11,83568146,2143,D,2722,2754
S*Mellat Bank,20220802,2720,2749,2701,2722,1.2989E+11,47720001,1567,D,2709,2748
S*Mellat Bank,20220801,2722,2736,2680,2709,1.7632E+11,65081985,1831,D,2675,2699
S*Mellat Bank,20220731,2700,2719,2623,2675,2.32096E+11,86769685,2559,D,2722,2700
S*Mellat Bank,20220730,2722,2766,2699,2722,2.38756E+11,87725471,2372,D,2740,2710
S*Mellat Bank,20220727,2750,2780,2706,2740,1.87178E+11,68323542,2428,D,2731,2750
S*Mellat Bank,20220726,2692,2759,2692,2731,1.89534E+11,69411600,2097,D,2712,2735
S*Mellat Bank,20220725,2728,2763,2670,2712,3.00312E+11,110738264,3086,D,2762,2707
S*Mellat Bank,20220724,2766,2810,2720,2762,5.40944E+11,195844402,5892,D,2710,2733
S*Mellat Bank,20220723,2710,2710,2710,2710,6.05576E+11,223459802,2226,D,2557,2710
S*Mellat Bank,20220720,2567,2600,2534,2557,1.24481E+11,48686239,1550,D,2541,2565
S*Mellat Bank,20220719,2550,2564,2524,2541,77338457279,30371806,1029,D,2530,2550
S*Mellat Bank,20220717,2570,2570,2485,2530,1.56523E+11,61873089,2262,D,2565,2522
S*Mellat Bank,20220716,2600,2625,2510,2565,2.53612E+11,98862740,3124,D,2624,2590
S*Mellat Bank,20220713,2620,2654,2589,2624,1.86185E+11,70951906,2139,D,2593,2600
S*Mellat Bank,20220712,2628,2638,2520,2593,2.86479E+11,110471414,2994,D,2631,2590
S*Mellat Bank,20220711,2690,2700,2580,2631,2.44539E+11,92937034,3500,D,2722,2632
S*Mellat Bank,20220709,2788,2788,2671,2722,3.15655E+11,115959428,3223,D,2762,2709
S*Mellat Bank,20220706,2795,2818,2699,2762,2.7754E+11,100491458,3117,D,2828,2755
S*Mellat Bank,20220705,2856,2870,2795,2828,2.62854E+11,92950853,2707,D,2856,2795
S*Mellat Bank,20220704,2890,2891,2848,2856,2.71497E+11,95050665,2479,D,2857,2860
S*Mellat Bank,20220703,2821,2890,2810,2857,3.51836E+11,123133575,3218,D,2896,2857
S*Mellat Bank,20220702,2945,2976,2836,2896,3.46663E+11,119688246,4408,D,3008,2850
S*Mellat Bank,20220629,3015,3037,2965,3008,5.34079E+11,177546509,4034,D,3015,3006
S*Mellat Bank,20220628,3040,3060,3000,3015,4.18986E+11,138955762,4752,D,2958,3004
S*Mellat Bank,20220627,2930,2994,2875,2958,6.14384E+11,207715350,5484,D,2959,2976
S*Mellat Bank,20220626,3000,3000,2855,2959,1.68685E+11,57011462,2354,D,3115,2902
S*Mellat Bank,20220625,0,0,0,3942,0,0,0,D,3942,3900
S*Mellat Bank,20220622,0,0,0,4042,0,0,0,D,4042,4000
S*Mellat Bank,20220621,0,0,0,4042,0,0,0,D,4042,4000
S*Mellat Bank,20220620,0,0,0,4042,0,0,0,D,4042,4000
S*Mellat Bank,20220619,4010,4081,3932,4042,3.74063E+12,925485676,17138,D,3956,4000
S*Mellat Bank,20220618,3852,4030,3849,3956,2.90887E+12,735317188,12536,D,3833,4010
S*Mellat Bank,20220615,3810,3901,3712,3833,1.18983E+12,310398684,6207,D,3786,3900
S*Mellat Bank,20220614,3720,3819,3701,3786,8.10747E+11,214160464,4904,D,3751,3808
S*Mellat Bank,20220613,3704,3781,3685,3751,8.6714E+11,231188678,5989,D,3675,3780
S*Mellat Bank,20220612,3685,3724,3621,3675,3.72865E+11,101446723,3921,D,3681,3683
S*Mellat Bank,20220611,3748,3749,3639,3681,3.44729E+11,93648554,3078,D,3708,3653
S*Mellat Bank,20220608,3696,3761,3683,3708,5.59554E+11,150898710,3446,D,3696,3760
S*Mellat Bank,20220607,3650,3718,3650,3696,4.61737E+11,124924773,3312,D,3715,3697
S*Mellat Bank,20220606,3802,3850,3649,3715,1.06875E+12,287688656,5937,D,3807,3710
S*Mellat Bank,20220601,3736,3910,3641,3807,1.00723E+12,264544341,6921,D,3741,3792
S*Mellat Bank,20220531,3760,3775,3730,3741,4.85995E+11,129901678,3350,D,3752,3730
S*Mellat Bank,20220530,3810,3810,3724,3752,7.33559E+11,195498232,3932,D,3733,3750
S*Mellat Bank,20220529,3741,3810,3656,3733,5.36851E+11,143803444,4300,D,3847,3790
S*Mellat Bank,20220528,3900,3900,3780,3847,9.24737E+11,240397399,6979,D,3883,3820
S*Mellat Bank,20220525,3890,3955,3810,3883,7.96239E+11,205057097,5718,D,3861,3950
S*Mellat Bank,20220524,3889,3900,3810,3861,5.42694E+11,140558626,4592,D,3862,3890
S*Mellat Bank,20220523,3960,3998,3782,3862,8.62393E+11,223323400,6343,D,3956,3820
S*Mellat Bank,20220522,3961,3982,3902,3956,7.09109E+11,179240247,5523,D,3945,3960
S*Mellat Bank,20220521,3800,4030,3791,3945,1.31807E+12,334130167,11077,D,3807,3922
S*Mellat Bank,20220518,3792,3829,3770,3807,4.95493E+11,130163803,4949,D,3822,3820
S*Mellat Bank,20220517,3800,3899,3775,3822,9.65907E+11,252719790,8020,D,3776,3790
S*Mellat Bank,20220516,3750,3821,3746,3776,6.99862E+11,185350116,7629,D,3738,3777
S*Mellat Bank,20220515,3782,3818,3650,3738,6.36715E+11,170343488,5986,D,3781,3800
S*Mellat Bank,20220514,3818,3818,3697,3781,1.06083E+12,280555649,7927,D,3772,3797
S*Mellat Bank,20220511,3717,3855,3717,3772,5.73182E+11,151957598,5935,D,3715,3752
S*Mellat Bank,20220510,3729,3777,3689,3715,5.06495E+11,136349737,4739,D,3739,3719
S*Mellat Bank,20220509,3833,3833,3660,3739,5.70044E+11,152466545,5794,D,3832,3690
S*Mellat Bank,20220508,3852,3860,3802,3832,9.14743E+11,238717399,8096,D,3712,3818
S*Mellat Bank,20220507,3700,3779,3617,3712,1.66635E+12,448969118,10408,D,3689,3690
S*Mellat Bank,20220502,3740,3740,3670,3689,5.10067E+11,138281589,5732,D,3714,3686
S*Mellat Bank,20220501,3660,3790,3660,3714,8.98629E+11,241961222,8918,D,3636,3700
S*Mellat Bank,20220430,3689,3689,3603,3636,6.73438E+11,185190560,7040,D,3660,3623
S*Mellat Bank,20220427,3729,3729,3614,3660,5.78457E+11,158060313,6332,D,3699,3666
S*Mellat Bank,20220426,3669,3740,3661,3699,5.87274E+11,158783463,5550,D,3643,3700
S*Mellat Bank,20220425,3699,3699,3611,3643,4.94077E+11,135623568,5900,D,3699,3664
S*Mellat Bank,20220424,3800,3820,3648,3699,3.78824E+11,102399783,5444,D,3771,3674
S*Mellat Bank,20220420,3799,3849,3700,3771,4.09104E+11,108494185,5393,D,3771,3769
S*Mellat Bank,20220419,3689,3874,3630,3771,5.83198E+11,154645323,6677,D,3715,3759
S*Mellat Bank,20220418,3739,3789,3650,3715,6.68064E+11,179811420,7201,D,3655,3654
S*Mellat Bank,20220417,3700,3708,3611,3655,5.36363E+11,146760344,6636,D,3723,3678
S*Mellat Bank,20220416,3721,3798,3674,3723,3.41911E+11,91838886,5307,D,3721,3697
S*Mellat Bank,20220413,3611,3798,3611,3721,3.81321E+11,102479849,5098,D,3731,3764
S*Mellat Bank,20220412,3888,3888,3716,3731,5.52381E+11,148039286,4528,D,3911,3716
S*Mellat Bank,20220411,3960,3970,3874,3911,7.73776E+11,197824392,7356,D,3963,3884
S*Mellat Bank,20220410,3870,3997,3811,3963,1.34744E+12,340020103,9838,D,3807,3915
S*Mellat Bank,20220409,3755,3902,3740,3807,8.4143E+11,220993925,8047,D,3927,3800
S*Mellat Bank,20220406,4002,4075,3813,3927,1.07392E+12,273505984,11500,D,4013,3858
S*Mellat Bank,20220405,4000,4073,3960,4013,8.92122E+11,222296334,8498,D,4077,4000
S*Mellat Bank,20220404,4003,4207,3963,4077,1.76321E+12,432509739,13981,D,4010,4010
S*Mellat Bank,20220403,4060,4060,3951,4010,1.33796E+12,333620369,11584,D,4007,3997
S*Mellat Bank,20220330,3860,4080,3860,4007,6.94386E+11,173286333,6257,D,3972,4065
S*Mellat Bank,20220329,4060,4147,3872,3972,1.02652E+12,258439194,10373,D,4001,3890
S*Mellat Bank,20220328,3838,4023,3761,4001,2.38309E+12,595579878,10237,D,3832,4023
S*Mellat Bank,20220327,3756,3900,3729,3832,6.68701E+11,174500560,7780,D,3804,3819
S*Mellat Bank,20220326,3860,3870,3720,3804,8.37803E+11,220220657,7724,D,3703,3745
S*Mellat Bank,20220319,3703,3703,3703,3703,5.12756E+11,138470338,1414,D,3527,3703
S*Mellat Bank,20220316,3680,0,0,3527,0,0,0,D,3527,3513
S*Mellat Bank,20220315,3457,3590,3410,3527,3.56267E+11,100997539,3876,D,3432,3513
S*Mellat Bank,20220314,3469,3485,3422,3432,3.21071E+11,93548083,2908,D,3425,3432
S*Mellat Bank,20220313,3330,3495,3330,3425,3.17743E+11,92769086,3846,D,3410,3413
S*Mellat Bank,20220312,3409,3450,3409,3410,1.90781E+12,559478400,8878,D,3588,3414
S*Mellat Bank,20220309,3490,3650,3490,3588,5.13787E+11,143187949,5783,D,3481,3638
S*Mellat Bank,20220308,3550,3550,3446,3481,5.64518E+11,162149371,5859,D,3612,3485
S*Mellat Bank,20220307,3684,3730,3564,3612,9.48243E+11,262538219,9047,D,3646,3580
S*Mellat Bank,20220306,3571,3675,3502,3646,1.56976E+12,430502777,10516,D,3500,3675
S*Mellat Bank,20220305,3490,3501,3457,3500,1.10149E+12,314692892,4287,D,3335,3501
S*Mellat Bank,20220302,3430,3430,3304,3335,4.03462E+11,120988227,5273,D,3410,3337
S*Mellat Bank,20220228,3430,3465,3380,3410,3.33927E+11,97926189,3824,D,3405,3410
S*Mellat Bank,20220227,3368,3460,3306,3405,3.52285E+11,103467848,4350,D,3395,3400
S*Mellat Bank,20220226,3432,3480,3363,3395,8.38584E+11,247040224,6662,D,3539,3363
S*Mellat Bank,20220223,3484,3636,3450,3539,7.28625E+11,205904974,7824,D,3480,3554
S*Mellat Bank,20220222,3560,3579,3410,3480,7.10412E+11,204118209,8407,D,3511,3472
S*Mellat Bank,20220221,3405,3523,3405,3511,1.67958E+12,478313687,12048,D,3356,3523
S*Mellat Bank,20220220,3321,3389,3251,3356,1.42813E+12,425569456,11378,D,3228,3389
S*Mellat Bank,20220219,3199,3235,3160,3228,1.07777E+12,333927128,8546,D,3081,3235
S*Mellat Bank,20220216,3103,3120,3066,3081,1.08736E+11,35298025,2038,D,3100,3100
S*Mellat Bank,20220214,3100,3128,3083,3100,1.66408E+11,53688333,2473,D,3084,3119
S*Mellat Bank,20220213,3090,3129,3065,3084,2.98961E+11,96935672,2917,D,3154,3095
S*Mellat Bank,20220212,3180,3210,3110,3154,4.79838E+11,152134014,4903,D,3236,3143
S*Mellat Bank,20220209,3250,3295,3185,3236,7.50881E+11,232069087,7694,D,3212,3215
S*Mellat Bank,20220208,3150,3213,3121,3212,1.22114E+12,380153216,5204,D,3060,3213
S*Mellat Bank,20220207,3001,3102,2993,3060,3.62939E+11,118621464,4115,D,3075,3080
S*Mellat Bank,20220206,3100,3180,3032,3075,8.04282E+11,261572440,6280,D,3191,3050
S*Mellat Bank,20220205,3140,3239,3140,3191,5.86693E+11,183874604,6178,D,3086,3169
S*Mellat Bank,20220202,3026,3168,3023,3086,1.16998E+12,379133146,10286,D,3022,3092
S*Mellat Bank,20220201,3022,3022,3022,3022,6.1012E+11,201892795,2072,D,2879,3022
S*Mellat Bank,20220131,2879,2879,2879,2879,2.28107E+11,79231248,613,D,2742,2879
S*Mellat Bank,20220130,0,0,0,2742,0,0,0,D,2742,2759
S*Mellat Bank,20220129,0,0,0,2742,0,0,0,D,2742,2759
S*Mellat Bank,20220126,0,0,0,2742,0,0,0,D,2742,2759
S*Mellat Bank,20220125,2802,2805,2677,2742,5.96872E+11,217652794,5011,D,2757,2759
S*Mellat Bank,20220124,2768,2818,2700,2757,2.49641E+11,90545337,2865,D,2755,2768
S*Mellat Bank,20220123,2855,2855,2714,2755,2.01164E+11,73027105,2853,D,2853,2747
S*Mellat Bank,20220122,2869,2930,2811,2853,1.54599E+11,54197693,2533,D,2853,2854
S*Mellat Bank,20220119,2850,2901,2760,2853,2.98431E+11,104597038,3072,D,2867,2869
S*Mellat Bank,20220118,2890,2957,2861,2867,5.64971E+11,197048508,3944,D,3011,2890
S*Mellat Bank,20220117,3150,3193,2964,3011,6.41212E+11,212942325,5235,D,3119,3000
S*Mellat Bank,20220116,3174,3174,3080,3119,1.82737E+11,58590137,2393,D,3180,3160
S*Mellat Bank,20220115,3254,3300,3130,3180,2.5236E+11,79359831,3504,D,3294,3138
S*Mellat Bank,20220112,3300,3338,3241,3294,3.80596E+11,115558744,3528,D,3279,3260
S*Mellat Bank,20220111,3216,3348,3216,3279,4.6013E+11,140336592,4639,D,3214,3309
S*Mellat Bank,20220110,3148,3280,3090,3214,5.06632E+11,157634712,4798,D,3138,3230
S*Mellat Bank,20220109,3189,3220,3087,3138,2.34603E+11,74772905,3246,D,3185,3150
S*Mellat Bank,20220108,3100,3219,3091,3185,5.10531E+11,160283852,5613,D,3066,3160
S*Mellat Bank,20220105,3080,3100,3030,3066,1.4391E+11,46943513,2152,D,3058,3079
S*Mellat Bank,20220104,3150,3150,3035,3058,2.39664E+11,78365108,4778,D,3134,3080
S*Mellat Bank,20220103,3180,3197,3104,3134,1.83743E+11,58627154,2293,D,3147,3120
S*Mellat Bank,20220102,3168,3199,3114,3147,1.93761E+11,61568408,2795,D,3157,3158
S*Mellat Bank,20220101,3171,3230,3126,3157,2.53365E+11,80256897,3887,D,3238,3148
S*Mellat Bank,20211229,3137,3268,3110,3238,8.73705E+11,269846258,8397,D,3113,3184
S*Mellat Bank,20211228,3138,3162,3050,3113,2.32676E+11,74734172,2998,D,3114,3137
S*Mellat Bank,20211227,3180,3190,3066,3114,2.40521E+11,77244170,3735,D,3080,3082
S*Mellat Bank,20211226,3110,3151,3015,3080,4.83254E+11,156887859,5707,D,3137,3149
S*Mellat Bank,20211225,3200,3200,3090,3137,6.3619E+11,202807685,6726,D,3085,3103
S*Mellat Bank,20211222,3038,3102,3011,3085,2.42868E+11,78717606,2713,D,2955,3102
S*Mellat Bank,20211221,2963,2963,2901,2955,4.31558E+11,146052177,3761,D,2822,2963
S*Mellat Bank,20211220,2822,2822,2822,2822,1.39118E+11,49297731,1522,D,2688,2822
S*Mellat Bank,20211219,2780,2780,2665,2688,1.80482E+11,67148816,2571,D,2766,2690
S*Mellat Bank,20211218,2739,2830,2724,2766,1.7194E+11,62170274,2791,D,2699,2755
S*Mellat Bank,20211215,2715,2770,2655,2699,1.38654E+11,51371112,2316,D,2711,2698
S*Mellat Bank,20211214,2693,2779,2648,2711,2.44201E+11,90092730,2986,D,2734,2728
S*Mellat Bank,20211213,2831,2876,2690,2734,3.1297E+11,114488311,4462,D,2831,2700
S*Mellat Bank,20211212,2900,2900,2810,2831,1.28143E+11,45261294,2248,D,2908,2865
S*Mellat Bank,20211211,2932,2970,2857,2908,1.51223E+11,51994361,2598,D,2918,2900
S*Mellat Bank,20211208,2841,2969,2841,2918,1.65002E+11,56553299,3146,D,2855,2930
S*Mellat Bank,20211207,2820,2880,2820,2855,1.74916E+11,61259494,2591,D,2891,2872
S*Mellat Bank,20211206,2845,2935,2845,2891,1.50251E+11,51972958,3340,D,2843,2880
S*Mellat Bank,20211205,2820,2880,2803,2843,2.59068E+11,91129905,3935,D,2845,2876
S*Mellat Bank,20211204,2999,3006,2812,2845,4.88206E+11,171602609,6523,D,2960,2849
S*Mellat Bank,20211201,3040,3060,2901,2960,4.01962E+11,135775207,6186,D,2995,2953
S*Mellat Bank,20211130,2890,3006,2866,2995,9.27286E+11,309661866,10360,D,2863,3006
S*Mellat Bank,20211129,2880,2934,2835,2863,2.44458E+11,85383236,4792,D,2902,2860
S*Mellat Bank,20211128,2850,2970,2832,2902,4.72541E+11,162855673,6353,D,2914,2878
S*Mellat Bank,20211127,3038,3038,2895,2914,4.18644E+11,143681617,6531,D,3047,2895
S*Mellat Bank,20211124,3130,3150,3005,3047,4.66301E+11,153012245,7000,D,3153,3044
S*Mellat Bank,20211123,3200,3218,3106,3153,4.35172E+11,137998861,7109,D,3200,3114
S*Mellat Bank,20211122,3136,3205,3136,3200,1.3915E+12,434869595,7944,D,3053,3205
S*Mellat Bank,20211121,3048,3105,3000,3053,5.63418E+11,184557689,7089,D,3048,3077
S*Mellat Bank,20211120,3170,3170,3014,3048,5.05574E+11,165855329,8365,D,3172,3018
S*Mellat Bank,20211117,3171,3228,3115,3172,3.59871E+11,113449719,6201,D,3138,3139
S*Mellat Bank,20211116,3099,3222,3080,3138,4.87458E+11,155350180,7467,D,3181,3112
S*Mellat Bank,20211115,3286,3340,3168,3181,9.41372E+11,295970383,9545,D,3334,3168
S*Mellat Bank,20211114,3320,3450,3269,3334,6.14828E+11,184425379,9111,D,3360,3286
S*Mellat Bank,20211113,3400,3440,3354,3360,1.22191E+12,363676984,12139,D,3530,3354
S*Mellat Bank,20211110,3520,3598,3494,3530,2.32221E+12,657908656,14089,D,3328,3530
S*Mellat Bank,20211109,0,0,0,3328,0,0,0,D,3328,3328
S*Mellat Bank,20211108,0,0,0,3328,0,0,0,D,3328,3328
S*Mellat Bank,20211107,0,0,0,3328,0,0,0,D,3328,3328
S*Mellat Bank,20211106,0,0,0,3328,0,0,0,D,3328,3328
S*Mellat Bank,20211103,0,0,0,3328,0,0,0,D,3328,3328
S*Mellat Bank,20211102,0,0,0,3328,0,0,0,D,3328,3328
S*Mellat Bank,20211101,0,0,0,3328,0,0,0,D,3328,3328
S*Mellat Bank,20211031,0,0,0,3328,0,0,0,D,3328,3328
S*Mellat Bank,20211030,0,0,0,3328,0,0,0,D,3328,3328
S*Mellat Bank,20211027,0,0,0,3328,0,0,0,D,3328,3328
S*Mellat Bank,20211026,0,0,0,3328,0,0,0,D,3328,3328
S*Mellat Bank,20211025,0,0,0,3328,0,0,0,D,3328,3328
S*Mellat Bank,20211023,3328,3328,3328,3328,2.4133E+11,72514990,1443,D,3503,3328
S*Mellat Bank,20211020,3540,3570,3460,3503,2.29886E+11,65625183,3259,D,3561,3485
S*Mellat Bank,20211019,3559,3599,3514,3561,2.07928E+11,58387816,3879,D,3483,3527
S*Mellat Bank,20211018,3450,3564,3390,3483,5.88039E+11,168834245,6151,D,3509,3550
S*Mellat Bank,20211017,3659,3659,3435,3509,4.51539E+11,128682261,5189,D,3583,3466
S*Mellat Bank,20211016,3500,3603,3469,3583,5.56033E+11,155198538,7699,D,3432,3603
S*Mellat Bank,20211013,3495,3540,3378,3432,4.12208E+11,120093400,5392,D,3503,3479
S*Mellat Bank,20211012,3630,3630,3476,3503,4.40127E+11,125652120,6569,D,3639,3500
S*Mellat Bank,20211011,3680,3709,3563,3639,3.16016E+11,86833652,4701,D,3645,3596
S*Mellat Bank,20211010,3630,3682,3600,3645,3.53486E+11,96981538,4936,D,3667,3680
S*Mellat Bank,20211009,3799,3800,3631,3667,4.30901E+11,117518275,5858,D,3760,3640
S*Mellat Bank,20211006,3799,3820,3729,3760,3.33409E+11,88679821,5568,D,3794,3760
S*Mellat Bank,20211004,3800,3860,3749,3794,4.60943E+11,121479866,5388,D,3737,3769
S*Mellat Bank,20211003,3754,3845,3662,3737,7.2083E+11,192864379,7721,D,3773,3800
S*Mellat Bank,20211002,3749,3862,3720,3773,5.60178E+11,148474016,6765,D,3679,3734
S*Mellat Bank,20210929,3670,3719,3646,3679,5.02128E+11,136483939,5628,D,3684,3709
S*Mellat Bank,20210928,3734,3750,3638,3684,3.74047E+11,101534420,5582,D,3734,3678
S*Mellat Bank,20210926,3762,3890,3700,3734,3.65185E+11,97796334,4961,D,3793,3740
S*Mellat Bank,20210925,3750,3830,3740,3793,5.05905E+11,133369254,6020,D,3662,3800
S*Mellat Bank,20210922,3658,3750,3520,3662,5.06888E+11,138430800,7083,D,3663,3750
S*Mellat Bank,20210921,3800,3805,3618,3663,5.64133E+11,154000619,7166,D,3803,3658
S*Mellat Bank,20210920,3800,3870,3753,3803,4.97685E+11,130854079,5003,D,3785,3785
S*Mellat Bank,20210919,3802,3900,3730,3785,4.67796E+11,123587720,6048,D,3854,3785
S*Mellat Bank,20210918,3999,4029,3803,3854,5.53421E+11,143614234,7012,D,3991,3820
S*Mellat Bank,20210915,4035,4063,3930,3991,6.08914E+11,152573811,10504,D,3955,3940
S*Mellat Bank,20210914,3860,3993,3851,3955,1.08184E+12,273530714,10519,D,3803,3993
S*Mellat Bank,20210913,3840,3850,3710,3803,5.79423E+11,152350443,8335,D,3806,3820
S*Mellat Bank,20210912,3925,3960,3765,3806,6.64776E+11,174667991,8313,D,3952,3819
S*Mellat Bank,20210911,4020,4045,3900,3952,5.00773E+11,126722243,6116,D,3953,3915
S*Mellat Bank,20210908,3968,4020,3911,3953,6.66373E+11,168587386,10238,D,3964,3984
S*Mellat Bank,20210907,4000,4030,3901,3964,6.38434E+11,161070678,8550,D,4060,3920
S*Mellat Bank,20210906,4100,4159,3962,4060,7.83362E+11,192959153,10744,D,4109,3992
S*Mellat Bank,20210905,4121,4179,4051,4109,6.79498E+11,165373555,8188,D,4167,4099
S*Mellat Bank,20210904,4141,4260,4100,4167,6.44169E+11,154600791,8074,D,4085,4140
S*Mellat Bank,20210901,4059,4185,3962,4085,6.34868E+11,155428638,7419,D,4059,4126
S*Mellat Bank,20210831,4035,4199,4035,4059,1.68124E+12,414177443,13268,D,4247,4049
S*Mellat Bank,20210830,4242,4300,4242,4247,8.77116E+11,206539289,5663,D,4465,4242
S*Mellat Bank,20210829,4650,4677,4365,4465,1.41887E+12,317792768,16034,D,4594,4365
S*Mellat Bank,20210828,4563,4660,4500,4594,1.41745E+12,308573839,12606,D,4482,4617
S*Mellat Bank,20210825,4450,4570,4328,4482,2.32923E+12,519656231,19111,D,4353,4489
S*Mellat Bank,20210824,4180,4369,4126,4353,2.92821E+12,672666901,14879,D,4161,4369
S*Mellat Bank,20210823,4180,4234,4082,4161,8.66845E+11,208327495,9254,D,4141,4161
S*Mellat Bank,20210822,4038,4210,4038,4141,1.33662E+12,322760229,12188,D,4033,4130
S*Mellat Bank,20210815,4020,4086,3970,4033,9.07964E+11,225160895,9853,D,4052,4026
S*Mellat Bank,20210814,4050,4138,3975,4052,1.06424E+12,262635025,10811,D,3960,4055
S*Mellat Bank,20210811,3900,4041,3900,3960,1.2856E+12,324656509,11198,D,3898,4022
S*Mellat Bank,20210810,3860,3950,3860,3898,6.4612E+11,165774296,7487,D,3840,3876
S*Mellat Bank,20210809,3800,3895,3762,3840,6.2847E+11,163659232,7294,D,3848,3865
S*Mellat Bank,20210808,3920,3929,3700,3848,7.58514E+11,197116093,9662,D,3894,3800
S*Mellat Bank,20210807,3770,3900,3770,3894,2.01974E+12,518677418,14093,D,3715,3900
S*Mellat Bank,20210804,3620,3789,3620,3715,1.06928E+12,287805346,8633,D,3668,3761
S*Mellat Bank,20210803,3651,3720,3631,3668,6.9636E+11,189851808,7499,D,3683,3647
S*Mellat Bank,20210802,3650,3749,3640,3683,4.9268E+11,133758225,6432,D,3688,3656
S*Mellat Bank,20210801,3742,3769,3646,3688,5.97384E+11,161992804,8538,D,3742,3671
S*Mellat Bank,20210731,3689,3825,3689,3742,7.82692E+11,209148915,9565,D,3726,3716
S*Mellat Bank,20210728,3740,3790,3698,3726,3.3182E+11,89051436,3747,D,3856,3750
S*Mellat Bank,20210727,0,0,0,3856,0,0,0,D,3856,3874
S*Mellat Bank,20210726,0,0,0,3922,0,0,0,D,3922,3940
S*Mellat Bank,20210719,0,0,0,3922,0,0,0,D,3922,3940
S*Mellat Bank,20210718,4005,4005,3880,3922,9.59314E+11,244596004,7906,D,3991,3940
S*Mellat Bank,20210717,4042,4100,3935,3991,1.19325E+12,298982630,10120,D,4024,3940
S*Mellat Bank,20210714,4050,4060,3990,4024,6.30825E+11,156771012,6631,D,4059,4040
S*Mellat Bank,20210713,4060,4101,4001,4059,7.30862E+11,180069979,6629,D,4089,4010
S*Mellat Bank,20210712,4021,4170,4004,4089,7.32113E+11,179043864,7292,D,3975,4060
S*Mellat Bank,20210711,3970,4023,3911,3975,5.68431E+11,142987335,6585,D,3952,3987
S*Mellat Bank,20210710,4010,4040,3900,3952,4.23843E+11,107242718,5622,D,4013,3921
S*Mellat Bank,20210707,4027,4079,3963,4013,5.58617E+11,139210596,6366,D,4055,4020
S*Mellat Bank,20210706,4050,4120,4010,4055,5.20387E+11,128318802,5935,D,4003,4044
S*Mellat Bank,20210705,3950,4055,3950,4003,4.68929E+11,117149749,5354,D,3982,4040
S*Mellat Bank,20210704,3930,4059,3930,3982,4.52284E+11,113568012,5757,D,4069,3950
S*Mellat Bank,20210703,4250,4250,4022,4069,8.87022E+11,217969670,8405,D,4233,4022
S*Mellat Bank,20210630,4234,4300,4209,4233,4.11147E+11,97139678,4906,D,4242,4235
S*Mellat Bank,20210629,4275,4340,4170,4242,7.47907E+11,176289431,7052,D,4277,4280
S*Mellat Bank,20210628,4140,4353,4070,4277,1.57821E+12,368957925,12740,D,4161,4268
S*Mellat Bank,20210627,4080,4262,4080,4161,7.76021E+11,186479086,8254,D,4182,4185
S*Mellat Bank,20210626,4160,4280,4097,4182,1.13715E+12,271888428,10946,D,4167,4099
S*Mellat Bank,20210623,4160,4230,4100,4167,1.3297E+12,319123893,11000,D,4077,4140
S*Mellat Bank,20210622,3935,4099,3910,4077,1.96654E+12,482376637,8662,D,3904,4099
S*Mellat Bank,20210621,3900,3948,3840,3904,1.06154E+12,271906988,6533,D,3837,3900
S*Mellat Bank,20210620,3930,3940,3767,3837,7.38726E+11,192512294,6744,D,3895,3850
S*Mellat Bank,20210619,3860,3960,3821,3895,8.77784E+11,225357390,8254,D,3781,3900
S*Mellat Bank,20210616,3770,3854,3720,3781,4.87289E+11,128877581,5889,D,3815,3800
S*Mellat Bank,20210615,3870,3900,3750,3815,4.83624E+11,126765494,5377,D,3838,3800
S*Mellat Bank,20210614,3840,3904,3791,3838,6.84719E+11,178423762,6617,D,3799,3861
S*Mellat Bank,20210613,3801,3859,3752,3799,4.01363E+11,105658614,5588,D,3781,3799
S*Mellat Bank,20210612,3899,3899,3730,3781,4.1457E+11,109650126,5026,D,3865,3760
S*Mellat Bank,20210609,3890,3930,3790,3865,7.56118E+11,195635103,7200,D,3904,3930
S*Mellat Bank,20210608,3779,3920,3755,3904,1.81207E+12,464211502,11112,D,3734,3884
S*Mellat Bank,20210607,3752,3785,3670,3734,5.48275E+11,146832780,7313,D,3689,3754
S*Mellat Bank,20210602,3620,3742,3594,3689,6.64493E+11,180112487,8434,D,3678,3715
S*Mellat Bank,20210601,3750,3837,3634,3678,8.92781E+11,242715802,9545,D,3825,3634
S*Mellat Bank,20210531,3899,3980,3791,3825,7.29834E+11,190820450,6583,D,3990,3791
S*Mellat Bank,20210530,4070,4148,3850,3990,1.15005E+12,288221418,12686,D,3988,3910
S*Mellat Bank,20210529,3884,4057,3817,3988,1.15213E+12,288881925,13663,D,3874,4033
S*Mellat Bank,20210526,3860,3959,3820,3874,6.09761E+11,157410257,8954,D,3835,3847
S*Mellat Bank,20210525,3785,3950,3740,3835,1.87764E+12,489590257,17637,D,3860,3870
S*Mellat Bank,20210524,3870,3900,3800,3860,1.13897E+12,295107467,5887,D,4853,3850
S*Mellat Bank,20210523,0,0,0,4853,0,0,0,D,4853,4922
S*Mellat Bank,20210522,0,0,0,4853,0,0,0,D,4853,4922
S*Mellat Bank,20210519,0,0,0,4853,0,0,0,D,4853,4922
S*Mellat Bank,20210518,0,0,0,4853,0,0,0,D,4853,4922
S*Mellat Bank,20210517,0,0,0,4853,0,0,0,D,4853,4922
S*Mellat Bank,20210516,0,0,0,4853,0,0,0,D,4853,4922
S*Mellat Bank,20210515,0,0,0,4853,0,0,0,D,4853,4922
S*Mellat Bank,20210512,0,0,0,4853,0,0,0,D,4853,4922
S*Mellat Bank,20210511,0,0,0,4853,0,0,0,D,4853,4922
S*Mellat Bank,20210510,0,0,0,4853,0,0,0,D,4853,4922
S*Mellat Bank,20210509,0,0,0,4853,0,0,0,D,4853,4922
S*Mellat Bank,20210508,0,0,0,4853,0,0,0,D,4853,4922
S*Mellat Bank,20210505,4660,4922,4660,4853,1.91384E+12,394398136,16236,D,4644,4922
S*Mellat Bank,20210503,4610,4701,4551,4644,1.09716E+12,236236690,12044,D,4610,4640
S*Mellat Bank,20210502,4600,4740,4470,4610,2.26464E+12,491265655,17752,D,4500,4535
S*Mellat Bank,20210501,4600,4640,4400,4500,1.27289E+12,282682294,10773,D,4490,4470
S*Mellat Bank,20210428,4360,4500,4330,4490,2.42232E+12,539813093,15192,D,4250,4500
S*Mellat Bank,20210427,4210,4310,4180,4250,8.05643E+11,189399476,6001,D,4150,4290
S*Mellat Bank,20210426,4050,4220,4050,4150,4.99914E+11,120401953,5048,D,4110,4200
S*Mellat Bank,20210425,4170,4200,4050,4110,5.55221E+11,135183632,4384,D,4160,4090
S*Mellat Bank,20210424,4150,4240,4080,4160,5.92719E+11,142633273,5420,D,4190,4180
S*Mellat Bank,20210421,4200,4250,4120,4190,1.25892E+12,300314925,10032,D,4180,4190
S*Mellat Bank,20210420,4040,4200,4040,4180,2.21125E+12,528713038,13422,D,3970,4190
S*Mellat Bank,20210419,3870,4040,3870,3970,9.6942E+11,244329902,7463,D,3940,4030
S*Mellat Bank,20210418,3960,4020,3910,3940,3.71937E+11,94485425,3992,D,3980,3910
S*Mellat Bank,20210417,3960,4060,3960,3980,6.81861E+11,171453364,4993,D,4040,4060
S*Mellat Bank,20210414,4030,4140,3970,4040,6.76037E+11,167273005,6265,D,4030,4040
S*Mellat Bank,20210413,4070,4090,3990,4030,4.06805E+11,100865929,5429,D,3940,4080
S*Mellat Bank,20210412,3970,4000,3890,3940,4.15564E+11,105498278,6085,D,3870,3930
S*Mellat Bank,20210411,3820,3930,3820,3870,1.20199E+12,310354779,8829,D,3890,3930
S*Mellat Bank,20210410,3870,3910,3870,3890,83758890940,21642958,748,D,3940,3870
S*Mellat Bank,20210407,4020,4020,3930,3940,3.10848E+11,78991496,2924,D,4010,3930
S*Mellat Bank,20210406,4070,4120,3960,4010,5.32318E+11,132650897,5536,D,4040,4000
S*Mellat Bank,20210405,4040,4100,4040,4040,1.17102E+12,289624708,8166,D,4120,4080
S*Mellat Bank,20210404,4120,4120,4120,4120,1.13533E+11,27556449,325,D,4200,4120
S*Mellat Bank,20210403,4140,4140,4140,4200,25816373460,6235839,337,D,4220,4140
S*Mellat Bank,20210331,4210,4290,4210,4220,1.26292E+11,29948738,1532,D,4290,4210
S*Mellat Bank,20210330,4340,4400,4260,4290,2.23835E+11,52228275,2349,D,4340,4260
S*Mellat Bank,20210328,0,0,0,4340,0,0,0,D,4340,4310
S*Mellat Bank,20210327,4390,4430,4230,4340,4.9071E+11,113171128,5943,D,4310,4310
S*Mellat Bank,20210317,4320,4380,4230,4310,6.92992E+11,160731993,7213,D,4210,4330
S*Mellat Bank,20210316,4090,4380,4090,4210,2.10494E+12,499852655,13563,D,4170,4320
S*Mellat Bank,20210315,4020,4280,3990,4170,1.51125E+12,362136753,11046,D,4070,4240
S*Mellat Bank,20210314,4080,4150,3990,4070,1.09837E+12,270006098,11100,D,3940,4020
S*Mellat Bank,20210313,3780,3990,3730,3940,1.10927E+12,281339188,9356,D,3770,3990
S*Mellat Bank,20210310,3730,3860,3670,3770,6.69534E+11,177740508,7516,D,3740,3770
S*Mellat Bank,20210309,3760,3860,3660,3740,5.43547E+11,145437118,7171,D,3690,3670
S*Mellat Bank,20210308,3580,3730,3560,3690,9.66453E+11,261601114,9837,D,3520,3730
S*Mellat Bank,20210307,3460,3600,3460,3520,5.09006E+11,144399173,6599,D,3520,3530
S*Mellat Bank,20210306,3540,3570,3520,3520,5.28709E+11,150134618,4263,D,3590,3520
S*Mellat Bank,20210303,3660,3690,3570,3590,3.89588E+11,108560146,4961,D,3640,3570
S*Mellat Bank,20210302,3620,3760,3580,3640,5.60501E+11,153862555,7075,D,3590,3680
S*Mellat Bank,20210301,3570,3700,3570,3590,1.16397E+12,323880521,11141,D,3640,3620
S*Mellat Bank,20210228,3640,3680,3640,3640,2.42692E+11,66669342,2096,D,3710,3640
S*Mellat Bank,20210227,3710,3750,3710,3710,7.61764E+11,205305397,5538,D,3780,3710
S*Mellat Bank,20210224,3830,3880,3760,3780,4.73044E+11,125042429,5596,D,3830,3760
S*Mellat Bank,20210223,3810,3900,3810,3830,8.95735E+11,233994204,7629,D,3880,3820
S*Mellat Bank,20210222,3840,3840,3840,3880,50162511360,13063154,363,D,3910,3840
S*Mellat Bank,20210221,3850,3850,3850,3910,17816799000,4627740,421,D,3920,3850
S*Mellat Bank,20210220,3920,3970,3920,3920,1.21854E+11,31078809,1250,D,4000,3920
S*Mellat Bank,20210217,3990,4190,3990,4000,5.77765E+11,144485007,4548,D,4070,3990
S*Mellat Bank,20210216,4070,4070,4070,4070,6.1912E+11,152117976,2718,D,4150,4070
S*Mellat Bank,20210215,4120,4120,4120,4150,75111349200,18230910,549,D,4200,4120
S*Mellat Bank,20210214,4310,4340,4180,4200,7.14625E+11,170171912,6646,D,4260,4180
S*Mellat Bank,20210213,4250,4300,4140,4260,1.0992E+12,257866781,10520,D,4060,4300
S*Mellat Bank,20210209,4020,4130,3910,4060,6.08246E+11,149925108,8007,D,3950,4080
S*Mellat Bank,20210208,3970,3970,3810,3950,1.39358E+12,352746692,10929,D,3790,3970
S*Mellat Bank,20210207,3700,3800,3680,3790,4.06887E+11,107440798,3110,D,3620,3800
S*Mellat Bank,20210206,3770,3780,3610,3620,6.27018E+11,173151285,5332,D,3790,3610
S*Mellat Bank,20210203,3850,4020,3770,3790,4.66851E+11,123083194,5505,D,3960,3770
S*Mellat Bank,20210202,3970,4080,3940,3960,7.28838E+11,184067236,7810,D,4140,3950
S*Mellat Bank,20210201,4100,4320,4050,4140,8.66426E+11,209188762,7543,D,4260,4050
S*Mellat Bank,20210131,4430,4430,4100,4260,1.07146E+12,251615759,10935,D,4220,4200
S*Mellat Bank,20210130,4140,4230,4050,4220,6.27217E+11,148588018,5504,D,4030,4230
S*Mellat Bank,20210127,4040,4150,3860,4030,7.77674E+11,192830905,7774,D,4050,4090
S*Mellat Bank,20210126,4230,4250,3950,4050,6.62474E+11,163742492,7700,D,4150,3950
S*Mellat Bank,20210125,4030,4270,3900,4150,1.24117E+12,299187183,13100,D,4080,4210
S*Mellat Bank,20210124,4140,4140,3860,4080,1.91691E+12,469774226,18006,D,3950,3990
S*Mellat Bank,20210123,3950,3950,3950,3950,2.19179E+11,55488344,1694,D,3770,3950
S*Mellat Bank,20210120,3700,3780,3610,3770,2.76012E+11,73227528,2878,D,3600,3780
S*Mellat Bank,20210119,3420,3760,3420,3600,9.78444E+11,271783870,11195,D,3590,3690
S*Mellat Bank,20210118,3590,3650,3590,3590,4.22543E+11,117676434,3427,D,3770,3590
S*Mellat Bank,20210116,3840,3960,3760,3770,1.03822E+12,275554081,8708,D,3950,3760
S*Mellat Bank,20210113,3970,4100,3920,3950,1.15398E+12,291938454,13962,D,4120,3920
S*Mellat Bank,20210112,4220,4290,4100,4120,9.9224E+11,241022637,8948,D,4310,4100
S*Mellat Bank,20210111,4430,4430,4200,4310,9.5799E+11,222063553,12538,D,4410,4230
S*Mellat Bank,20210110,4450,4550,4320,4410,9.53094E+11,215947814,13823,D,4390,4440
S*Mellat Bank,20210109,4430,4600,4350,4390,1.26687E+12,288544431,15626,D,4570,4390
S*Mellat Bank,20210106,4610,4700,4570,4570,1.56527E+12,342173645,14355,D,4810,4570
S*Mellat Bank,20210105,4980,4990,4780,4810,1.15517E+12,240371668,14510,D,5030,4780
S*Mellat Bank,20210104,4950,5080,4910,5030,1.45758E+12,290052820,15741,D,4840,4940
S*Mellat Bank,20210103,0,0,0,4840,0,0,0,D,4840,4820
S*Mellat Bank,20210102,0,0,0,4840,0,0,0,D,4840,4820
S*Mellat Bank,20201230,0,0,0,4840,0,0,0,D,4840,4820
S*Mellat Bank,20201229,0,0,0,4840,0,0,0,D,4840,4820
S*Mellat Bank,20201228,0,0,0,4840,0,0,0,D,4840,4820
S*Mellat Bank,20201227,4750,4990,4720,4840,8.9868E+11,185632043,13324,D,4850,4820
S*Mellat Bank,20201226,5050,5050,4780,4850,1.12609E+12,232224818,18010,D,5030,4800
S*Mellat Bank,20201223,5100,5150,4950,5030,8.61358E+11,171403677,15339,D,4980,5000
S*Mellat Bank,20201222,4770,5090,4770,4980,1.21087E+12,243220607,16522,D,4880,5090
S*Mellat Bank,20201221,4790,5030,4720,4880,1.14253E+12,234000863,13140,D,4890,4830
S*Mellat Bank,20201220,5100,5100,4780,4890,1.23831E+12,253173742,15807,D,5030,4840
S*Mellat Bank,20201219,5060,5140,4900,5030,1.02327E+12,203458421,14689,D,4960,5040
S*Mellat Bank,20201216,4810,5090,4810,4960,1.26767E+12,255638438,18396,D,5030,5010
S*Mellat Bank,20201215,5100,5180,5020,5030,9.90263E+11,196978132,8739,D,5280,5020
S*Mellat Bank,20201214,5200,5440,5050,5280,2.31377E+12,437876965,29168,D,5190,5140
S*Mellat Bank,20201213,5210,5320,5120,5190,1.2801E+12,246525840,19346,D,5330,5130
S*Mellat Bank,20201212,5310,5460,5190,5330,2.49765E+12,468597791,28434,D,5310,5210
S*Mellat Bank,20201209,5350,5420,5230,5310,1.64137E+12,308950823,22031,D,5400,5300
S*Mellat Bank,20201208,5360,5560,5230,5400,1.69484E+12,313823537,21023,D,5490,5350
S*Mellat Bank,20201207,5370,5690,5280,5490,2.86786E+12,522158070,34733,D,5470,5360
S*Mellat Bank,20201206,5570,5650,5330,5470,2.32908E+12,425684861,32872,D,5500,5390
S*Mellat Bank,20201205,5390,5660,5340,5500,1.92015E+12,348904820,23821,D,5580,5580
S*Mellat Bank,20201202,5630,5800,5480,5580,2.2887E+12,410133005,26037,D,5760,5480
S*Mellat Bank,20201201,5720,5900,5600,5760,1.89638E+12,329255402,22978,D,5810,5710
S*Mellat Bank,20201130,5760,5890,5650,5810,2.41208E+12,415146406,25177,D,5610,5750
S*Mellat Bank,20201129,5450,5750,5410,5610,2.46228E+12,439097261,28747,D,5520,5720
S*Mellat Bank,20201128,5490,5790,5380,5520,3.25855E+12,590053532,35164,D,5580,5460
S*Mellat Bank,20201125,5410,5730,5350,5580,2.87541E+12,515265002,29715,D,5530,5660
S*Mellat Bank,20201124,5500,5650,5200,5530,4.17769E+12,755899943,37696,D,5390,5450
S*Mellat Bank,20201123,5210,5420,5200,5390,2.82252E+12,523939028,24894,D,5170,5420
S*Mellat Bank,20201122,5110,5390,5000,5170,2.28917E+12,443005535,22410,D,5260,5180
S*Mellat Bank,20201121,5520,5520,5030,5260,2.94486E+12,559807616,35621,D,5290,5090
S*Mellat Bank,20201118,5290,5290,5160,5290,1.11348E+12,210549615,7708,D,5040,5290
S*Mellat Bank,20201117,4880,5050,4870,5040,1.63746E+12,325197762,12909,D,4810,5050
S*Mellat Bank,20201116,4540,4870,4490,4810,2.24241E+12,466155957,19341,D,4640,4870
S*Mellat Bank,20201115,4730,4730,4460,4640,2.32349E+12,500743946,23225,D,4510,4570
S*Mellat Bank,20201114,4460,4520,4360,4510,5.36668E+11,119065371,4823,D,4310,4520
S*Mellat Bank,20201111,4280,4430,4130,4310,1.36523E+12,316580574,16379,D,4250,4410
S*Mellat Bank,20201110,4390,4440,4140,4250,1.07235E+12,252302557,14293,D,4270,4290
S*Mellat Bank,20201109,4280,4570,4210,4270,1.89361E+12,443927476,17609,D,4430,4370
S*Mellat Bank,20201108,4430,4430,4430,4430,3.08938E+11,69737654,2685,D,4660,4430
S*Mellat Bank,20201107,4610,4980,4590,4660,1.82366E+12,391678329,15448,D,4830,4590
S*Mellat Bank,20201104,4750,4980,4630,4830,1.74479E+12,361120853,17004,D,4750,4870
S*Mellat Bank,20201102,4580,4870,4560,4750,1.35853E+12,286148702,22009,D,4730,4790
S*Mellat Bank,20201101,4890,4890,4570,4730,1.12836E+12,238440402,15013,D,4800,4620
S*Mellat Bank,20201031,4770,4810,4630,4800,1.28455E+12,267365540,11425,D,4590,4810
S*Mellat Bank,20201028,4500,4800,4410,4590,2.01671E+12,439554452,22627,D,4640,4780
S*Mellat Bank,20201027,4830,4930,4610,4640,2.44729E+12,527800628,16741,D,4850,4640
S*Mellat Bank,20201026,4840,4940,4840,4850,2.4222E+12,499666373,19436,D,5090,4890
S*Mellat Bank,20201024,5200,5200,5080,5090,8.32706E+11,163472066,6402,D,5340,5080
S*Mellat Bank,20201021,5300,5440,5110,5340,2.78054E+12,521096877,27573,D,5190,5240
S*Mellat Bank,20201020,5160,5380,5160,5190,2.30863E+12,445050850,16467,D,5430,5350
S*Mellat Bank,20201019,5430,5500,5430,5430,1.26012E+12,231963957,8633,D,5710,5430
S*Mellat Bank,20201018,5840,5970,5690,5710,1.26622E+12,221584990,10753,D,5980,5690
S*Mellat Bank,20201014,6090,6180,5840,5980,2.41337E+12,403386676,26574,D,6140,5950
S*Mellat Bank,20201013,6220,6330,6000,6140,2.99756E+12,488285102,31704,D,6310,6230
S*Mellat Bank,20201012,6330,6600,6160,6310,5.01895E+12,795235740,47633,D,6480,6310
S*Mellat Bank,20201011,6620,6780,6290,6480,7.69389E+12,1187895834,55804,D,5860,6400
S*Mellat Bank,20201010,0,0,0,5860,0,0,0,D,5860,5860
S*Mellat Bank,20201007,5860,5860,5700,5860,3.88623E+12,663468354,18802,D,5590,5860
S*Mellat Bank,20201006,5490,5600,5410,5590,1.23796E+12,221469010,7979,D,5340,5600
S*Mellat Bank,20201005,5350,5540,5230,5340,2.09377E+12,392090024,24290,D,5500,5430
S*Mellat Bank,20201004,5680,5730,5330,5500,2.78327E+12,506130410,28313,D,5610,5420
S*Mellat Bank,20201003,5530,5640,5400,5610,1.74258E+12,310416384,13975,D,5380,5640
S*Mellat Bank,20200930,5420,5500,5200,5380,1.96895E+12,365642622,21090,D,5300,5480
S*Mellat Bank,20200929,5160,5580,5160,5300,3.95034E+12,745141229,34840,D,5430,5530
S*Mellat Bank,20200928,5430,5460,5430,5430,7.36097E+11,135557576,5330,D,5710,5430
S*Mellat Bank,20200927,5970,5990,5680,5710,2.15118E+12,376626727,17719,D,5970,5680
S*Mellat Bank,20200926,6010,6010,5840,5970,3.66012E+12,612864086,38279,D,5730,6010
S*Mellat Bank,20200923,5690,5750,5630,5730,3.39583E+12,592327876,30636,D,5480,5750
S*Mellat Bank,20200922,5370,5760,5220,5480,7.25305E+12,1323474055,59306,D,5490,5760
S*Mellat Bank,20200921,5490,5490,5490,5490,1.2599E+12,229490734,6808,D,5770,5490
S*Mellat Bank,20200920,5770,5880,5770,5770,1.28525E+12,222648475,11882,D,6070,5770
S*Mellat Bank,20200919,6110,6270,6040,6070,4.40147E+12,725378618,45528,D,6350,6040
S*Mellat Bank,20200916,6540,6590,6030,6350,7.04602E+12,1109323077,89855,D,6280,6270
S*Mellat Bank,20200915,6130,6300,6100,6280,4.45305E+12,709373166,41408,D,6000,6300
S*Mellat Bank,20200914,5840,6070,5720,6000,6.05806E+12,1010517275,55416,D,5790,6070
S*Mellat Bank,20200913,5800,5970,5410,5790,1.20153E+13,2074017561,120381,D,5690,5850
S*Mellat Bank,20200912,5600,5880,5600,5690,3.30581E+12,581208470,22167,D,6550,5880
S*Mellat Bank,20200909,0,0,0,6550,0,0,0,D,6550,6590
S*Mellat Bank,20200908,0,0,0,6550,0,0,0,D,6550,6590
S*Mellat Bank,20200907,0,0,0,6550,0,0,0,D,6550,6590
S*Mellat Bank,20200906,0,0,0,6550,0,0,0,D,6550,6590
S*Mellat Bank,20200905,0,0,0,6550,0,0,0,D,6550,6590
S*Mellat Bank,20200902,0,0,0,6550,0,0,0,D,6550,6590
S*Mellat Bank,20200901,0,0,0,6550,0,0,0,D,6550,6590
S*Mellat Bank,20200831,0,0,0,6550,0,0,0,D,6550,6590
S*Mellat Bank,20200826,0,0,0,6550,0,0,0,D,6550,6590
S*Mellat Bank,20200825,0,0,0,6550,0,0,0,D,6550,6590
S*Mellat Bank,20200824,0,0,0,6550,0,0,0,D,6550,6590
S*Mellat Bank,20200823,0,0,0,6550,0,0,0,D,6550,6590
S*Mellat Bank,20200822,0,0,0,6550,0,0,0,D,6550,6590
S*Mellat Bank,20200819,0,0,0,6550,0,0,0,D,6550,6590
S*Mellat Bank,20200818,0,0,0,6550,0,0,0,D,6550,6590
S*Mellat Bank,20200817,0,0,0,6550,0,0,0,D,6550,6590
S*Mellat Bank,20200816,0,0,0,6550,0,0,0,D,6550,6590
S*Mellat Bank,20200815,0,0,0,6550,0,0,0,D,6550,6590
S*Mellat Bank,20200812,0,0,0,6550,0,0,0,D,6550,6590
S*Mellat Bank,20200811,0,0,0,6550,0,0,0,D,6550,6590
S*Mellat Bank,20200810,0,0,0,6550,0,0,0,D,6550,6590
S*Mellat Bank,20200809,0,0,0,6550,0,0,0,D,6550,6590
S*Mellat Bank,20200805,0,0,0,6550,0,0,0,D,6550,6590
S*Mellat Bank,20200804,0,0,0,6550,0,0,0,D,6550,6590
S*Mellat Bank,20200803,0,0,0,6550,0,0,0,D,6550,6590
S*Mellat Bank,20200802,0,0,0,6550,0,0,0,D,6550,6590
S*Mellat Bank,20200801,0,0,0,6550,0,0,0,D,6550,6590
S*Mellat Bank,20200729,0,0,0,6550,0,0,0,D,6550,6590
S*Mellat Bank,20200728,0,0,0,6550,0,0,0,D,6550,6590
S*Mellat Bank,20200727,0,0,0,6550,0,0,0,D,6550,6590
S*Mellat Bank,20200726,0,0,0,6550,0,0,0,D,6550,6590
S*Mellat Bank,20200725,0,0,0,27130,0,0,0,D,27130,27300
S*Mellat Bank,20200722,0,0,0,27160,0,0,0,D,27160,27330
S*Mellat Bank,20200721,0,0,0,27160,0,0,0,D,27160,27330
S*Mellat Bank,20200720,0,0,0,27160,0,0,0,D,27160,27330
S*Mellat Bank,20200719,26200,27340,26190,27160,6.80104E+12,250395371,62665,D,26040,27330
S*Mellat Bank,20200718,26300,28330,25650,26040,5.83753E+12,224214666,73895,D,26990,25880
S*Mellat Bank,20200715,26710,27860,26010,26990,4.73084E+12,175260607,61821,D,26540,26550
S*Mellat Bank,20200714,26400,26840,25570,26540,6.72339E+12,253301569,69838,D,25570,26200
S*Mellat Bank,20200713,25850,27050,24490,25570,3.80558E+12,148840698,54256,D,25770,26480
S*Mellat Bank,20200712,25780,25810,25300,25770,5.46272E+12,212007866,46286,D,24590,25490
S*Mellat Bank,20200711,24210,26750,24210,24590,5.5018E+12,223768272,63551,D,25480,25340
S*Mellat Bank,20200708,26000,28010,25350,25480,5.33917E+12,209556594,49476,D,26680,25350
S*Mellat Bank,20200707,27320,28200,25910,26680,5.14401E+12,192808093,67774,D,26860,26040
S*Mellat Bank,20200706,26200,26950,26200,26860,6.81202E+12,253566140,52045,D,25670,26950
S*Mellat Bank,20200705,24560,27040,24480,25670,5.76674E+12,224649840,65488,D,25760,25860
S*Mellat Bank,20200704,26940,27000,25600,25760,5.95822E+12,231283534,65195,D,26940,25600
S*Mellat Bank,20200701,27350,27370,26500,26940,4.5319E+12,168219804,56583,D,26110,26690
S*Mellat Bank,20200630,25900,26170,25000,26110,3.84198E+12,147166333,38097,D,24930,26170
S*Mellat Bank,20200629,25690,25690,24490,24930,4.24795E+12,170386098,52834,D,25770,24900
S*Mellat Bank,20200628,25970,25970,24600,25770,6.55422E+12,254376942,61906,D,24740,25350
S*Mellat Bank,20200627,24340,25300,24150,24740,3.2416E+12,131019495,36578,D,24130,24600
S*Mellat Bank,20200624,23600,24500,23500,24130,3.6916E+12,152975383,37399,D,24320,24150
S*Mellat Bank,20200623,24150,24490,23610,24320,4.98351E+12,204918340,42829,D,23330,23640
S*Mellat Bank,20200622,22700,23810,22660,23330,3.90159E+12,167234687,49666,D,22680,23660
S*Mellat Bank,20200621,23110,23500,22310,22680,6.35665E+12,280225543,75082,D,23480,22410
S*Mellat Bank,20200620,22800,25050,22800,23480,7.1356E+12,303872145,93035,D,23860,23250
S*Mellat Bank,20200616,23000,24280,22400,23860,3.82677E+12,160409703,40325,D,23130,24270
S*Mellat Bank,20200615,22950,23630,22070,23130,3.31181E+12,143204944,45348,D,22520,22920
S*Mellat Bank,20200614,22990,22990,21190,22520,4.90685E+12,217880469,55182,D,21900,22990
S*Mellat Bank,20200613,21900,21900,21900,21900,1.31631E+12,60105421,13237,D,20862,21900
S*Mellat Bank,20200610,20870,20870,20500,20862,3.07209E+12,147260773,25774,D,19877,20870
S*Mellat Bank,20200609,19999,20980,19598,19877,2.88296E+12,145041184,34511,D,20629,19850
S*Mellat Bank,20200608,20122,22240,20122,20629,3.76623E+12,182569933,44776,D,21181,20122
S*Mellat Bank,20200607,21200,21223,20692,21181,3.68718E+12,174082809,33472,D,20213,20759
S*Mellat Bank,20200606,20260,20283,19500,20213,2.07198E+12,102505758,22818,D,19318,20283
S*Mellat Bank,20200602,19100,19376,18800,19318,3.89447E+12,201597248,32414,D,18454,19376
S*Mellat Bank,20200601,18148,18871,17700,18454,1.5734E+12,85258610,22894,D,18148,18398
S*Mellat Bank,20200531,18860,18861,17065,18148,3.73116E+12,205601530,41126,D,17963,17900
S*Mellat Bank,20200530,17963,17963,17963,17963,1.20965E+12,67341093,9087,D,17108,17963
S*Mellat Bank,20200527,16200,17231,16200,17108,2.40678E+12,140681997,20137,D,16411,17231
S*Mellat Bank,20200526,17450,17500,15916,16411,3.60468E+12,219648082,36798,D,17283,16140
S*Mellat Bank,20200523,16700,17535,15865,16753,4.62129E+12,275842602,42546,D,16388,17316
S*Mellat Bank,20200520,16750,17190,16344,16388,5.24655E+12,320143554,33493,D,17204,16350
S*Mellat Bank,20200519,18270,18395,16945,17204,4.57884E+12,266154167,39281,D,17836,16945
S*Mellat Bank,20200518,18000,18228,16712,17836,7.27346E+12,407800671,50758,D,17360,18190
S*Mellat Bank,20200517,17360,17360,17360,17360,1.86554E+12,107461931,7043,D,18273,17360
S*Mellat Bank,20200516,18273,18273,18273,18273,1.24936E+12,68371942,6297,D,19234,18273
S*Mellat Bank,20200513,18914,20555,18914,19234,8.47475E+12,440618370,65049,D,19909,18914
S*Mellat Bank,20200512,19909,19909,19909,19909,1.39086E+12,69861038,16438,D,20956,19909
S*Mellat Bank,20200511,21096,21096,20100,20956,1.33041E+13,634870783,115599,D,20092,20600
S*Mellat Bank,20200510,20092,20092,20092,20092,1.99607E+12,99346273,8617,D,19136,20092
S*Mellat Bank,20200509,19138,19138,18977,19136,2.16869E+12,113330048,9114,D,18227,19138
S*Mellat Bank,20200506,16820,18565,16820,18227,6.36504E+12,349214951,40308,D,17681,18565
S*Mellat Bank,20200505,18114,18114,16701,17681,8.35031E+12,472270077,64069,D,17252,16800
S*Mellat Bank,20200504,17281,17281,15637,17252,6.70127E+12,388427514,35341,D,16459,17281
S*Mellat Bank,20200503,15683,16467,15683,16459,2.23913E+12,136042107,4787,D,14937,16467
S*Mellat Bank,20200502,0,0,0,14937,0,0,0,D,14937,14940
S*Mellat Bank,20200429,0,0,0,14937,0,0,0,D,14937,14940
S*Mellat Bank,20200428,14946,14946,14734,14937,6.93564E+11,46432426,5948,D,14235,14940
S*Mellat Bank,20200427,14238,14242,13600,14235,3.84876E+12,270377702,18121,D,13564,14242
S*Mellat Bank,20200426,13564,13564,13500,13564,3.46252E+12,255273596,15908,D,12919,13564
S*Mellat Bank,20200425,12919,12919,12919,12919,4.30751E+11,33342420,2489,D,12304,12919
S*Mellat Bank,20200422,12180,12375,11800,12304,4.25054E+12,345448880,31327,D,11786,12375
S*Mellat Bank,20200421,11787,11787,11551,11786,4.3514E+12,369185657,22809,D,11226,11787
S*Mellat Bank,20200420,10600,11268,10550,11226,3.31827E+12,295590437,16313,D,10732,11268
S*Mellat Bank,20200419,10797,10797,10283,10732,3.14445E+12,292985635,22208,D,10283,10380
S*Mellat Bank,20200418,10283,10283,10238,10283,1.46404E+12,142377245,8929,D,9794,10283
S*Mellat Bank,20200415,9410,9815,9410,9794,1.97298E+12,201457026,11322,D,9348,9815
S*Mellat Bank,20200414,9322,9551,9100,9348,9.86641E+11,105551315,13536,D,9537,9400
S*Mellat Bank,20200413,9699,9747,9376,9537,9.50734E+11,99685848,12407,D,9617,9400
S*Mellat Bank,20200412,9514,9710,9413,9617,1.34494E+12,139842742,15983,D,9500,9561
S*Mellat Bank,20200411,9500,9694,9311,9500,8.33272E+11,87710288,11975,D,9573,9311
S*Mellat Bank,20200408,9799,9888,9356,9573,1.37038E+12,143157654,17448,D,9681,9410
S*Mellat Bank,20200407,9502,9849,9502,9681,9.26412E+11,95695874,13928,D,9553,9650
S*Mellat Bank,20200406,9859,9859,9512,9553,1.19291E+12,124869408,16577,D,10012,9512
S*Mellat Bank,20200405,10300,10330,9893,10012,1.53247E+12,153061068,20376,D,10201,9944
S*Mellat Bank,20200404,10180,10228,9871,10201,1.98386E+12,194474665,19277,D,9741,10225
S*Mellat Bank,20200330,9500,9950,9380,9741,1.09902E+12,112822114,16265,D,9806,9870
S*Mellat Bank,20200329,9893,9893,9508,9806,2.465E+12,251384155,23714,D,9422,9699
S*Mellat Bank,20200328,9422,9422,9350,9422,1.55677E+12,165230289,9953,D,8974,9422
S*Mellat Bank,20200325,8899,8980,8725,8974,1.84777E+12,205902673,11884,D,8553,8980
S*Mellat Bank,20200324,8299,8585,8200,8553,1.62208E+12,189655706,9947,D,8177,8585
S*Mellat Bank,20200318,7978,8250,7858,8177,1.70992E+12,209125494,13138,D,7858,8150
S*Mellat Bank,20200317,8080,8100,7770,7858,7.56977E+11,96337658,9322,D,8178,7955
S*Mellat Bank,20200316,8320,8726,7990,8178,9.94074E+11,121554493,10811,D,7924,8043
S*Mellat Bank,20200315,7600,0,0,7924,0,0,0,D,7924,7889
S*Mellat Bank,20200314,8248,8248,7889,7924,5.81219E+11,73351664,5282,D,8304,7889
S*Mellat Bank,20200311,8130,8400,8120,8304,6.88651E+11,82930229,8841,D,8066,8288
S*Mellat Bank,20200310,7970,8199,7954,8066,7.03674E+11,87238638,9752,D,7903,8019
S*Mellat Bank,20200309,8252,8252,7840,7903,1.45664E+12,184314168,14399,D,8252,7909
S*Mellat Bank,20200307,8223,8450,7911,8252,7.139E+11,86509851,9924,D,8158,8295
S*Mellat Bank,20200304,7925,8214,7827,8158,2.25199E+12,276054974,16330,D,7823,8189
S*Mellat Bank,20200303,7775,7960,7610,7823,1.00095E+12,127945696,11237,D,7603,7820
S*Mellat Bank,20200302,7650,7707,7534,7603,5.7372E+11,75460761,7393,D,7490,7620
S*Mellat Bank,20200301,7420,7590,7300,7490,4.82589E+11,64431036,6682,D,7417,7553
S*Mellat Bank,20200229,7411,7587,7411,7417,8.5367E+11,115094428,8557,D,7801,7411
S*Mellat Bank,20200226,8066,8130,7621,7801,7.89831E+11,101242332,11179,D,7988,7650
S*Mellat Bank,20200225,7675,8058,7655,7988,1.3255E+12,165945105,13602,D,7675,8056
S*Mellat Bank,20200224,7750,7898,7580,7675,6.60008E+11,85997239,8087,D,7690,7600
S*Mellat Bank,20200223,7599,7833,7525,7690,6.52935E+11,84909784,8582,D,7486,7665
S*Mellat Bank,20200222,7394,7714,7394,7486,6.56973E+11,87762116,8821,D,7783,7490
S*Mellat Bank,20200219,7630,7933,7630,7783,4.75048E+11,61040074,7779,D,7637,7700
S*Mellat Bank,20200218,7751,7765,7430,7637,2.97442E+11,38948921,5028,D,7765,7680
S*Mellat Bank,20200217,7734,7955,7622,7765,4.42778E+11,57020095,5909,D,7672,7645
S*Mellat Bank,20200216,7799,7799,7600,7672,7.68304E+11,100142358,7627,D,7725,7660
S*Mellat Bank,20200215,7988,8000,7610,7725,3.16179E+11,40931162,5560,D,7987,7670
S*Mellat Bank,20200212,7700,8088,7700,7987,5.42919E+11,67972372,6084,D,7703,7928
S*Mellat Bank,20200210,7907,7999,7512,7703,6.61451E+11,85868032,7130,D,7907,7690
S*Mellat Bank,20200209,7985,8040,7800,7907,6.09033E+11,77021606,7993,D,8087,7930
S*Mellat Bank,20200208,8290,8290,7830,8087,9.29326E+11,114916175,11579,D,7975,7880
S*Mellat Bank,20200205,7800,8016,7700,7975,1.15777E+12,145168075,10939,D,7635,8016
S*Mellat Bank,20200204,7559,7660,7400,7635,1.68545E+12,220766884,11727,D,7296,7660
S*Mellat Bank,20200203,7165,7430,7165,7296,9.09546E+11,124664197,9597,D,7140,7300
S*Mellat Bank,20200202,7150,7280,7049,7140,4.16343E+11,58310053,6068,D,7234,7117
S*Mellat Bank,20200201,7199,7418,7120,7234,4.8163E+11,66576675,7875,D,7199,7150
S*Mellat Bank,20200128,7109,7309,7044,7199,6.06709E+11,84271715,8346,D,7028,7061
S*Mellat Bank,20200127,6899,7145,6800,7028,7.03086E+11,100045025,7588,D,6965,7021
S*Mellat Bank,20200126,7075,7128,6800,6965,6.47332E+11,92946252,8226,D,7017,6850
S*Mellat Bank,20200125,7090,7145,6950,7017,7.33989E+11,104594135,10340,D,7095,7049
S*Mellat Bank,20200122,7000,7360,6935,7095,5.22338E+11,73620332,6749,D,7070,7000
S*Mellat Bank,20200121,7000,7260,6800,7070,4.79092E+11,67764494,7257,D,7125,6945
S*Mellat Bank,20200120,6875,7212,6850,7125,1.34484E+12,188746529,11901,D,6869,7178
S*Mellat Bank,20200119,6699,6998,6660,6869,6.53283E+11,95105417,7850,D,6860,6900
S*Mellat Bank,20200118,6659,6948,6659,6860,1.02335E+12,149178001,10988,D,6618,6749
S*Mellat Bank,20200115,6389,6647,6351,6618,1.28338E+12,193908160,10596,D,6331,6583
S*Mellat Bank,20200114,6300,6339,6160,6331,1.7347E+12,273991410,10398,D,6038,6339
S*Mellat Bank,20200113,6038,6038,6000,6038,1.51503E+12,250927040,7133,D,5751,6038
S*Mellat Bank,20200112,5751,5751,5751,5751,2.41721E+11,42031135,979,D,5478,5751
S*Mellat Bank,20200111,5478,5478,5478,5478,34813522656,6355152,205,D,5371,5478
S*Mellat Bank,20200108,5360,5500,5360,5371,1.52916E+12,284731460,10531,D,5469,5400
S*Mellat Bank,20200107,5640,5810,5371,5469,6.08455E+11,111250056,6522,D,5653,5371
S*Mellat Bank,20200105,5590,5839,5571,5653,7.8117E+11,138188448,7935,D,5861,5684
S*Mellat Bank,20200104,5861,5861,5861,5861,2.17409E+12,370941917,8901,D,6169,5861
S*Mellat Bank,20200101,6169,6250,6100,6169,2.96145E+11,48006898,4400,D,6184,6136
S*Mellat Bank,20191231,6280,6280,6086,6184,3.06263E+11,49523435,4411,D,6279,6184
S*Mellat Bank,20191230,6295,6320,6221,6279,2.87589E+11,45804701,4350,D,6243,6257
S*Mellat Bank,20191229,6220,6302,6153,6243,3.31738E+11,53139595,4922,D,6187,6260
S*Mellat Bank,20191228,6066,6260,6059,6187,5.9034E+11,95422568,7647,D,5970,6200
S*Mellat Bank,20191225,5982,6080,5915,5970,2.13969E+11,35842659,3908,D,5982,6010
S*Mellat Bank,20191224,6060,6062,5926,5982,2.42838E+11,40591906,4243,D,6063,5969
S*Mellat Bank,20191223,6100,6178,5951,6063,4.06317E+11,67012076,4971,D,6090,5980
S*Mellat Bank,20191222,6155,6181,6030,6090,2.75592E+11,45249917,3700,D,6155,6130
S*Mellat Bank,20191221,6185,6199,6098,6155,3.03308E+11,49275630,4399,D,6061,6128
S*Mellat Bank,20191218,5992,6131,5960,6061,3.76583E+11,62135942,4939,D,5983,6112
S*Mellat Bank,20191217,6003,6030,5957,5983,3.20743E+11,53605459,4240,D,5989,5961
S*Mellat Bank,20191216,6000,6022,5921,5989,2.80019E+11,46751703,3736,D,6024,5966
S*Mellat Bank,20191215,6104,6113,5950,6024,3.23626E+11,53723702,4900,D,6114,5980
S*Mellat Bank,20191214,6140,6198,6040,6114,1.80505E+11,29521792,3471,D,6141,6101
S*Mellat Bank,20191211,6102,6190,6052,6141,1.54861E+11,25218870,2634,D,6213,6130
S*Mellat Bank,20191210,6160,6362,6100,6213,3.76429E+11,60591945,4815,D,6207,6100
S*Mellat Bank,20191209,6272,6361,6131,6207,2.23486E+11,36007641,4489,D,6194,6140
S*Mellat Bank,20191208,5970,6205,5969,6194,9.59724E+11,154954196,9560,D,5910,6200
S*Mellat Bank,20191207,5899,5974,5860,5910,1.99619E+11,33776019,3132,D,5831,5952
S*Mellat Bank,20191204,5786,5901,5772,5831,2.01119E+11,34492350,2795,D,5786,5814
S*Mellat Bank,20191203,5799,5881,5711,5786,1.50192E+11,25957944,2521,D,5822,5790
S*Mellat Bank,20191202,5950,5958,5760,5822,1.81201E+11,31124126,4007,D,5951,5762
S*Mellat Bank,20191201,5900,5999,5900,5951,1.41781E+11,23822826,3276,D,5862,5930
S*Mellat Bank,20191130,5800,5950,5750,5862,2.24829E+11,38355890,3741,D,5775,5888
S*Mellat Bank,20191127,5748,5857,5610,5775,1.80922E+11,31327654,3679,D,5632,5800
S*Mellat Bank,20191126,5479,5752,5450,5632,4.2783E+11,75966264,5959,D,5479,5650
S*Mellat Bank,20191125,5431,5579,5431,5479,1.6647E+11,30385404,2954,D,5456,5460
S*Mellat Bank,20191124,5470,5490,5400,5456,1.17817E+11,21593821,2209,D,5456,5400
S*Mellat Bank,20191123,5450,5499,5402,5456,2.32129E+11,42548256,3411,D,5456,5468
S*Mellat Bank,20191120,5450,5498,5411,5456,2.23963E+11,41047978,3371,D,5458,5473
S*Mellat Bank,20191119,5450,5530,5426,5458,2.19555E+11,40224600,2928,D,5417,5430
S*Mellat Bank,20191118,5321,5450,5302,5417,1.89289E+11,34942117,2658,D,5348,5430
S*Mellat Bank,20191117,5330,5468,5201,5348,3.06802E+11,57365335,3647,D,5450,5301
S*Mellat Bank,20191116,5366,5549,5366,5450,2.17386E+11,39889610,3546,D,5412,5475
S*Mellat Bank,20191113,5355,5470,5355,5412,1.37961E+11,25491877,2927,D,5425,5425
S*Mellat Bank,20191112,5368,5479,5352,5425,1.22737E+11,22623241,2535,D,5368,5409
S*Mellat Bank,20191111,5300,5449,5251,5368,1.09208E+11,20343712,2490,D,5341,5383
S*Mellat Bank,20191110,5450,5450,5311,5341,94966611474,17780205,3032,D,5477,5340
S*Mellat Bank,20191109,5490,5576,5370,5477,1.34713E+11,24597586,3549,D,5407,5398
S*Mellat Bank,20191105,5400,5498,5251,5407,2.9305E+11,54197850,6916,D,5298,5471
S*Mellat Bank,20191104,5431,5488,5253,5298,5.51401E+11,104085622,8019,D,5529,5270
S*Mellat Bank,20191103,5600,5720,5412,5529,4.32696E+11,78253184,7417,D,5696,5550
S*Mellat Bank,20191102,5861,5899,5620,5696,1.90076E+11,33369567,4463,D,5825,5699
S*Mellat Bank,20191030,5880,5891,5788,5825,3.00506E+11,51589639,5505,D,5794,5815
S*Mellat Bank,20191028,5820,5890,5731,5794,1.61408E+11,27857018,3338,D,5724,5790
S*Mellat Bank,20191026,5819,5830,5650,5724,1.42695E+11,24929162,3314,D,5787,5650
S*Mellat Bank,20191023,5900,5927,5701,5787,2.60435E+11,45003363,4280,D,5810,5733
S*Mellat Bank,20191022,5850,5940,5708,5810,2.01873E+11,34745167,3868,D,5708,5820
S*Mellat Bank,20191021,5700,5840,5600,5708,3.50524E+11,61414087,5107,D,5731,5747
S*Mellat Bank,20191020,6010,6010,5705,5731,8.44831E+11,147406719,6679,D,6005,5705
S*Mellat Bank,20191016,5950,6120,5910,6005,4.01849E+11,66917434,5723,D,6018,5936
S*Mellat Bank,20191015,6170,6338,5800,6018,7.21194E+11,119848295,8512,D,6093,5939
S*Mellat Bank,20191014,6193,6210,5952,6093,8.35604E+11,137132531,7896,D,6185,6000
S*Mellat Bank,20191013,6206,6289,5999,6185,8.98188E+11,145209974,8076,D,6064,6100
S*Mellat Bank,20191012,6010,6195,5901,6064,8.52177E+11,140519168,9874,D,6037,6195
S*Mellat Bank,20191009,6001,6144,5850,6037,7.57467E+11,125466197,8950,D,6144,6138
S*Mellat Bank,20191008,6216,6288,6131,6144,2.07574E+12,337855932,15261,D,6453,6131
S*Mellat Bank,20191007,6560,6744,6327,6453,1.01833E+12,157817827,10947,D,6659,6327
S*Mellat Bank,20191006,6661,6895,6351,6659,3.38849E+12,508882228,36170,D,6661,6550
S*Mellat Bank,20191005,6661,6661,6661,6661,85627155000,12855000,643,D,6344,6661
S*Mellat Bank,20191002,6200,6510,6200,6344,3.89499E+12,613946459,22865,D,4336,6510
S*Mellat Bank,20191001,0,0,0,4336,0,0,0,D,4336,4190
S*Mellat Bank,20190930,0,0,0,4336,0,0,0,D,4336,4190
S*Mellat Bank,20190929,0,0,0,4336,0,0,0,D,4336,4190
S*Mellat Bank,20190928,0,0,0,4336,0,0,0,D,4336,4190
S*Mellat Bank,20190925,0,0,0,4336,0,0,0,D,4336,4190
S*Mellat Bank,20190924,0,0,0,4336,0,0,0,D,4336,4190
S*Mellat Bank,20190923,0,0,0,4336,0,0,0,D,4336,4190
S*Mellat Bank,20190922,0,0,0,4336,0,0,0,D,4336,4190
S*Mellat Bank,20190921,0,0,0,4336,0,0,0,D,4336,4190
S*Mellat Bank,20190918,0,0,0,4336,0,0,0,D,4336,4190
S*Mellat Bank,20190917,0,0,0,4336,0,0,0,D,4336,4190
S*Mellat Bank,20190916,0,0,0,4336,0,0,0,D,4336,4190
S*Mellat Bank,20190915,0,0,0,4336,0,0,0,D,4336,4190
S*Mellat Bank,20190914,0,0,0,4336,0,0,0,D,4336,4190
S*Mellat Bank,20190911,0,0,0,4336,0,0,0,D,4336,4190
S*Mellat Bank,20190908,0,0,0,4336,0,0,0,D,4336,4190
S*Mellat Bank,20190907,0,0,0,4336,0,0,0,D,4336,4190
S*Mellat Bank,20190904,0,0,0,4336,0,0,0,D,4336,4190
S*Mellat Bank,20190903,0,0,0,4336,0,0,0,D,4336,4190
S*Mellat Bank,20190902,0,0,0,4336,0,0,0,D,4336,4190
S*Mellat Bank,20190901,0,0,0,4336,0,0,0,D,4336,4190
S*Mellat Bank,20190831,0,0,0,4336,0,0,0,D,4336,4190
S*Mellat Bank,20190828,0,0,0,4336,0,0,0,D,4336,4190
S*Mellat Bank,20190827,0,0,0,4336,0,0,0,D,4336,4190
S*Mellat Bank,20190826,0,0,0,4336,0,0,0,D,4336,4190
S*Mellat Bank,20190825,0,0,0,4336,0,0,0,D,4336,4190
S*Mellat Bank,20190824,0,0,0,4336,0,0,0,D,4336,4190
S*Mellat Bank,20190821,0,0,0,4336,0,0,0,D,4336,4190
S*Mellat Bank,20190819,0,0,0,4336,0,0,0,D,4336,4190
S*Mellat Bank,20190818,0,0,0,4336,0,0,0,D,4336,4190
S*Mellat Bank,20190817,0,0,0,4336,0,0,0,D,4336,4190
S*Mellat Bank,20190814,0,0,0,4336,0,0,0,D,4336,4190
S*Mellat Bank,20190813,0,0,0,4336,0,0,0,D,4336,4190
S*Mellat Bank,20190811,0,0,0,4336,0,0,0,D,4336,4190
S*Mellat Bank,20190810,0,0,0,4336,0,0,0,D,4336,4190
S*Mellat Bank,20190807,0,0,0,4336,0,0,0,D,4336,4190
S*Mellat Bank,20190806,0,0,0,4336,0,0,0,D,4336,4190
S*Mellat Bank,20190805,0,0,0,4336,0,0,0,D,4336,4190
S*Mellat Bank,20190804,0,0,0,4336,0,0,0,D,4336,4190
S*Mellat Bank,20190803,0,0,0,4336,0,0,0,D,4336,4190
S*Mellat Bank,20190731,0,0,0,4336,0,0,0,D,4336,4190
S*Mellat Bank,20190730,0,0,0,4336,0,0,0,D,4336,4190
S*Mellat Bank,20190729,0,0,0,4336,0,0,0,D,4336,4190
S*Mellat Bank,20190728,0,0,0,4336,0,0,0,D,4336,4190
S*Mellat Bank,20190727,0,0,0,4336,0,0,0,D,4336,4190
S*Mellat Bank,20190724,0,0,0,4336,0,0,0,D,4336,4190
S*Mellat Bank,20190723,0,0,0,4336,0,0,0,D,4336,4190
S*Mellat Bank,20190722,0,0,0,4336,0,0,0,D,4336,4190
S*Mellat Bank,20190721,0,0,0,4336,0,0,0,D,4336,4190
S*Mellat Bank,20190720,0,0,0,4336,0,0,0,D,4336,4190
S*Mellat Bank,20190717,0,0,0,4336,0,0,0,D,4336,4190
S*Mellat Bank,20190716,0,0,0,4336,0,0,0,D,4336,4190
S*Mellat Bank,20190715,0,0,0,4336,0,0,0,D,4336,4190
S*Mellat Bank,20190714,0,0,0,4336,0,0,0,D,4336,4190
S*Mellat Bank,20190713,0,0,0,4336,0,0,0,D,4336,4190
S*Mellat Bank,20190710,0,0,0,4336,0,0,0,D,4336,4190
S*Mellat Bank,20190709,0,0,0,4336,0,0,0,D,4336,4190
S*Mellat Bank,20190708,0,0,0,4336,0,0,0,D,4336,4190
S*Mellat Bank,20190707,0,0,0,4336,0,0,0,D,4336,4190
S*Mellat Bank,20190706,0,0,0,4336,0,0,0,D,4336,4190
S*Mellat Bank,20190703,0,0,0,4336,0,0,0,D,4336,4190
S*Mellat Bank,20190702,0,0,0,4336,0,0,0,D,4336,4190
S*Mellat Bank,20190701,0,0,0,4336,0,0,0,D,4336,4190
S*Mellat Bank,20190630,0,0,0,4336,0,0,0,D,4336,4190
S*Mellat Bank,20190626,0,0,0,4336,0,0,0,D,4336,4190
S*Mellat Bank,20190625,0,0,0,4336,0,0,0,D,4336,4190
S*Mellat Bank,20190624,0,0,0,4336,0,0,0,D,4336,4190
S*Mellat Bank,20190623,0,0,0,4336,0,0,0,D,4336,4190
S*Mellat Bank,20190622,0,0,0,4336,0,0,0,D,4336,4190
S*Mellat Bank,20190619,0,0,0,4336,0,0,0,D,4336,4190
S*Mellat Bank,20190618,0,0,0,4336,0,0,0,D,4336,4190
S*Mellat Bank,20190617,0,0,0,4336,0,0,0,D,4336,4190
S*Mellat Bank,20190616,4380,4461,4165,4336,5.68384E+11,131088535,7612,D,4249,4190
S*Mellat Bank,20190615,4070,4288,3980,4249,6.65999E+11,156728436,6467,D,4084,4288
S*Mellat Bank,20190612,4007,4099,3992,4084,1.1478E+12,281032744,10555,D,3904,4099
S*Mellat Bank,20190611,3832,3943,3822,3904,2.39641E+11,61383094,3186,D,3929,3861
S*Mellat Bank,20190610,3915,3990,3856,3929,2.83409E+11,72138869,3984,D,3918,3860
S*Mellat Bank,20190609,3810,3970,3810,3918,3.50398E+11,89440015,4634,D,3782,3935
S*Mellat Bank,20190608,3800,3816,3701,3782,1.47048E+11,38883361,2457,D,3809,3788
S*Mellat Bank,20190603,3840,3898,3755,3809,2.18154E+11,57271769,3611,D,3747,3800
S*Mellat Bank,20190602,3650,3780,3650,3747,4.69433E+11,125287381,6237,D,3600,3750
S*Mellat Bank,20190601,3579,3671,3490,3600,2.07026E+11,57501095,3287,D,3588,3634
S*Mellat Bank,20190529,3580,3630,3540,3588,2.76875E+11,77157001,5210,D,3470,3590
S*Mellat Bank,20190528,3440,3550,3421,3470,1.96456E+11,56616989,3276,D,3421,3499
S*Mellat Bank,20190526,3391,3475,3382,3421,1.56674E+11,45798795,2655,D,3383,3395
S*Mellat Bank,20190525,3431,3445,3351,3383,1.16494E+11,34433311,2376,D,3484,3420
S*Mellat Bank,20190522,3569,3569,3441,3484,1.60301E+11,46012731,3576,D,3516,3468
S*Mellat Bank,20190521,3425,3520,3404,3516,5.93501E+11,168776901,6662,D,3353,3520
S*Mellat Bank,20190520,3400,3449,3242,3353,2.95006E+11,87983644,4779,D,3409,3444
S*Mellat Bank,20190519,3440,3480,3380,3409,1.87014E+11,54852688,2867,D,3460,3400
S*Mellat Bank,20190518,3400,3535,3400,3460,2.16587E+11,62602939,3559,D,3367,3420
S*Mellat Bank,20190515,3398,3477,3272,3367,2.19112E+11,65066911,3932,D,3337,3355
S*Mellat Bank,20190514,3180,3341,3180,3337,9.81541E+11,294102165,8929,D,3182,3341
S*Mellat Bank,20190513,3136,3238,3127,3182,1.81798E+11,57124386,3038,D,3123,3179
S*Mellat Bank,20190512,3211,3240,3105,3123,3.38241E+11,108320016,4967,D,3268,3145
S*Mellat Bank,20190511,3350,3470,3222,3268,3.36908E+11,103089597,5101,D,3391,3223
S*Mellat Bank,20190508,3301,3499,3300,3391,2.78616E+11,82161733,4530,D,3373,3391
S*Mellat Bank,20190507,3411,3450,3370,3373,7.74607E+11,229652592,7225,D,3547,3370
S*Mellat Bank,20190506,3610,3679,3517,3547,2.48469E+11,70044390,2975,D,3702,3517
S*Mellat Bank,20190505,3698,3746,3501,3702,7.20415E+11,194589524,7995,D,3568,3610
S*Mellat Bank,20190504,3420,3581,3420,3568,5.02829E+11,140908128,5387,D,3411,3581
S*Mellat Bank,20190501,3267,3470,3267,3411,3.64356E+11,106827308,5670,D,3314,3460
S*Mellat Bank,20190430,3400,3416,3250,3314,3.32139E+11,100234796,6230,D,3343,3270
S*Mellat Bank,20190429,3280,3355,3254,3343,7.06244E+11,211258932,9112,D,3196,3355
S*Mellat Bank,20190428,3098,3216,3081,3196,6.33843E+11,198346750,6629,D,3063,3216
S*Mellat Bank,20190427,3085,3120,3013,3063,1.86222E+11,60787792,3960,D,3089,3035
S*Mellat Bank,20190424,3032,3136,3030,3089,1.87468E+11,60690748,3159,D,3047,3080
S*Mellat Bank,20190423,3020,3095,3020,3047,1.66268E+11,54560489,3158,D,3092,3040
S*Mellat Bank,20190422,3171,3261,3011,3092,2.69196E+11,87051408,4717,D,3146,3029
S*Mellat Bank,20190420,3038,3152,3037,3146,4.55629E+11,144821757,6336,D,3002,3152
S*Mellat Bank,20190417,3001,3060,2941,3002,2.35151E+11,78320754,4547,D,3093,3000
S*Mellat Bank,20190416,3110,3170,2980,3093,3.77178E+11,121954920,7275,D,3126,3000
S*Mellat Bank,20190415,3110,3170,3066,3126,3.63944E+11,116416502,6186,D,3043,3095
S*Mellat Bank,20190414,3080,3085,2987,3043,3.08529E+11,101401351,5684,D,3085,3071
S*Mellat Bank,20190413,3155,3160,3050,3085,2.96172E+11,96001867,6018,D,3145,3057
S*Mellat Bank,20190410,3072,3209,3072,3145,4.52131E+11,143782515,6998,D,3084,3120
S*Mellat Bank,20190409,3070,3145,3044,3084,4.18336E+11,135658688,7600,D,3148,3088
S*Mellat Bank,20190408,3190,3196,3111,3148,3.7114E+11,117896824,7223,D,3254,3126
S*Mellat Bank,20190407,3249,3318,3162,3254,4.14409E+11,127355934,10836,D,3170,3175
S*Mellat Bank,20190406,3128,3231,3061,3170,2.56852E+11,81015785,5136,D,3115,3178
S*Mellat Bank,20190331,3119,3155,3051,3115,2.86763E+11,92051350,5480,D,3005,3109
S*Mellat Bank,20190330,2910,3014,2910,3005,3.46909E+11,115433665,3986,D,2871,3014
S*Mellat Bank,20190327,2870,2900,2857,2871,1.0309E+11,35904463,2140,D,2870,2870
S*Mellat Bank,20190326,2875,2900,2821,2870,1.03598E+11,36101648,2289,D,2883,2886
S*Mellat Bank,20190325,2900,2905,2844,2883,86335981760,29948945,1843,D,2917,2877
S*Mellat Bank,20190319,2930,2954,2891,2917,2.69486E+11,92381802,4833,D,2939,2912
S*Mellat Bank,20190318,2950,2980,2902,2939,2.00392E+11,68181729,3298,D,2898,2940
S*Mellat Bank,20190317,2885,2981,2810,2898,3.68157E+11,127023894,7719,D,2909,2929
S*Mellat Bank,20190316,2900,2970,2862,2909,2.96611E+11,101973790,5881,D,2875,2879
S*Mellat Bank,20190313,2798,2880,2780,2875,7.03247E+11,244608362,9556,D,2743,2880
S*Mellat Bank,20190312,2738,2771,2720,2743,2.62132E+11,95547351,4373,D,2721,2750
S*Mellat Bank,20190311,2635,2757,2635,2721,3.36758E+11,123773573,6237,D,2626,2710
S*Mellat Bank,20190310,2575,2668,2575,2626,2.76951E+11,105470222,4555,D,2625,2626
S*Mellat Bank,20190309,2645,2670,2579,2625,2.16707E+11,82555191,4391,D,2580,2585
S*Mellat Bank,20190306,2460,2597,2455,2580,3.02944E+11,117399791,3805,D,2474,2597
S*Mellat Bank,20190305,2548,2548,2430,2474,1.58704E+11,64149389,2835,D,2525,2455
S*Mellat Bank,20190304,2589,2589,2472,2525,1.33272E+11,52776887,2666,D,2594,2488
S*Mellat Bank,20190303,2630,2645,2559,2594,1.26143E+11,48625001,2490,D,2610,2568
S*Mellat Bank,20190302,2650,2671,2560,2610,1.41448E+11,54189461,3007,D,2632,2628
S*Mellat Bank,20190227,2601,2660,2601,2632,1.42686E+11,54204684,3035,D,2573,2620
S*Mellat Bank,20190226,2502,2630,2490,2573,2.83123E+11,110028881,5203,D,2578,2590
S*Mellat Bank,20190225,2539,2590,2530,2578,3.85115E+11,149363694,6957,D,2467,2538
S*Mellat Bank,20190224,2390,2496,2372,2467,1.88436E+11,76383882,3396,D,2378,2496
S*Mellat Bank,20190223,2340,2418,2330,2378,1.32163E+11,55568499,2839,D,2304,2365
S*Mellat Bank,20190220,2329,2337,2271,2304,73519720957,31915031,1867,D,2340,2325
S*Mellat Bank,20190219,2341,2388,2290,2340,77496425416,33116671,1950,D,2310,2294
S*Mellat Bank,20190218,2249,2326,2231,2310,1.28672E+11,55709090,2836,D,2216,2326
S*Mellat Bank,20190217,2262,2270,2180,2216,1.17105E+11,52851471,2418,D,2267,2231
S*Mellat Bank,20190216,2299,2328,2220,2267,89418414597,39444663,2364,D,2299,2220
S*Mellat Bank,20190213,2355,2389,2249,2299,1.41395E+11,61509322,3260,D,2366,2297
S*Mellat Bank,20190212,2414,2420,2333,2366,59619269393,25193072,1508,D,2406,2350
S*Mellat Bank,20190210,2390,2450,2376,2406,68577152060,28504084,1476,D,2396,2399
S*Mellat Bank,20190206,2430,2449,2360,2396,93489302822,39020296,2235,D,2365,2380
S*Mellat Bank,20190205,2379,2450,2302,2365,1.46591E+11,61980809,2906,D,2379,2391
S*Mellat Bank,20190204,2396,2437,2340,2379,82189801848,34546281,2191,D,2368,2349
S*Mellat Bank,20190203,2468,2468,2345,2368,1.62661E+11,68699310,3494,D,2468,2390
S*Mellat Bank,20190202,2508,2509,2411,2468,98504033344,39909369,2355,D,2506,2416
S*Mellat Bank,20190130,2499,2547,2480,2506,1.33562E+11,53291256,2838,D,2513,2497
S*Mellat Bank,20190129,2545,2591,2470,2513,1.33118E+11,52980346,3014,D,2546,2482
S*Mellat Bank,20190128,2592,2595,2510,2546,1.19353E+11,46885190,2786,D,2595,2520
S*Mellat Bank,20190127,2570,2605,2501,2595,8.19932E+11,316014959,12104,D,2481,2580
S*Mellat Bank,20190126,2470,2507,2461,2481,1.88376E+11,75929428,4133,D,2470,2470
S*Mellat Bank,20190123,2498,2507,2437,2470,1.83506E+11,74289313,4330,D,2469,2469
S*Mellat Bank,20190122,2462,2527,2415,2469,2.66825E+11,108077472,5334,D,2440,2499
S*Mellat Bank,20190121,2460,2480,2439,2440,6.60876E+11,270840358,8035,D,2567,2439
S*Mellat Bank,20190120,2640,2650,2523,2567,3.1725E+11,123564637,6225,D,2655,2530
S*Mellat Bank,20190119,2680,2703,2610,2655,2.84093E+11,106985305,5596,D,2693,2629
S*Mellat Bank,20190116,2661,2718,2647,2693,5.77938E+11,214626815,10937,D,2589,2659
S*Mellat Bank,20190115,2635,2642,2559,2589,3.06088E+11,118240567,5733,D,2652,2572
S*Mellat Bank,20190114,2641,2696,2610,2652,1.76722E+11,66636736,3696,D,2612,2619
S*Mellat Bank,20190113,2574,2649,2555,2612,1.92975E+11,73877570,4275,D,2579,2619
S*Mellat Bank,20190112,2612,2669,2520,2579,2.20068E+11,85340419,4660,D,2634,2549
S*Mellat Bank,20190109,2630,2695,2570,2634,2.57416E+11,97735461,5541,D,2655,2629
S*Mellat Bank,20190108,2729,2745,2616,2655,5.01129E+11,188763969,7529,D,2753,2630
S*Mellat Bank,20190107,2740,2817,2709,2753,3.94861E+11,143414124,7564,D,2704,2729
S*Mellat Bank,20190106,2605,2717,2605,2704,7.803E+11,288611784,10189,D,2588,2717
S*Mellat Bank,20190105,2587,2629,2545,2588,1.9696E+11,76102128,4509,D,2624,2570
S*Mellat Bank,20190102,2659,2692,2550,2624,3.64146E+11,138775983,7419,D,2661,2550
S*Mellat Bank,20190101,2550,2707,2525,2661,7.44056E+11,279572768,14059,D,2579,2665
S*Mellat Bank,20181231,2601,2643,2523,2579,2.44981E+11,94990797,5838,D,2609,2538
S*Mellat Bank,20181230,2512,2650,2502,2609,4.01151E+11,153764992,8281,D,2525,2617
S*Mellat Bank,20181229,2499,2569,2471,2525,2.24694E+11,88995182,5388,D,2542,2499
S*Mellat Bank,20181226,2550,2550,2456,2542,1.31057E+12,515511696,19199,D,2429,2529
S*Mellat Bank,20181225,2379,2452,2361,2429,3.41029E+11,140414431,5516,D,2336,2452
S*Mellat Bank,20181224,2259,2383,2215,2336,4.94079E+11,211546059,10736,D,2279,2350
S*Mellat Bank,20181223,2245,2292,2231,2279,3.73366E+11,163813807,7636,D,2183,2248
S*Mellat Bank,20181222,2139,2193,2117,2183,2.35814E+11,108025815,5036,D,2089,2193
S*Mellat Bank,20181219,2039,2117,2000,2089,3.2264E+11,154445772,6589,D,2017,2117
S*Mellat Bank,20181218,2000,2051,1975,2017,1.25246E+11,62095981,3776,D,2001,2020
S*Mellat Bank,20181217,2050,2106,1964,2001,2.74026E+11,136973762,6680,D,2067,1997
S*Mellat Bank,20181216,2160,2160,2062,2067,2.35283E+11,113801364,5306,D,2170,2062
S*Mellat Bank,20181215,2268,2268,2142,2170,2.27197E+11,104707071,5799,D,2254,2165
S*Mellat Bank,20181212,2260,2301,2227,2254,90909549681,40336218,2803,D,2270,2230
S*Mellat Bank,20181211,2225,2317,2202,2270,1.63115E+11,71843930,4174,D,2274,2260
S*Mellat Bank,20181210,2285,2346,2196,2274,2.30042E+11,101182812,5887,D,2250,2202
S*Mellat Bank,20181209,2190,2272,2144,2250,4.69175E+11,208493732,8790,D,2164,2272
S*Mellat Bank,20181208,2210,2210,2130,2164,1.64661E+11,76089199,4672,D,2235,2170
S*Mellat Bank,20181205,2200,2271,2189,2235,1.05388E+11,47146078,2898,D,2218,2213
S*Mellat Bank,20181204,2240,2271,2184,2218,1.22707E+11,55318345,3029,D,2271,2200
S*Mellat Bank,20181203,2269,2310,2201,2271,1.38822E+11,61126622,3530,D,2225,2264
S*Mellat Bank,20181202,2193,2280,2181,2225,2.17414E+11,97696598,5035,D,2173,2246
S*Mellat Bank,20181201,2220,2221,2166,2173,85725760146,39458997,1695,D,2279,2166
S*Mellat Bank,20181128,2365,2365,2272,2279,2.61332E+11,114685741,4981,D,2391,2272
S*Mellat Bank,20181127,2421,2464,2353,2391,1.03297E+11,43208771,2899,D,2416,2361
S*Mellat Bank,20181126,2519,2519,2410,2416,1.60154E+11,66285127,2747,D,2536,2410
S*Mellat Bank,20181124,2549,2596,2452,2536,3.44085E+11,135705139,6939,D,2473,2522
S*Mellat Bank,20181121,2460,2479,2423,2473,4.02219E+11,162649350,6356,D,2361,2450
S*Mellat Bank,20181120,2337,2460,2237,2361,4.41809E+11,187094992,9503,D,2345,2435
S*Mellat Bank,20181119,2335,2439,2299,2345,4.96274E+11,211595598,9494,D,2419,2325
S*Mellat Bank,20181118,2459,2500,2402,2419,1.67402E+11,69196897,2702,D,2528,2402
S*Mellat Bank,20181117,2628,2638,2492,2528,2.90843E+11,115064330,5047,D,2623,2492
S*Mellat Bank,20181114,2600,2680,2576,2623,2.27103E+11,86565376,4300,D,2698,2630
S*Mellat Bank,20181113,2724,2790,2631,2698,4.66203E+11,172819461,7570,D,2690,2659
S*Mellat Bank,20181112,2650,2753,2599,2690,5.04734E+11,187608072,9059,D,2665,2710
S*Mellat Bank,20181111,2764,2777,2642,2665,6.21283E+11,233153471,10094,D,2781,2642
S*Mellat Bank,20181110,2870,2930,2765,2781,1.39209E+12,500494617,18210,D,2910,2765
S*Mellat Bank,20181106,2880,2950,2845,2910,5.33964E+11,183465713,9017,D,2818,2876
S*Mellat Bank,20181105,2730,2870,2662,2818,6.89894E+11,244848382,10233,D,2734,2870
S*Mellat Bank,20181104,2801,2863,2602,2734,5.57302E+11,203839249,8704,D,2738,2700
S*Mellat Bank,20181103,2700,2828,2680,2738,3.97369E+11,145135778,7016,D,2714,2695
S*Mellat Bank,20181031,2700,2717,2661,2714,7.13608E+11,262943902,6731,D,2588,2717
S*Mellat Bank,20181029,2570,2595,2555,2588,4.76617E+11,184134018,6409,D,2472,2595
S*Mellat Bank,20181028,2402,2550,2385,2472,2.85909E+11,115668533,5213,D,2436,2550
S*Mellat Bank,20181027,2450,2550,2390,2436,3.25936E+11,133819153,6010,D,2515,2390
S*Mellat Bank,20181024,2600,2648,2470,2515,3.92168E+11,155914909,6536,D,2599,2520
S*Mellat Bank,20181023,2559,2620,2503,2599,8.29246E+11,319122872,11152,D,2496,2620
S*Mellat Bank,20181022,2582,2582,2453,2496,8.88846E+11,356128561,12587,D,2717,2554
S*Mellat Bank,20181021,2719,2719,2663,2717,3.40291E+11,125254055,1925,D,2602,2670
S*Mellat Bank,20181020,2602,2602,2602,2602,3.95383E+11,151953390,2936,D,2479,2602
S*Mellat Bank,20181017,2420,2572,2360,2479,8.86391E+11,357542468,13155,D,2450,2572
S*Mellat Bank,20181016,2450,2450,2401,2450,6.94586E+11,283535931,6788,D,2334,2450
S*Mellat Bank,20181015,2313,2339,2305,2334,1.282E+11,54934759,1840,D,2228,2339
S*Mellat Bank,20181014,2260,2336,2135,2228,3.34157E+11,150000813,3478,D,2247,2288
S*Mellat Bank,20181013,2299,2320,2211,2247,58898573053,26210199,1063,D,2327,2211
S*Mellat Bank,20181010,2350,2400,2261,2327,3.20377E+11,137696387,5965,D,2354,2293
S*Mellat Bank,20181009,2340,2366,2282,2354,6.33373E+11,269005747,8019,D,2254,2306
S*Mellat Bank,20181008,2301,2357,2230,2254,8.31654E+11,369047958,12226,D,2347,2270
S*Mellat Bank,20181007,2370,2505,2310,2347,1.0752E+12,458045966,13898,D,2431,2310
S*Mellat Bank,20181006,2500,2505,2267,2431,1.46314E+12,601953560,17909,D,2386,2369
S*Mellat Bank,20181003,2387,2387,2313,2386,2.35554E+12,987416580,25606,D,2274,2387
S*Mellat Bank,20181002,2167,2275,2167,2274,3.12203E+11,137318804,2990,D,2064,2275
S*Mellat Bank,20181001,0,0,0,2064,0,0,0,D,2064,2064
S*Mellat Bank,20180930,0,0,0,2064,0,0,0,D,2064,2064
S*Mellat Bank,20180929,2064,2064,2064,2064,16382727552,7937368,207,D,1966,2064
S*Mellat Bank,20180926,1966,1966,1930,1966,7.26272E+11,369442403,8270,D,1873,1966
S*Mellat Bank,20180925,1810,1881,1810,1873,4.51249E+11,240900172,7227,D,1792,1881
S*Mellat Bank,20180924,1830,1831,1760,1792,3.13841E+11,175151851,7745,D,1822,1789
S*Mellat Bank,20180923,1750,1833,1742,1822,3.06271E+11,168120142,6556,D,1746,1804
S*Mellat Bank,20180922,1780,1800,1711,1746,2.71957E+11,155777487,7098,D,1798,1723
S*Mellat Bank,20180918,1857,1866,1776,1798,4.34699E+11,241712877,10060,D,1869,1783
S*Mellat Bank,20180917,1869,1871,1820,1869,7.48415E+11,400494694,12041,D,1782,1867
S*Mellat Bank,20180916,1700,1834,1660,1782,8.03969E+11,451258490,14145,D,1747,1834
S*Mellat Bank,20180915,1798,1849,1709,1747,6.72567E+11,384934432,12265,D,1713,1709
S*Mellat Bank,20180912,1713,1713,1713,1713,20704345800,12086600,179,D,1632,1713
S*Mellat Bank,20180911,1632,1632,1632,1632,81371921472,49860246,1073,D,1555,1632
S*Mellat Bank,20180910,1540,1560,1530,1555,1.12738E+11,72513993,1791,D,1486,1560
S*Mellat Bank,20180909,1474,1491,1460,1486,3.71505E+11,250062101,7407,D,1420,1491
S*Mellat Bank,20180908,1373,1432,1362,1420,2.48138E+11,174773215,6022,D,1364,1432
S*Mellat Bank,20180905,1382,1393,1350,1364,1.09471E+11,80248378,3513,D,1389,1358
S*Mellat Bank,20180904,1390,1427,1376,1389,1.58318E+11,113968521,4188,D,1412,1379
S*Mellat Bank,20180903,1391,1454,1359,1412,3.52371E+11,249591276,9651,D,1399,1391
S*Mellat Bank,20180902,1405,1405,1343,1399,1.05201E+12,751854784,21889,D,1339,1405
S*Mellat Bank,20180901,1339,1339,1335,1339,1.27041E+12,948773720,20100,D,1276,1339
S*Mellat Bank,20180829,1300,1340,1241,1276,1.39905E+12,1096516210,21846,D,1094,1300
S*Mellat Bank,20180828,0,0,0,1094,0,0,0,D,1094,1112
S*Mellat Bank,20180827,0,0,0,1094,0,0,0,D,1094,1112
S*Mellat Bank,20180826,0,0,0,1094,0,0,0,D,1094,1112
S*Mellat Bank,20180825,0,0,0,1094,0,0,0,D,1094,1112
S*Mellat Bank,20180821,0,0,0,1094,0,0,0,D,1094,1112
S*Mellat Bank,20180820,0,0,0,1094,0,0,0,D,1094,1112
S*Mellat Bank,20180819,0,0,0,1094,0,0,0,D,1094,1112
S*Mellat Bank,20180818,1070,1112,1065,1094,65641439627,59994605,2409,D,1061,1112
S*Mellat Bank,20180815,1046,1078,1036,1061,49831624870,46980670,1949,D,1042,1077
S*Mellat Bank,20180814,1060,1069,1025,1042,19306896313,18533621,990,D,1066,1025
S*Mellat Bank,20180813,1034,1073,1030,1066,88251577037,82795761,2945,D,1022,1050
S*Mellat Bank,20180812,1025,1037,1002,1022,27283017355,26690654,1380,D,1037,1032
S*Mellat Bank,20180811,1041,1041,991,1037,1.76603E+11,170220019,5009,D,992,1035
S*Mellat Bank,20180808,992,992,992,992,12929163552,13033431,326,D,945,992
S*Mellat Bank,20180807,910,949,903,945,39414706614,41723029,1243,D,904,949
S*Mellat Bank,20180806,905,929,885,904,60560897691,66988875,2635,D,900,900
S*Mellat Bank,20180805,900,909,895,900,37672455330,41856565,1398,D,902,905
S*Mellat Bank,20180804,910,918,899,902,29506986204,32712001,1364,D,904,900
S*Mellat Bank,20180801,900,922,892,904,23359656878,25846275,1160,D,897,920
S*Mellat Bank,20180731,910,920,887,897,61590998148,68685848,3124,D,902,917
S*Mellat Bank,20180730,912,921,890,902,74619969358,82735736,3199,D,921,910
S*Mellat Bank,20180729,0,0,0,921,0,0,0,D,921,940
S*Mellat Bank,20180728,0,0,0,921,0,0,0,D,921,940
S*Mellat Bank,20180727,0,0,0,921,0,0,0,D,921,940
S*Mellat Bank,20180726,0,0,0,921,0,0,0,D,921,940
S*Mellat Bank,20180725,0,0,0,921,0,0,0,D,921,940
S*Mellat Bank,20180724,0,0,0,921,0,0,0,D,921,940
S*Mellat Bank,20180723,0,0,0,921,0,0,0,D,921,940
S*Mellat Bank,20180722,0,0,0,921,0,0,0,D,921,940
S*Mellat Bank,20180721,0,0,0,921,0,0,0,D,921,940
S*Mellat Bank,20180718,919,940,900,921,50037923761,54316358,1698,D,910,940
S*Mellat Bank,20180717,915,922,908,910,3220750352,3531814,139,D,909,918
S*Mellat Bank,20180716,908,920,897,909,11748564380,12921772,554,D,908,920
S*Mellat Bank,20180715,915,920,896,908,17171693348,18914560,577,D,914,900
S*Mellat Bank,20180714,908,944,905,914,9452222534,10344538,462,D,910,910
S*Mellat Bank,20180711,915,917,903,910,8184661287,9012659,502,D,917,906
S*Mellat Bank,20180710,929,929,908,917,5090523263,5566609,288,D,919,910
S*Mellat Bank,20180708,940,940,914,919,13624783736,14818518,596,D,942,914
S*Mellat Bank,20180707,927,948,927,942,10643395940,11295058,482,D,925,933
S*Mellat Bank,20180704,930,940,919,925,5166711880,5595244,303,D,927,922
S*Mellat Bank,20180703,930,932,920,927,7408427141,8020735,366,D,937,920
S*Mellat Bank,20180702,930,948,928,937,9635779197,10281376,455,D,931,930
S*Mellat Bank,20180701,926,942,920,931,25158747032,27036558,1159,D,936,939
S*Mellat Bank,20180630,930,950,925,936,8511704648,9087911,377,D,933,933
S*Mellat Bank,20180627,926,950,918,933,9628448298,10323161,423,D,934,933
S*Mellat Bank,20180626,924,955,919,934,13628473311,14586168,566,D,929,927
S*Mellat Bank,20180625,948,954,915,929,18651453334,20073970,990,D,935,921
S*Mellat Bank,20180624,949,960,929,935,20083448622,21484842,838,D,938,935
S*Mellat Bank,20180623,950,956,930,938,27644238447,29469104,1038,D,948,949
S*Mellat Bank,20180620,951,977,930,948,52435400505,55307247,2210,D,970,950
S*Mellat Bank,20180619,951,985,950,970,13023431318,13427178,850,D,969,972
S*Mellat Bank,20180618,970,986,947,969,14935234021,15414248,699,D,947,969
S*Mellat Bank,20180617,946,978,936,947,30675966175,32391452,1295,D,937,969
S*Mellat Bank,20180613,935,945,932,937,11916643227,12722889,662,D,933,940
S*Mellat Bank,20180612,935,940,925,933,4161307763,4472556,203,D,935,930
S*Mellat Bank,20180611,940,943,923,935,6117535820,6577822,295,D,943,935
S*Mellat Bank,20180610,935,950,933,943,3843738545,4090973,199,D,945,939
S*Mellat Bank,20180609,950,950,930,945,6636982979,7073089,335,D,959,930
S*Mellat Bank,20180603,960,960,937,959,4703303526,4969450,271,D,971,940
S*Mellat Bank,20180602,999,999,950,971,41714846955,42948939,1284,D,906,960
S*Mellat Bank,20180530,0,0,0,906,0,0,0,D,906,906
S*Mellat Bank,20180529,0,0,0,906,0,0,0,D,906,906
S*Mellat Bank,20180528,0,0,0,906,0,0,0,D,906,906
S*Mellat Bank,20180527,905,918,901,906,9005122674,9936900,475,D,903,906
S*Mellat Bank,20180526,905,910,900,903,3840326188,4250807,218,D,903,907
S*Mellat Bank,20180523,906,910,899,903,8123303224,8998374,362,D,904,910
S*Mellat Bank,20180522,903,912,897,904,15603993839,17263890,516,D,902,910
S*Mellat Bank,20180521,905,907,896,902,8736036644,9692142,374,D,905,903
S*Mellat Bank,20180520,908,909,900,905,6187211538,6844712,322,D,908,906
S*Mellat Bank,20180519,910,911,901,908,4958106302,5475515,276,D,911,909
S*Mellat Bank,20180516,909,910,905,911,2614320175,2881942,142,D,912,910
S*Mellat Bank,20180515,914,914,909,912,3409554769,3742533,180,D,913,909
S*Mellat Bank,20180514,915,915,909,913,11313976311,12390503,370,D,911,914
S*Mellat Bank,20180513,910,917,905,911,6026765035,6625663,296,D,914,912
S*Mellat Bank,20180512,910,918,909,914,1723395284,1890792,120,D,914,909
S*Mellat Bank,20180509,902,930,880,914,20050068084,21942007,741,D,907,920
S*Mellat Bank,20180508,920,920,904,907,4860315948,5356151,252,D,907,910
S*Mellat Bank,20180507,907,915,904,907,4430550347,4883807,230,D,907,906
S*Mellat Bank,20180506,910,910,900,907,8217718011,9072624,383,D,911,910
S*Mellat Bank,20180505,920,920,900,911,13491857377,14807919,545,D,920,906
S*Mellat Bank,20180501,925,925,912,920,4456554649,4858591,251,D,923,920
S*Mellat Bank,20180430,924,925,910,923,5016531458,5456219,223,D,927,925
S*Mellat Bank,20180429,930,930,912,927,4685782391,5095320,191,D,933,925
S*Mellat Bank,20180428,930,930,922,933,1798450487,1941823,111,D,935,929
S*Mellat Bank,20180425,933,940,927,935,5913145236,6339537,236,D,939,935
S*Mellat Bank,20180424,939,940,928,939,3531975190,3786280,141,D,943,939
S*Mellat Bank,20180423,940,942,930,943,2317788877,2478301,115,D,945,942
S*Mellat Bank,20180422,946,946,929,945,1957333985,2085104,113,D,947,943
S*Mellat Bank,20180421,948,948,940,947,2330056557,2467015,118,D,948,946
S*Mellat Bank,20180418,950,952,942,948,2392020482,2526952,123,D,948,947
S*Mellat Bank,20180417,948,950,947,948,4087283361,4309026,171,D,947,950
S*Mellat Bank,20180416,950,955,943,947,2360531500,2487853,116,D,947,950
S*Mellat Bank,20180415,948,955,934,947,2876511384,3057068,195,D,949,949
S*Mellat Bank,20180411,955,955,935,949,3685333405,3901996,238,D,952,949
S*Mellat Bank,20180410,960,969,945,952,3667007769,3837364,218,D,950,952
S*Mellat Bank,20180409,970,970,934,950,9356631384,9854861,417,D,981,960
S*Mellat Bank,20180408,971,971,956,981,2756494573,2857786,172,D,987,970
S*Mellat Bank,20180407,971,989,968,987,1595669555,1633395,96,D,989,985
S*Mellat Bank,20180404,990,992,969,989,4440883100,4522617,199,D,994,992
S*Mellat Bank,20180403,974,998,974,994,1343896569,1354399,68,D,994,996
S*Mellat Bank,20180328,983,1000,969,994,3437408015,3491187,253,D,999,1000
S*Mellat Bank,20180327,978,1000,978,999,2079501927,2090814,113,D,1000,999
S*Mellat Bank,20180326,1007,1007,977,1000,5029024639,5040802,229,D,1003,1002
S*Mellat Bank,20180325,974,1010,974,1003,634163677,636573,69,D,1003,1010
S*Mellat Bank,20180319,1000,1014,982,1003,14085066348,14041470,583,D,1001,1014
S*Mellat Bank,20180318,991,1009,991,1001,11203778872,11190966,463,D,979,998
S*Mellat Bank,20180317,965,991,955,979,9375419229,9541409,413,D,947,980
S*Mellat Bank,20180314,970,974,928,947,33774608218,35682806,1249,D,976,940
S*Mellat Bank,20180313,973,978,967,976,4716185588,4839913,201,D,978,971
S*Mellat Bank,20180312,963,976,963,978,5885355210,6041810,257,D,983,973
S*Mellat Bank,20180311,978,984,960,983,2767597611,2826181,155,D,984,980
S*Mellat Bank,20180310,971,990,970,984,1875253963,1906090,108,D,984,979
S*Mellat Bank,20180307,976,984,968,984,2459574537,2520582,131,D,987,983
S*Mellat Bank,20180306,980,990,978,987,4981166874,5046017,211,D,987,990
S*Mellat Bank,20180305,988,994,976,987,4743231833,4808596,195,D,988,994
S*Mellat Bank,20180304,979,995,965,988,4986979293,5075531,317,D,993,990
S*Mellat Bank,20180303,1000,1000,979,993,2030845703,2058619,145,D,995,987
S*Mellat Bank,20180228,999,1010,982,995,4947625140,4935780,248,D,988,999
S*Mellat Bank,20180227,987,1006,971,988,5478713220,5520394,244,D,982,1004
S*Mellat Bank,20180226,966,990,966,982,5445944279,5542997,241,D,981,974
S*Mellat Bank,20180225,980,981,970,981,3486078560,3578835,215,D,984,981
S*Mellat Bank,20180224,985,989,975,984,3901490431,3980494,243,D,986,980
S*Mellat Bank,20180221,997,998,979,986,6489253418,6558465,286,D,978,990
S*Mellat Bank,20180219,976,987,967,978,6261921494,6432080,320,D,986,983
S*Mellat Bank,20180218,1011,1011,978,986,13716372983,13914343,666,D,1008,980
S*Mellat Bank,20180217,1025,1029,990,1008,79333482794,78688105,2232,D,1031,1010
S*Mellat Bank,20180214,1030,1038,1020,1031,3821963124,3725856,275,D,1034,1030
S*Mellat Bank,20180213,1030,1034,1025,1034,4936737169,4798335,236,D,1040,1031
S*Mellat Bank,20180212,1045,1045,1030,1040,4856091164,4691751,217,D,1045,1035
S*Mellat Bank,20180210,1030,1050,1030,1045,1545642219,1482074,93,D,1045,1046
S*Mellat Bank,20180207,1050,1059,1034,1045,5030833631,4792519,280,D,1040,1054
S*Mellat Bank,20180206,1050,1068,1026,1040,5739555374,5514356,287,D,1039,1056
S*Mellat Bank,20180205,1050,1054,1036,1039,4543884411,4354533,260,D,1036,1040
S*Mellat Bank,20180204,1038,1053,1038,1036,3101760432,2969246,214,D,1032,1052
S*Mellat Bank,20180203,1035,1050,1018,1032,6561761997,6350364,350,D,1030,1048
S*Mellat Bank,20180131,1024,1030,1021,1030,4597698552,4475526,262,D,1033,1028
S*Mellat Bank,20180130,1025,1048,1021,1033,3463841122,3362531,173,D,1035,1030
S*Mellat Bank,20180129,1032,1038,1021,1035,2144434976,2083771,156,D,1036,1030
S*Mellat Bank,20180128,1028,1049,1028,1036,2887825251,2787175,197,D,1036,1035
S*Mellat Bank,20180127,1022,1040,1022,1036,4505231359,4346206,251,D,1035,1039
S*Mellat Bank,20180124,1050,1059,1016,1035,7862029809,7614284,437,D,1058,1033
S*Mellat Bank,20180123,1078,1078,1031,1058,7515003215,7141019,434,D,1084,1050
S*Mellat Bank,20180122,1109,1109,1061,1084,7573731870,7019698,372,D,1109,1078
S*Mellat Bank,20180121,1151,1160,1104,1109,22665754993,20432442,737,D,1162,1104
S*Mellat Bank,20180120,1160,1170,1150,1162,9505102440,8182918,373,D,1163,1170
S*Mellat Bank,20180117,1162,1170,1150,1163,10657997943,9165352,460,D,1162,1168
S*Mellat Bank,20180116,1163,1173,1155,1162,2815828250,2428099,208,D,1163,1155
S*Mellat Bank,20180115,1171,1179,1150,1163,11858793743,10196841,487,D,1173,1170
S*Mellat Bank,20180114,1152,1195,1152,1173,34231873299,29186598,1161,D,1152,1170
S*Mellat Bank,20180113,1149,1175,1144,1152,5346815434,4623999,259,D,1147,1160
S*Mellat Bank,20180110,1141,1158,1127,1147,8965581530,7807856,359,D,1140,1150
S*Mellat Bank,20180109,1145,1152,1130,1140,5693448543,4971876,259,D,1135,1141
S*Mellat Bank,20180108,1105,1143,1105,1135,9480811204,8332118,443,D,1112,1143
S*Mellat Bank,20180107,1087,1139,1087,1112,13413903374,12059244,579,D,1086,1130
S*Mellat Bank,20180106,1086,1096,1081,1086,2027051420,1863697,143,D,1086,1088
S*Mellat Bank,20180103,1086,1093,1080,1086,4310565364,3969661,251,D,1086,1087
S*Mellat Bank,20180102,1065,1104,1053,1086,7242061367,6640428,337,D,1072,1100
S*Mellat Bank,20180101,1080,1090,1070,1072,4894835116,4552207,269,D,1068,1074
S*Mellat Bank,20171231,1080,1100,1046,1068,25796998813,24147257,917,D,1098,1080
S*Mellat Bank,20171230,1105,1105,1080,1098,19178073800,17464846,648,D,1104,1103
S*Mellat Bank,20171227,1106,1109,1100,1104,6379415457,5785859,279,D,1106,1100
S*Mellat Bank,20171226,1110,1115,1100,1106,7976445452,7218299,303,D,1110,1107
S*Mellat Bank,20171225,1119,1119,1105,1110,8748799827,7892425,364,D,1119,1105
S*Mellat Bank,20171224,1111,1128,1110,1119,13265651443,11859218,438,D,1111,1110
S*Mellat Bank,20171223,1117,1133,1100,1111,16082820268,14476946,703,D,1118,1110
S*Mellat Bank,20171220,1122,1148,1100,1118,9986348051,8944573,504,D,1143,1128
S*Mellat Bank,20171219,1133,1165,1133,1143,8131249852,7091064,458,D,1133,1139
S*Mellat Bank,20171218,1097,1138,1090,1133,49807485367,43963527,1591,D,1084,1138
S*Mellat Bank,20171217,1071,1097,1071,1084,12596785478,11616578,595,D,1081,1092
S*Mellat Bank,20171216,1049,1090,1040,1081,18858641165,17447434,910,D,1039,1070
S*Mellat Bank,20171215,0,0,0,1039,0,0,0,D,1039,1053
S*Mellat Bank,20171214,0,0,0,1039,0,0,0,D,1039,1053
S*Mellat Bank,20171213,1005,1054,1005,1039,16667093848,16034381,995,D,1004,1053
S*Mellat Bank,20171212,1009,1018,999,1004,5220948007,5175966,305,D,998,1016
S*Mellat Bank,20171211,995,1006,988,998,13270567459,13293719,478,D,1001,1006
S*Mellat Bank,20171210,1000,1002,993,1001,5135738922,5143379,202,D,1003,1000
S*Mellat Bank,20171209,1003,1007,1000,1003,4487741568,4476582,202,D,1004,1004
S*Mellat Bank,20171205,1001,1007,1001,1004,6018511846,5999666,241,D,1005,1003
S*Mellat Bank,20171204,1000,1007,1000,1005,4723600434,4710080,217,D,1006,1002
S*Mellat Bank,20171203,992,1008,992,1006,3293848271,3278353,168,D,1007,1007
S*Mellat Bank,20171202,1008,1013,1003,1007,6197185310,6152055,263,D,1007,1007
S*Mellat Bank,20171129,1000,1015,1000,1007,23814731829,23642957,1245,D,998,1009
S*Mellat Bank,20171128,991,1005,988,998,7031441098,7035547,356,D,995,1002
S*Mellat Bank,20171126,995,1000,987,995,7788229380,7824264,369,D,993,994
S*Mellat Bank,20171125,988,998,976,993,5655850555,5709457,297,D,997,995
S*Mellat Bank,20171122,1005,1005,990,997,5567350003,5575007,244,D,994,1000
S*Mellat Bank,20171121,996,1005,996,994,5635425785,5635088,353,D,987,1001
S*Mellat Bank,20171120,980,998,977,987,16769739065,16989198,354,D,980,995
S*Mellat Bank,20171118,980,993,971,980,4031286550,4098125,231,D,977,993
S*Mellat Bank,20171115,970,990,965,977,4468108288,4589412,246,D,980,990
S*Mellat Bank,20171114,975,980,972,980,6969815312,7125812,258,D,986,976
S*Mellat Bank,20171113,980,990,977,986,3474848285,3534898,176,D,987,988
S*Mellat Bank,20171112,987,996,978,987,6055400902,6172061,274,D,997,990
S*Mellat Bank,20171111,999,1000,990,997,7510693200,7551716,313,D,1004,994
S*Mellat Bank,20171108,1008,1010,999,1004,10283033438,10242320,399,D,1010,1001
S*Mellat Bank,20171107,1001,1021,996,1010,11989790068,11873545,517,D,1016,1008
S*Mellat Bank,20171106,982,1029,982,1016,17477011144,17207997,1075,D,980,1010
S*Mellat Bank,20171105,978,999,978,980,5464984378,5509847,349,D,967,992
S*Mellat Bank,20171104,969,986,960,967,6684089078,6849833,454,D,951,986
S*Mellat Bank,20171101,932,969,932,951,14412328810,15151868,717,D,928,968
S*Mellat Bank,20171031,930,937,920,928,7650521642,8226458,294,D,920,931
S*Mellat Bank,20171030,925,930,915,920,11049891774,12007234,384,D,926,927
S*Mellat Bank,20171029,930,938,918,926,12792773423,13808907,514,D,933,926
S*Mellat Bank,20171028,933,940,929,933,7215685503,7744666,344,D,936,931
S*Mellat Bank,20171025,930,938,930,936,3443798708,3686352,173,D,937,934
S*Mellat Bank,20171024,936,940,930,937,6789798754,7263057,282,D,943,939
S*Mellat Bank,20171023,945,947,933,943,5328472816,5675230,267,D,948,935
S*Mellat Bank,20171022,950,953,941,948,3978015110,4199838,204,D,948,945
S*Mellat Bank,20171021,950,956,940,948,6726441491,7105360,285,D,952,945
S*Mellat Bank,20171018,950,955,943,952,5032477172,5303023,321,D,956,950
S*Mellat Bank,20171017,960,970,945,956,7075809086,7426913,335,D,964,965
S*Mellat Bank,20171016,969,970,955,964,6927723796,7194177,291,D,966,955
S*Mellat Bank,20171015,954,974,953,966,2559199554,2647264,154,D,966,967
S*Mellat Bank,20171014,952,979,950,966,3920885626,4048267,160,D,965,975
S*Mellat Bank,20171011,970,979,955,965,5827708152,6038549,227,D,964,965
S*Mellat Bank,20171010,961,980,953,964,3197848612,3300142,171,D,962,970
S*Mellat Bank,20171009,968,970,950,962,2949740899,3088770,195,D,965,962
S*Mellat Bank,20171008,960,971,945,965,6547420238,6832415,304,D,979,969
S*Mellat Bank,20171007,988,988,965,979,6668736172,6839425,347,D,988,966
S*Mellat Bank,20171004,993,993,987,988,3370260132,3407653,163,D,987,988
S*Mellat Bank,20171003,994,994,985,987,3634027800,3679641,217,D,987,990
S*Mellat Bank,20171002,993,995,981,987,6310939481,6393748,263,D,986,988
S*Mellat Bank,20170927,988,995,986,986,4779235855,4832442,258,D,984,990
S*Mellat Bank,20170926,986,992,984,984,4387133798,4444879,224,D,982,992
S*Mellat Bank,20170925,990,993,981,982,3691086938,3745228,198,D,980,983
S*Mellat Bank,20170924,970,997,970,980,7386871042,7514410,367,D,971,980
S*Mellat Bank,20170923,971,989,970,971,4617792257,4730814,259,D,967,978
S*Mellat Bank,20170920,965,979,960,967,3376544810,3482554,186,D,966,976
S*Mellat Bank,20170919,975,976,960,966,4503117345,4662176,225,D,966,969
S*Mellat Bank,20170918,975,980,960,966,7871717502,8151229,367,D,969,980
S*Mellat Bank,20170917,960,985,953,969,5908103603,6095769,301,D,968,983
S*Mellat Bank,20170916,960,990,950,968,5304695481,5483767,361,D,969,980
S*Mellat Bank,20170913,980,986,950,969,7993084570,8279876,466,D,988,984
S*Mellat Bank,20170912,955,1000,955,988,5938880942,6035255,390,D,994,989
S*Mellat Bank,20170911,1000,1000,981,994,6752050926,6817371,338,D,1000,993
S*Mellat Bank,20170910,994,1013,994,1000,5916159339,5892456,368,D,994,996
S*Mellat Bank,20170906,978,1008,966,994,15072224958,15168987,848,D,962,1000
S*Mellat Bank,20170905,963,979,953,962,5633327041,5811009,369,D,953,976
S*Mellat Bank,20170904,951,964,948,953,6549466733,6867257,322,D,952,962
S*Mellat Bank,20170903,953,956,948,952,3238478093,3406731,228,D,952,949
S*Mellat Bank,20170902,952,960,945,952,4349981931,4569573,229,D,952,955
S*Mellat Bank,20170830,960,970,948,952,5406805342,5667513,332,D,950,951
S*Mellat Bank,20170829,954,980,940,950,14732071054,15514560,837,D,965,980
S*Mellat Bank,20170828,964,967,950,965,6624050353,6896658,429,D,974,955
S*Mellat Bank,20170827,970,970,960,974,3560457532,3703672,279,D,982,962
S*Mellat Bank,20170826,998,998,967,982,7717240099,7901354,436,D,1001,970
S*Mellat Bank,20170823,1003,1012,991,1001,8390512913,8376725,356,D,994,999
S*Mellat Bank,20170822,1003,1007,974,994,20859474325,20978513,949,D,998,1007
S*Mellat Bank,20170821,1020,1021,979,998,37339411714,37424828,1536,D,1030,1010
S*Mellat Bank,20170820,1033,1033,1020,1030,16202323425,15725470,428,D,1025,1030
S*Mellat Bank,20170819,0,0,0,1025,0,0,0,D,1025,1034
S*Mellat Bank,20170816,0,0,0,1025,0,0,0,D,1025,1034
S*Mellat Bank,20170815,0,0,0,1025,0,0,0,D,1025,1034
S*Mellat Bank,20170814,0,0,0,1025,0,0,0,D,1025,1034
S*Mellat Bank,20170813,0,0,0,1025,0,0,0,D,1025,1034
S*Mellat Bank,20170812,0,0,0,1025,0,0,0,D,1025,1034
S*Mellat Bank,20170809,0,0,0,1025,0,0,0,D,1025,1034
S*Mellat Bank,20170808,0,0,0,1025,0,0,0,D,1025,1034
S*Mellat Bank,20170807,0,0,0,1025,0,0,0,D,1025,1034
S*Mellat Bank,20170806,0,0,0,1025,0,0,0,D,1025,1034
S*Mellat Bank,20170802,0,0,0,1025,0,0,0,D,1025,1034
S*Mellat Bank,20170801,0,0,0,1025,0,0,0,D,1025,1034
S*Mellat Bank,20170731,0,0,0,1025,0,0,0,D,1025,1034
S*Mellat Bank,20170730,0,0,0,1025,0,0,0,D,1025,1034
S*Mellat Bank,20170729,0,0,0,1025,0,0,0,D,1025,1034
S*Mellat Bank,20170726,0,0,0,1025,0,0,0,D,1025,1034
S*Mellat Bank,20170725,0,0,0,1025,0,0,0,D,1025,1034
S*Mellat Bank,20170724,0,0,0,1025,0,0,0,D,1025,1034
S*Mellat Bank,20170723,0,0,0,1025,0,0,0,D,1025,1034
S*Mellat Bank,20170722,0,0,0,1025,0,0,0,D,1025,1034
S*Mellat Bank,20170719,0,0,0,1025,0,0,0,D,1025,1034
S*Mellat Bank,20170718,1029,1035,1010,1025,17141205824,16721775,921,D,1016,1034
S*Mellat Bank,20170717,1039,1039,1001,1016,14535980963,14311335,702,D,1004,1029
S*Mellat Bank,20170716,999,1030,992,1004,16276390134,16216610,817,D,991,1010
S*Mellat Bank,20170715,955,993,951,991,22667845099,22866401,1012,D,946,993
S*Mellat Bank,20170712,941,969,937,946,7643788741,8059934,435,D,939,954
S*Mellat Bank,20170711,940,955,921,939,7992218247,8473812,484,D,926,940
S*Mellat Bank,20170710,931,941,920,926,4665472496,5005221,309,D,920,941
S*Mellat Bank,20170709,925,932,913,920,3524563436,3815595,257,D,918,929
S*Mellat Bank,20170708,912,932,909,918,6727018988,7338367,432,D,922,930
S*Mellat Bank,20170705,911,940,906,922,8161070308,8842585,527,D,920,931
S*Mellat Bank,20170704,915,940,905,920,4262289740,4653338,348,D,924,920
S*Mellat Bank,20170703,922,934,910,924,5890791274,6417144,399,D,932,932
S*Mellat Bank,20170702,925,950,921,932,3954765569,4254725,271,D,934,940
S*Mellat Bank,20170701,940,941,924,934,2499407369,2690402,197,D,936,925
S*Mellat Bank,20170628,935,957,925,936,3840489105,4089114,279,D,934,936
S*Mellat Bank,20170625,926,950,922,934,2521701386,2695614,251,D,934,931
S*Mellat Bank,20170624,973,973,922,934,22683735928,24290951,1255,D,968,938
S*Mellat Bank,20170621,970,971,959,968,6165108633,6411282,359,D,980,959
S*Mellat Bank,20170620,980,986,970,980,9201898877,9396076,473,D,991,971
S*Mellat Bank,20170619,983,998,983,991,5886609268,5969461,312,D,998,983
S*Mellat Bank,20170618,992,1000,980,998,36759295383,36840295,1336,D,999,999
S*Mellat Bank,20170617,996,1003,989,999,21691437168,21720279,927,D,1001,1000
S*Mellat Bank,20170614,1000,1010,994,1001,12414152906,12398997,662,D,1001,1004
S*Mellat Bank,20170613,1001,1005,996,1001,18729429306,18713964,715,D,1003,1001
S*Mellat Bank,20170612,1010,1017,1000,1003,11728398551,11698425,481,D,1012,1000
S*Mellat Bank,20170611,1014,1024,1003,1012,8640560709,8533955,399,D,1010,1016
S*Mellat Bank,20170610,1012,1019,1001,1010,7577015304,7492455,383,D,1008,1013
S*Mellat Bank,20170607,1025,1036,998,1008,34564018053,34289477,1279,D,1021,1018
S*Mellat Bank,20170606,1029,1030,1009,1021,5954063731,5842993,303,D,1025,1023
S*Mellat Bank,20170603,1017,1038,1015,1025,4590888236,4492887,251,D,1027,1030
S*Mellat Bank,20170531,1031,1040,1015,1027,11519959031,11216125,567,D,1021,1021
S*Mellat Bank,20170530,1025,1049,1009,1021,10844638275,10626357,513,D,1027,1033
S*Mellat Bank,20170529,1020,1029,1013,1027,4376939493,4300634,286,D,1034,1015
S*Mellat Bank,20170528,1022,1035,1018,1034,4572607085,4460989,327,D,1041,1030
S*Mellat Bank,20170527,1038,1050,1021,1041,4229911392,4106946,406,D,1049,1040
S*Mellat Bank,20170524,1052,1062,1036,1049,6369085170,6104069,349,D,1060,1040
S*Mellat Bank,20170523,1050,1070,1043,1060,9311122924,8783744,378,D,1056,1050
S*Mellat Bank,20170522,1042,1070,1041,1056,6019790972,5687890,291,D,1053,1050
S*Mellat Bank,20170521,1059,1075,1035,1053,10776177375,10232578,480,D,1057,1035
S*Mellat Bank,20170520,1066,1078,1045,1057,5761676374,5441949,353,D,1055,1051
S*Mellat Bank,20170517,1059,1068,1045,1055,9281215627,8793145,396,D,1047,1055
S*Mellat Bank,20170516,1040,1062,1038,1047,5854141142,5566595,325,D,1040,1060
S*Mellat Bank,20170515,1021,1063,1020,1040,6812383832,6523734,400,D,1031,1057
S*Mellat Bank,20170514,1039,1040,1021,1031,6953322287,6760831,435,D,1038,1025
S*Mellat Bank,20170513,1035,1048,1031,1038,5801629002,5605990,352,D,1043,1032
S*Mellat Bank,20170510,1054,1054,1034,1043,5507793143,5300551,321,D,1049,1041
S*Mellat Bank,20170509,1040,1061,1032,1049,7672194090,7320409,474,D,1050,1041
S*Mellat Bank,20170508,1058,1059,1034,1050,3936552508,3792361,302,D,1058,1037
S*Mellat Bank,20170507,1039,1079,1031,1058,16747649224,15825275,823,D,1044,1046
S*Mellat Bank,20170506,1065,1070,1034,1044,9208105846,8824817,451,D,1051,1037
S*Mellat Bank,20170503,1060,1085,1031,1051,18108057539,17226633,930,D,1080,1079
S*Mellat Bank,20170502,1087,1090,1055,1080,6230407627,5838240,536,D,1099,1060
S*Mellat Bank,20170501,1097,1110,1077,1099,37265229028,33915975,1875,D,1058,1091
S*Mellat Bank,20170430,1014,1073,1014,1058,17057266793,16116153,868,D,1022,1073
S*Mellat Bank,20170429,1020,1030,1010,1022,9778727253,9568091,503,D,1012,1022
S*Mellat Bank,20170426,1011,1025,1001,1012,19575052376,19341726,837,D,1008,1025
S*Mellat Bank,20170424,1010,1014,1001,1008,10580289993,10500321,495,D,1010,1007
S*Mellat Bank,20170423,1016,1020,1000,1010,19494153311,19309830,1087,D,1016,1016
S*Mellat Bank,20170422,1020,1039,1007,1016,16671560042,16407103,881,D,1021,1007
S*Mellat Bank,20170419,1021,1039,1012,1021,8005191688,7844586,565,D,1021,1025
S*Mellat Bank,20170418,1024,1033,1015,1021,11281106731,11047224,601,D,1022,1022
S*Mellat Bank,20170417,1015,1030,1015,1022,10354769650,10133964,578,D,1015,1022
S*Mellat Bank,20170416,1026,1028,1008,1015,32050375699,31574133,1469,D,1026,1028
S*Mellat Bank,20170415,1031,1038,1019,1026,31974634451,31163300,1705,D,1032,1020
S*Mellat Bank,20170412,1039,1046,1025,1032,13659412171,13231760,859,D,1042,1029
S*Mellat Bank,20170410,1050,1056,1029,1042,39887513057,38284111,1753,D,1049,1029
S*Mellat Bank,20170409,1077,1089,1035,1049,17729748123,16896063,1168,D,1074,1050
S*Mellat Bank,20170408,1099,1100,1059,1074,22401083283,20863948,1131,D,1093,1060
S*Mellat Bank,20170405,1090,1100,1081,1093,7294291993,6681546,405,D,1098,1082
S*Mellat Bank,20170404,1102,1106,1085,1098,11504558819,10473077,521,D,1100,1103
S*Mellat Bank,20170403,1105,1105,1086,1100,4530797607,4132734,318,D,1103,1087
S*Mellat Bank,20170329,1089,1110,1087,1103,8566429853,7768459,429,D,1102,1098
S*Mellat Bank,20170328,1090,1109,1085,1102,10856962266,9855132,509,D,1098,1105
S*Mellat Bank,20170327,1090,1103,1078,1098,11566866412,10538055,605,D,1088,1089
S*Mellat Bank,20170326,1099,1117,1070,1088,9016726234,8301063,502,D,1105,1080
S*Mellat Bank,20170325,1083,1118,1083,1105,1806394311,1637335,181,D,1105,1091
S*Mellat Bank,20170318,1100,1119,1072,1105,9357512606,8458997,418,D,1089,1103
S*Mellat Bank,20170315,1100,1108,1079,1089,8854887151,8121427,463,D,1079,1080
S*Mellat Bank,20170314,1060,1110,1049,1079,30430684749,28207263,1192,D,1064,1082
S*Mellat Bank,20170313,1048,1081,1038,1064,25132638254,23619997,1061,D,1063,1070
S*Mellat Bank,20170312,1058,1079,1046,1063,12558402421,11808563,630,D,1061,1046
S*Mellat Bank,20170311,1026,1080,1025,1061,12707298701,11975897,723,D,1044,1048
S*Mellat Bank,20170308,1063,1067,1041,1044,64038671145,61362532,2545,D,1095,1057
S*Mellat Bank,20170307,1130,1130,1073,1095,21306853370,19459561,1214,D,1129,1073
S*Mellat Bank,20170306,1127,1142,1103,1129,21478560145,19024195,946,D,1132,1123
S*Mellat Bank,20170305,1129,1150,1110,1132,29540884673,26091805,970,D,1126,1127
S*Mellat Bank,20170304,1125,1130,1121,1126,11668184074,10361532,484,D,1121,1129
S*Mellat Bank,20170301,1120,1130,1119,1121,10886721950,9710264,463,D,1117,1122
S*Mellat Bank,20170228,1120,1123,1115,1117,26157768681,23421979,724,D,1113,1119
S*Mellat Bank,20170227,1113,1117,1111,1113,11156517478,10019874,506,D,1112,1115
S*Mellat Bank,20170226,1103,1140,1100,1112,13919199113,12515955,690,D,1099,1106
S*Mellat Bank,20170225,1100,1110,1080,1099,28354423132,25809693,1356,D,1109,1110
S*Mellat Bank,20170222,1129,1131,1098,1109,24738573371,22309880,1594,D,1137,1108
S*Mellat Bank,20170221,1144,1145,1127,1137,12653531523,11126436,658,D,1138,1138
S*Mellat Bank,20170220,1140,1145,1126,1138,21051542327,18504128,836,D,1135,1144
S*Mellat Bank,20170219,1175,1175,1123,1135,45522667626,40125257,2267,D,1168,1155
S*Mellat Bank,20170218,1182,1182,1150,1168,16370509591,14020906,956,D,1186,1160
S*Mellat Bank,20170215,1190,1195,1173,1186,23564432494,19875584,845,D,1187,1193
S*Mellat Bank,20170214,1200,1208,1177,1187,11079755718,9335906,646,D,1201,1195
S*Mellat Bank,20170213,1209,1210,1190,1201,12165313924,10133299,769,D,1204,1200
S*Mellat Bank,20170212,1211,1218,1191,1204,15242811084,12655730,753,D,1207,1200
S*Mellat Bank,20170211,1220,1220,1194,1207,27681455217,22934152,984,D,1219,1210
S*Mellat Bank,20170208,1225,1238,1195,1219,26753177004,21951580,1162,D,1229,1200
S*Mellat Bank,20170207,1220,1249,1210,1229,20664596504,16819641,1305,D,1198,1221
S*Mellat Bank,20170206,1180,1220,1176,1198,33416442158,27890361,1513,D,1177,1219
S*Mellat Bank,20170205,1172,1193,1159,1177,25477612252,21637455,1563,D,1163,1185
S*Mellat Bank,20170204,1150,1179,1145,1163,18608684739,16001664,1172,D,1161,1179
S*Mellat Bank,20170201,1166,1179,1146,1161,15075349202,12985955,922,D,1176,1179
S*Mellat Bank,20170131,1150,1200,1148,1176,34179899652,29074518,1914,D,1145,1160
S*Mellat Bank,20170130,1150,1160,1136,1145,18011597677,15728635,1229,D,1143,1143
S*Mellat Bank,20170129,1141,1163,1121,1143,28441669833,24875670,1754,D,1158,1136
S*Mellat Bank,20170128,1190,1190,1151,1158,1.43741E+11,124087014,4915,D,1211,1164
S*Mellat Bank,20170125,1230,1251,1190,1211,1.82606E+11,150759356,7308,D,1206,1199
S*Mellat Bank,20170124,1199,1244,1170,1206,1.58207E+11,131185822,4802,D,1930,1242
S*Mellat Bank,20170123,0,0,0,1930,0,0,0,D,1930,2370
S*Mellat Bank,20170122,0,0,0,1930,0,0,0,D,1930,2370
S*Mellat Bank,20170121,0,0,0,1930,0,0,0,D,1930,2370
S*Mellat Bank,20170118,0,0,0,1930,0,0,0,D,1930,2370
S*Mellat Bank,20170117,0,0,0,1930,0,0,0,D,1930,2370
S*Mellat Bank,20170116,0,0,0,1930,0,0,0,D,1930,2370
S*Mellat Bank,20170115,0,0,0,1930,0,0,0,D,1930,2370
S*Mellat Bank,20170114,0,0,0,1930,0,0,0,D,1930,2370
S*Mellat Bank,20170111,0,0,0,2413,0,0,0,D,2413,2370
S*Mellat Bank,20170109,0,0,0,2413,0,0,0,D,2413,2370
S*Mellat Bank,20170108,0,0,0,2413,0,0,0,D,2413,2370
S*Mellat Bank,20170107,0,0,0,2413,0,0,0,D,2413,2370
S*Mellat Bank,20170104,0,0,0,2413,0,0,0,D,2413,2370
S*Mellat Bank,20170103,0,0,0,2413,0,0,0,D,2413,2370
S*Mellat Bank,20170102,0,0,0,2413,0,0,0,D,2413,2370
S*Mellat Bank,20170101,0,0,0,2413,0,0,0,D,2413,2370
S*Mellat Bank,20161231,0,0,0,2413,0,0,0,D,2413,2370
S*Mellat Bank,20161228,0,0,0,2413,0,0,0,D,2413,2370
S*Mellat Bank,20161227,0,0,0,2413,0,0,0,D,2413,2370
S*Mellat Bank,20161226,0,0,0,2413,0,0,0,D,2413,2370
S*Mellat Bank,20161225,0,0,0,2413,0,0,0,D,2413,2370
S*Mellat Bank,20161224,0,0,0,2413,0,0,0,D,2413,2370
S*Mellat Bank,20161221,0,0,0,2413,0,0,0,D,2413,2370
S*Mellat Bank,20161220,0,0,0,2413,0,0,0,D,2413,2370
S*Mellat Bank,20161219,0,0,0,2413,0,0,0,D,2413,2370
S*Mellat Bank,20161218,0,0,0,2413,0,0,0,D,2413,2370
S*Mellat Bank,20161214,0,0,0,2413,0,0,0,D,2413,2370
S*Mellat Bank,20161213,0,0,0,2413,0,0,0,D,2413,2370
S*Mellat Bank,20161212,0,0,0,2413,0,0,0,D,2413,2370
S*Mellat Bank,20161211,0,0,0,2413,0,0,0,D,2413,2370
S*Mellat Bank,20161210,0,0,0,2413,0,0,0,D,2413,2370
S*Mellat Bank,20161207,0,0,0,2413,0,0,0,D,2413,2370
S*Mellat Bank,20161206,0,0,0,2413,0,0,0,D,2413,2370
S*Mellat Bank,20161205,0,0,0,2413,0,0,0,D,2413,2370
S*Mellat Bank,20161204,0,0,0,2413,0,0,0,D,2413,2370
S*Mellat Bank,20161203,0,0,0,2413,0,0,0,D,2413,2370
S*Mellat Bank,20161129,0,0,0,2413,0,0,0,D,2413,2370
S*Mellat Bank,20161127,0,0,0,2413,0,0,0,D,2413,2370
S*Mellat Bank,20161126,0,0,0,2413,0,0,0,D,2413,2370
S*Mellat Bank,20161123,0,0,0,2413,0,0,0,D,2413,2370
S*Mellat Bank,20161122,0,0,0,2413,0,0,0,D,2413,2370
S*Mellat Bank,20161121,0,0,0,2413,0,0,0,D,2413,2370
S*Mellat Bank,20161119,0,0,0,2413,0,0,0,D,2413,2370
S*Mellat Bank,20161116,0,0,0,2413,0,0,0,D,2413,2370
S*Mellat Bank,20161115,0,0,0,2413,0,0,0,D,2413,2370
S*Mellat Bank,20161114,0,0,0,2413,0,0,0,D,2413,2370
S*Mellat Bank,20161113,0,0,0,2413,0,0,0,D,2413,2370
S*Mellat Bank,20161112,0,0,0,2413,0,0,0,D,2413,2370
S*Mellat Bank,20161109,0,0,0,2413,0,0,0,D,2413,2370
S*Mellat Bank,20161108,0,0,0,2413,0,0,0,D,2413,2370
S*Mellat Bank,20161107,0,0,0,2413,0,0,0,D,2413,2370
S*Mellat Bank,20161106,0,0,0,2413,0,0,0,D,2413,2370
S*Mellat Bank,20161105,0,0,0,2413,0,0,0,D,2413,2370
S*Mellat Bank,20161102,0,0,0,2413,0,0,0,D,2413,2370
S*Mellat Bank,20161101,0,0,0,2413,0,0,0,D,2413,2370
S*Mellat Bank,20161031,0,0,0,2413,0,0,0,D,2413,2370
S*Mellat Bank,20161030,0,0,0,2413,0,0,0,D,2413,2370
S*Mellat Bank,20161029,0,0,0,2413,0,0,0,D,2413,2370
S*Mellat Bank,20161028,0,0,0,2413,0,0,0,D,2413,2370
S*Mellat Bank,20161027,0,0,0,2413,0,0,0,D,2413,2370
S*Mellat Bank,20161026,0,0,0,2413,0,0,0,D,2413,2370
S*Mellat Bank,20161025,0,0,0,2413,0,0,0,D,2413,2370
S*Mellat Bank,20161024,0,0,0,2413,0,0,0,D,2413,2370
S*Mellat Bank,20161023,0,0,0,2413,0,0,0,D,2413,2370
S*Mellat Bank,20161022,0,0,0,2413,0,0,0,D,2413,2370
S*Mellat Bank,20161019,0,0,0,2413,0,0,0,D,2413,2370
S*Mellat Bank,20161018,0,0,0,2413,0,0,0,D,2413,2370
S*Mellat Bank,20161017,0,0,0,2413,0,0,0,D,2413,2370
S*Mellat Bank,20161016,0,0,0,2413,0,0,0,D,2413,2370
S*Mellat Bank,20161015,0,0,0,2413,0,0,0,D,2413,2370
S*Mellat Bank,20161012,0,0,0,2413,0,0,0,D,2413,2370
S*Mellat Bank,20161010,0,0,0,2413,0,0,0,D,2413,2370
S*Mellat Bank,20161009,0,0,0,2413,0,0,0,D,2413,2370
S*Mellat Bank,20161008,0,0,0,2413,0,0,0,D,2413,2370
S*Mellat Bank,20161005,0,0,0,2413,0,0,0,D,2413,2370
S*Mellat Bank,20161004,0,0,0,2413,0,0,0,D,2413,2370
S*Mellat Bank,20161003,0,0,0,2413,0,0,0,D,2413,2370
S*Mellat Bank,20161002,0,0,0,2413,0,0,0,D,2413,2370
S*Mellat Bank,20161001,0,0,0,2413,0,0,0,D,2413,2370
S*Mellat Bank,20160928,0,0,0,2413,0,0,0,D,2413,2370
S*Mellat Bank,20160927,0,0,0,2413,0,0,0,D,2413,2370
S*Mellat Bank,20160926,0,0,0,2413,0,0,0,D,2413,2370
S*Mellat Bank,20160925,0,0,0,2413,0,0,0,D,2413,2370
S*Mellat Bank,20160924,0,0,0,2413,0,0,0,D,2413,2370
S*Mellat Bank,20160921,0,0,0,2413,0,0,0,D,2413,2370
S*Mellat Bank,20160919,0,0,0,2413,0,0,0,D,2413,2370
S*Mellat Bank,20160918,0,0,0,2413,0,0,0,D,2413,2370
S*Mellat Bank,20160917,0,0,0,2413,0,0,0,D,2413,2370
S*Mellat Bank,20160914,0,0,0,2413,0,0,0,D,2413,2370
S*Mellat Bank,20160913,0,0,0,2413,0,0,0,D,2413,2370
S*Mellat Bank,20160911,0,0,0,2413,0,0,0,D,2413,2370
S*Mellat Bank,20160910,0,0,0,2413,0,0,0,D,2413,2370
S*Mellat Bank,20160907,0,0,0,2413,0,0,0,D,2413,2370
S*Mellat Bank,20160906,0,0,0,2413,0,0,0,D,2413,2370
S*Mellat Bank,20160905,0,0,0,2413,0,0,0,D,2413,2370
S*Mellat Bank,20160904,0,0,0,2413,0,0,0,D,2413,2370
S*Mellat Bank,20160903,0,0,0,2413,0,0,0,D,2413,2370
S*Mellat Bank,20160831,0,0,0,2413,0,0,0,D,2413,2370
S*Mellat Bank,20160830,0,0,0,2413,0,0,0,D,2413,2370
S*Mellat Bank,20160829,0,0,0,2413,0,0,0,D,2413,2370
S*Mellat Bank,20160828,0,0,0,2413,0,0,0,D,2413,2370
S*Mellat Bank,20160827,0,0,0,2413,0,0,0,D,2413,2370
S*Mellat Bank,20160824,0,0,0,2413,0,0,0,D,2413,2370
S*Mellat Bank,20160823,0,0,0,2413,0,0,0,D,2413,2370
S*Mellat Bank,20160822,0,0,0,2413,0,0,0,D,2413,2370
S*Mellat Bank,20160821,0,0,0,2413,0,0,0,D,2413,2370
S*Mellat Bank,20160820,0,0,0,2413,0,0,0,D,2413,2370
S*Mellat Bank,20160817,0,0,0,2413,0,0,0,D,2413,2370
S*Mellat Bank,20160816,0,0,0,2413,0,0,0,D,2413,2370
S*Mellat Bank,20160815,0,0,0,2413,0,0,0,D,2413,2370
S*Mellat Bank,20160814,0,0,0,2413,0,0,0,D,2413,2370
S*Mellat Bank,20160813,0,0,0,2413,0,0,0,D,2413,2370
S*Mellat Bank,20160810,0,0,0,2413,0,0,0,D,2413,2370
S*Mellat Bank,20160809,0,0,0,2413,0,0,0,D,2413,2370
S*Mellat Bank,20160808,0,0,0,2413,0,0,0,D,2413,2370
S*Mellat Bank,20160807,0,0,0,2413,0,0,0,D,2413,2370
S*Mellat Bank,20160806,0,0,0,2413,0,0,0,D,2413,2370
S*Mellat Bank,20160803,0,0,0,2413,0,0,0,D,2413,2370
S*Mellat Bank,20160802,0,0,0,2413,0,0,0,D,2413,2370
S*Mellat Bank,20160801,0,0,0,2413,0,0,0,D,2413,2370
S*Mellat Bank,20160731,0,0,0,2413,0,0,0,D,2413,2370
S*Mellat Bank,20160727,0,0,0,2413,0,0,0,D,2413,2370
S*Mellat Bank,20160726,0,0,0,2413,0,0,0,D,2413,2370
S*Mellat Bank,20160725,0,0,0,2413,0,0,0,D,2413,2370
S*Mellat Bank,20160724,0,0,0,2413,0,0,0,D,2413,2370
S*Mellat Bank,20160723,0,0,0,2413,0,0,0,D,2413,2370
S*Mellat Bank,20160720,0,0,0,2413,0,0,0,D,2413,2370
S*Mellat Bank,20160719,0,0,0,2413,0,0,0,D,2413,2370
S*Mellat Bank,20160718,0,0,0,2413,0,0,0,D,2413,2370
S*Mellat Bank,20160717,2430,2430,2360,2413,1.31168E+11,54364655,1637,D,2376,2370
S*Mellat Bank,20160716,2380,2385,2369,2376,64028780102,26949529,1847,D,2404,2373
S*Mellat Bank,20160713,2424,2424,2374,2404,64600993311,26873925,1380,D,2413,2380
S*Mellat Bank,20160712,2430,2435,2390,2413,1.4479E+11,60002141,2899,D,2385,2400
S*Mellat Bank,20160711,2375,2400,2360,2385,1.28269E+11,53785129,2549,D,2343,2400
S*Mellat Bank,20160710,2340,2356,2339,2343,91011779205,38837502,1997,D,2340,2350
S*Mellat Bank,20160709,2329,2357,2320,2340,40818051796,17445153,1495,D,2320,2329
S*Mellat Bank,20160705,2315,2360,2294,2320,48194978085,20772703,1142,D,2312,2360
S*Mellat Bank,20160704,2336,2345,2290,2312,27449542725,11874022,989,D,2331,2300
S*Mellat Bank,20160703,2330,2355,2312,2331,41073501148,17619484,1157,D,2330,2326
S*Mellat Bank,20160702,2326,2347,2310,2330,53127272758,22802659,1396,D,2323,2310
S*Mellat Bank,20160629,2327,2332,2315,2323,37541690171,16162675,1253,D,2320,2330
S*Mellat Bank,20160628,2319,2332,2310,2320,53579577538,23098631,1259,D,2318,2320
S*Mellat Bank,20160626,2308,2350,2291,2318,24761049550,10684117,788,D,2368,2316
S*Mellat Bank,20160625,2410,2410,2289,2368,67988304308,28708830,1685,D,2296,2308
S*Mellat Bank,20160622,2302,2313,2277,2296,55388637560,24128445,1412,D,2264,2294
S*Mellat Bank,20160621,2175,2279,2162,2264,1.94221E+11,85796097,3078,D,2171,2279
S*Mellat Bank,20160620,2162,2196,2140,2171,20303584184,9354057,580,D,2147,2160
S*Mellat Bank,20160619,2151,2176,2130,2147,8412358172,3927554,459,D,2176,2160
S*Mellat Bank,20160618,2171,2190,2160,2176,29608488794,13607913,375,D,2177,2160
S*Mellat Bank,20160615,2163,2195,2143,2177,40622779995,18657818,573,D,2152,2165
S*Mellat Bank,20160614,2180,2189,2127,2152,12353310615,5741554,615,D,2175,2142
S*Mellat Bank,20160613,2192,2199,2160,2175,11683069164,5372694,578,D,2208,2170
S*Mellat Bank,20160612,2200,2227,2151,2208,47938547941,21709161,714,D,2184,2191
S*Mellat Bank,20160611,2230,2244,2150,2184,26350503103,12063984,924,D,2232,2165
S*Mellat Bank,20160608,2234,2260,2216,2232,29447878246,13194588,746,D,2234,2218
S*Mellat Bank,20160607,2250,2267,2217,2234,10234143591,4580863,537,D,2270,2220
S*Mellat Bank,20160606,2299,2299,2240,2270,25505883408,11234186,675,D,2250,2245
S*Mellat Bank,20160605,2272,2280,2238,2250,23793344369,10574478,846,D,2293,2240
S*Mellat Bank,20160601,2315,2315,2265,2293,23416442413,10211684,600,D,2289,2269
S*Mellat Bank,20160531,2324,2324,2260,2289,30662560045,13395400,675,D,2271,2270
S*Mellat Bank,20160530,2260,2288,2255,2271,14984833445,6598086,525,D,2276,2260
S*Mellat Bank,20160529,2324,2324,2252,2276,15549484839,6832718,614,D,2328,2260
S*Mellat Bank,20160528,2325,2335,2320,2328,46228332437,19860070,1220,D,2326,2327
S*Mellat Bank,20160525,2324,2333,2320,2326,31207150024,13414303,1001,D,2324,2325
S*Mellat Bank,20160524,2298,2359,2285,2324,48853712981,21024352,1127,D,2292,2316
S*Mellat Bank,20160523,2290,2315,2271,2292,34885700729,15220012,1101,D,2270,2271
S*Mellat Bank,20160521,2265,2290,2252,2270,16969588847,7474389,560,D,2265,2256
S*Mellat Bank,20160518,2293,2293,2242,2265,17298473638,7638012,702,D,2283,2250
S*Mellat Bank,20160517,2320,2320,2237,2283,24190206255,10594737,703,D,2268,2257
S*Mellat Bank,20160516,2328,2328,2212,2268,30259734431,13343041,1055,D,2219,2226
S*Mellat Bank,20160515,2220,2240,2190,2219,44977970494,20271327,1327,D,2217,2218
S*Mellat Bank,20160514,2190,2248,2175,2217,24825955231,11198767,864,D,2197,2222
S*Mellat Bank,20160511,2230,2230,2179,2197,19766498153,8995688,724,D,2224,2215
S*Mellat Bank,20160510,2215,2257,2175,2224,65047364828,29248144,1005,D,2225,2195
S*Mellat Bank,20160509,2260,2263,2179,2225,54074465673,24297749,1346,D,2197,2180
S*Mellat Bank,20160508,2190,2209,2172,2197,61138216779,27826529,1142,D,2204,2180
S*Mellat Bank,20160507,2259,2273,2175,2204,42483180887,19277568,1665,D,2262,2195
S*Mellat Bank,20160504,2290,2290,2250,2262,25041979314,11068669,775,D,2309,2268
S*Mellat Bank,20160503,2275,2320,2220,2309,2.77329E+11,120083997,1306,D,2258,2266
S*Mellat Bank,20160502,2270,2287,2241,2258,40607996667,17983799,1381,D,2277,2243
S*Mellat Bank,20160501,2290,2315,2262,2277,27499986363,12078484,1032,D,2288,2270
S*Mellat Bank,20160430,2310,2320,2273,2288,33347921429,14575816,1332,D,2334,2273
S*Mellat Bank,20160427,2349,2380,2315,2334,22008934299,9428421,929,D,2361,2321
S*Mellat Bank,20160426,2400,2400,2338,2361,21235989511,8994088,847,D,2398,2348
S*Mellat Bank,20160425,2380,2429,2361,2398,29819744172,12434394,1071,D,2358,2400
S*Mellat Bank,20160424,2331,2388,2328,2358,29232761915,12397512,925,D,2326,2370
S*Mellat Bank,20160423,2330,2370,2310,2326,21781385621,9365179,774,D,2350,2320
S*Mellat Bank,20160420,2400,2400,2323,2350,31113112957,13240085,1096,D,2400,2337
S*Mellat Bank,20160419,2390,2406,2340,2400,2.43976E+11,101641225,944,D,2406,2370
S*Mellat Bank,20160418,2430,2440,2378,2406,26053845203,10829233,919,D,2354,2381
S*Mellat Bank,20160417,2281,2390,2260,2354,96724340490,41090213,1605,D,2371,2380
S*Mellat Bank,20160416,2410,2430,2366,2371,56088466209,23658017,1232,D,2490,2366
S*Mellat Bank,20160413,2458,2496,2400,2490,1.09816E+12,440951575,1918,D,2496,2400
S*Mellat Bank,20160412,2484,2548,2450,2496,88845687651,35595688,1679,D,2549,2458
S*Mellat Bank,20160411,2600,2600,2490,2549,73423679729,28799903,1549,D,2525,2520
S*Mellat Bank,20160410,2540,2560,2455,2525,1.25628E+11,49762285,1720,D,2547,2470
S*Mellat Bank,20160409,2597,2597,2500,2547,1.18661E+11,46587708,2483,D,2533,2544
S*Mellat Bank,20160406,0,0,0,2533,0,0,0,D,2533,2540
S*Mellat Bank,20160405,0,0,0,2533,0,0,0,D,2533,2540
S*Mellat Bank,20160404,0,0,0,2533,0,0,0,D,2533,2540
S*Mellat Bank,20160403,2580,2580,2491,2533,96802982913,38211143,2622,D,2572,2540
S*Mellat Bank,20160402,2601,2615,2540,2572,84049740393,32683221,2111,D,2563,2558
S*Mellat Bank,20160330,2510,2609,2510,2563,95390185797,37220601,2585,D,2510,2550
S*Mellat Bank,20160329,2504,2520,2491,2510,63799311592,25419978,1795,D,2508,2514
S*Mellat Bank,20160328,2499,2534,2450,2508,95558777087,38105647,2349,D,2498,2513
S*Mellat Bank,20160327,2501,2556,2451,2498,1.10441E+11,44216051,2822,D,2440,2470
S*Mellat Bank,20160326,2390,2454,2360,2440,35996878530,14755815,845,D,2338,2454
S*Mellat Bank,20160316,2380,2398,2310,2338,94072239298,40228832,2744,D,2377,2355
S*Mellat Bank,20160315,2410,2419,2350,2377,77894325075,32769727,2050,D,2412,2361
S*Mellat Bank,20160314,2440,2445,2390,2412,85226507441,35339204,2679,D,2415,2391
S*Mellat Bank,20160312,2378,2453,2357,2415,1.1162E+11,46219034,2992,D,2365,2410
S*Mellat Bank,20160309,2340,2387,2310,2365,1.21269E+11,51283195,2434,D,2366,2375
S*Mellat Bank,20160308,2429,2430,2326,2366,1.08819E+11,45983662,2689,D,2408,2350
S*Mellat Bank,20160307,2332,2427,2302,2408,2.5276E+11,104951984,5393,D,2312,2399
S*Mellat Bank,20160306,2290,2349,2255,2312,1.51287E+11,65430395,3267,D,2302,2348
S*Mellat Bank,20160305,2330,2340,2282,2302,82727572324,35943327,2665,D,2339,2289
S*Mellat Bank,20160302,2342,2357,2320,2339,69986173155,29926645,1701,D,2354,2329
S*Mellat Bank,20160301,2389,2400,2327,2354,71208915143,30247598,2298,D,2317,2340
S*Mellat Bank,20160229,2330,2348,2265,2317,85320930512,36821805,2481,D,2351,2319
S*Mellat Bank,20160228,2394,2398,2322,2351,90857152274,38647180,2566,D,2389,2330
S*Mellat Bank,20160227,2390,2419,2371,2389,73119727478,30610597,2051,D,2388,2388
S*Mellat Bank,20160224,2390,2410,2360,2388,92546695275,38752041,2349,D,2377,2380
S*Mellat Bank,20160223,2424,2425,2350,2377,98435811864,41412339,2357,D,2422,2382
S*Mellat Bank,20160222,2363,2457,2363,2422,2.03459E+11,84010968,4546,D,2358,2410
S*Mellat Bank,20160221,2427,2428,2324,2358,1.86861E+11,79246984,4665,D,2418,2333
S*Mellat Bank,20160220,2418,2418,2401,2418,1.18793E+12,491308898,13455,D,2303,2418
S*Mellat Bank,20160217,2220,2352,2200,2303,1.59644E+11,69308734,4592,D,2245,2345
S*Mellat Bank,20160216,2300,2304,2210,2245,83173969431,37046265,2406,D,2304,2220
S*Mellat Bank,20160215,2240,2350,2230,2304,1.21368E+11,52668877,3279,D,2241,2285
S*Mellat Bank,20160214,2250,2281,2211,2241,81287927017,36275127,2218,D,2236,2225
S*Mellat Bank,20160213,2328,2328,2187,2236,98589303912,44087993,2890,D,2300,2206
S*Mellat Bank,20160210,2284,2370,2280,2300,2.08557E+11,90686024,4758,D,2400,2280
S*Mellat Bank,20160209,2375,2419,2270,2400,5.39699E+11,224886837,10590,D,2304,2290
S*Mellat Bank,20160208,2270,2322,2251,2304,2.20631E+11,95756964,5697,D,2228,2317
S*Mellat Bank,20160207,2180,2257,2180,2228,1.67846E+11,75333238,4173,D,2172,2225
S*Mellat Bank,20160206,2192,2193,2155,2172,60762966647,27970570,2054,D,2167,2169
S*Mellat Bank,20160203,2188,2188,2150,2167,52938008363,24434385,2008,D,2211,2185
S*Mellat Bank,20160202,2250,2259,2166,2211,75731006271,34249533,2631,D,2227,2178
S*Mellat Bank,20160201,2228,2250,2196,2227,83496783660,37487570,2478,D,2185,2229
S*Mellat Bank,20160131,2233,2235,2165,2185,75456983096,34536481,2333,D,2273,2195
S*Mellat Bank,20160130,2250,2310,2230,2273,1.30934E+11,57603006,3458,D,2251,2237
S*Mellat Bank,20160127,2260,2295,2219,2251,1.34504E+11,59750694,3823,D,2231,2240
S*Mellat Bank,20160126,2190,2280,2190,2231,1.5823E+11,70931526,4092,D,2189,2220
S*Mellat Bank,20160125,2200,2229,2145,2189,1.28867E+11,58874712,3791,D,2230,2219
S*Mellat Bank,20160124,2229,2273,2181,2230,1.44335E+11,64716733,4325,D,2173,2210
S*Mellat Bank,20160123,2120,2185,2103,2173,3.00994E+11,138537472,5711,D,2081,2185
S*Mellat Bank,20160120,2083,2093,2065,2081,75420859949,36247550,2301,D,2080,2070
S*Mellat Bank,20160119,2079,2099,2058,2080,71126640283,34197167,2333,D,2026,2088
S*Mellat Bank,20160118,2035,2074,1971,2026,78413223185,38700278,2512,D,2065,2060
S*Mellat Bank,20160117,2150,2170,2029,2065,2.05466E+11,99481493,5582,D,2135,2030
S*Mellat Bank,20160116,2163,2169,2101,2135,1.75949E+11,82409172,5059,D,2078,2134
S*Mellat Bank,20160113,2035,2095,2020,2078,1.73911E+11,83690735,4659,D,1998,2088
S*Mellat Bank,20160112,1953,2032,1945,1998,1.19531E+11,59826947,3471,D,1940,2020
S*Mellat Bank,20160111,1935,1955,1922,1940,57495670876,29633545,1911,D,1924,1935
S*Mellat Bank,20160110,1933,1942,1911,1924,35049232335,18215619,1200,D,1950,1921
S*Mellat Bank,20160109,1983,1983,1930,1950,43267834819,22193288,1442,D,1954,1933
S*Mellat Bank,20160106,1930,1985,1910,1954,1.23862E+11,63388732,3596,D,1914,1967
S*Mellat Bank,20160105,1906,1927,1898,1914,42411426090,22160161,1400,D,1909,1921
S*Mellat Bank,20160104,1911,1927,1897,1909,20633874312,10810451,935,D,1917,1904
S*Mellat Bank,20160103,1920,1928,1913,1917,12128755845,6326788,530,D,1939,1914
S*Mellat Bank,20160102,1950,1957,1931,1939,22386419939,11547404,680,D,1943,1938
S*Mellat Bank,20151230,1930,1955,1916,1943,84860356196,43670732,2550,D,1943,1950
S*Mellat Bank,20151228,1914,1951,1910,1943,1.0569E+11,54401503,804,D,1937,1911
S*Mellat Bank,20151227,1928,1955,1906,1937,1.23867E+11,63955400,1376,D,1936,1910
S*Mellat Bank,20151226,1904,1939,1903,1936,73222318475,37827220,463,D,1937,1905
S*Mellat Bank,20151223,1927,1948,1900,1937,86066932881,44436017,771,D,1933,1911
S*Mellat Bank,20151222,1908,1944,1899,1933,97322278630,50355032,665,D,1925,1910
S*Mellat Bank,20151221,1900,1930,1894,1925,66927908719,34773729,422,D,1928,1898
S*Mellat Bank,20151220,1910,1936,1886,1928,70303432474,36456544,502,D,1923,1900
S*Mellat Bank,20151219,1942,1945,1880,1923,28747507064,14950077,827,D,1944,1882
S*Mellat Bank,20151216,1940,1951,1925,1944,67180496596,34549541,938,D,1940,1930
S*Mellat Bank,20151215,1923,1949,1915,1940,85925739890,44285085,895,D,1932,1931
S*Mellat Bank,20151214,1902,1937,1902,1932,72063007920,37297625,472,D,1931,1925
S*Mellat Bank,20151213,1910,1938,1892,1931,61616105495,31908295,463,D,1929,1908
S*Mellat Bank,20151209,1892,1937,1892,1929,64068526454,33205633,369,D,1900,1910
S*Mellat Bank,20151208,1911,1911,1890,1900,15211686506,8005525,578,D,1941,1890
S*Mellat Bank,20151207,1931,1951,1908,1941,75931575353,39113566,648,D,1946,1910
S*Mellat Bank,20151206,1901,1958,1901,1946,56024745380,28796418,537,D,1924,1909
S*Mellat Bank,20151205,1938,1938,1907,1924,9804783466,5097494,446,D,1939,1908
S*Mellat Bank,20151201,1920,1943,1902,1939,69111914677,35643307,394,D,1939,1925
S*Mellat Bank,20151130,1908,1947,1891,1939,71880697075,37071938,516,D,1934,1916
S*Mellat Bank,20151129,1939,1949,1890,1934,61206400789,31655555,791,D,1948,1900
S*Mellat Bank,20151128,1942,1958,1909,1948,54434719141,27948737,511,D,1950,1928
S*Mellat Bank,20151125,1930,1958,1918,1950,51499010907,26416399,412,D,1949,1924
S*Mellat Bank,20151124,1926,1959,1925,1949,57247865211,29373672,342,D,1941,1934
S*Mellat Bank,20151123,1940,1940,1925,1941,6761970575,3500686,279,D,1961,1928
S*Mellat Bank,20151122,1925,1972,1920,1961,55589075300,28343181,435,D,1939,1940
S*Mellat Bank,20151121,1925,1947,1920,1939,45522695442,23480858,605,D,1935,1929
S*Mellat Bank,20151118,1949,1949,1927,1935,8463766749,4383909,347,D,1960,1927
S*Mellat Bank,20151117,1950,1967,1936,1960,53469771122,27284435,578,D,1962,1941
S*Mellat Bank,20151116,1959,1976,1938,1962,69722867562,35537974,686,D,1969,1940
S*Mellat Bank,20151115,1950,1978,1935,1969,52453999399,26644984,460,D,1969,1941
S*Mellat Bank,20151114,1973,1980,1945,1969,41476613074,21060181,547,D,1972,1950
S*Mellat Bank,20151111,1980,1989,1950,1972,33101598838,16787502,854,D,1974,1951
S*Mellat Bank,20151110,1988,1992,1957,1974,26813723555,13585637,587,D,1987,1957
S*Mellat Bank,20151109,1985,1997,1951,1987,23387071873,11771870,620,D,1985,1962
S*Mellat Bank,20151108,1962,1996,1955,1985,33173554492,16708872,424,D,1990,1970
S*Mellat Bank,20151107,1986,1999,1966,1990,32276309333,16221716,388,D,1990,1972
S*Mellat Bank,20151104,1970,1999,1960,1990,19223800429,9661164,515,D,1981,1980
S*Mellat Bank,20151103,1990,2000,1954,1981,18470628006,9324160,573,D,1992,1966
S*Mellat Bank,20151102,1999,1999,1977,1992,14818080321,7439352,453,D,1992,1988
S*Mellat Bank,20151101,1999,2005,1975,1992,18423425290,9249842,497,D,1996,1980
S*Mellat Bank,20151031,1984,2010,1976,1996,21200171385,10622156,676,D,1991,1986
S*Mellat Bank,20151028,1999,2010,1966,1991,19711403420,9898445,600,D,1989,1982
S*Mellat Bank,20151027,1970,2018,1961,1989,30623901415,15394018,1014,D,1964,1965
S*Mellat Bank,20151026,1932,2010,1910,1964,47012419712,23937852,1216,D,1940,1968
S*Mellat Bank,20151025,1997,1999,1903,1940,45192051328,23294681,1462,D,1992,1906
S*Mellat Bank,20151021,2003,2025,1970,1992,37942563555,19045164,943,D,2012,1975
S*Mellat Bank,20151020,2019,2038,1985,2012,29986512791,14902910,934,D,2021,1985
S*Mellat Bank,20151019,2030,2050,1977,2021,40274690812,19931989,1436,D,2039,1986
S*Mellat Bank,20151018,2075,2097,1990,2039,66353131321,32542494,2271,D,2026,2001
S*Mellat Bank,20151017,1901,2051,1901,2026,81658423530,40304404,2263,D,1954,2051
S*Mellat Bank,20151014,1944,1985,1930,1954,34768780868,17794246,1084,D,1904,1930
S*Mellat Bank,20151013,1879,1938,1870,1904,20872485479,10960747,595,D,1896,1899
S*Mellat Bank,20151012,1870,1944,1868,1896,19026525957,10032786,580,D,1868,1868
S*Mellat Bank,20151011,1860,1889,1850,1868,19517754399,10446869,737,D,1871,1860
S*Mellat Bank,20151010,1858,1890,1853,1871,14190167008,7584138,571,D,1862,1865
S*Mellat Bank,20151007,1860,1869,1857,1862,11588591476,6222467,469,D,1859,1859
S*Mellat Bank,20151006,1859,1870,1847,1859,24597853057,13234507,758,D,1859,1858
S*Mellat Bank,20151005,1870,1870,1846,1859,16807712607,9042597,573,D,1851,1859
S*Mellat Bank,20151004,1855,1862,1826,1851,29999343690,16210133,1065,D,1845,1862
S*Mellat Bank,20151003,1870,1884,1816,1845,24779022257,13433636,894,D,1882,1856
S*Mellat Bank,20150930,1866,1898,1866,1882,9509158428,5053997,358,D,1898,1875
S*Mellat Bank,20150929,1901,1915,1889,1898,7558962704,3982643,301,D,1899,1897
S*Mellat Bank,20150928,1885,1925,1885,1899,9890097254,5207016,324,D,1899,1901
S*Mellat Bank,20150927,1890,1915,1870,1899,12974335196,6830979,513,D,1892,1899
S*Mellat Bank,20150926,1920,1924,1880,1892,12199349434,6448912,474,D,1910,1885
S*Mellat Bank,20150923,1919,1930,1905,1910,7538380686,3928270,411,D,1884,1915
S*Mellat Bank,20150922,1880,1919,1855,1884,27877684511,14793734,1041,D,1859,1901
S*Mellat Bank,20150921,1888,1900,1827,1859,31492476764,16938410,922,D,1880,1880
S*Mellat Bank,20150920,1940,1948,1859,1880,28505624253,15165454,920,D,1933,1862
S*Mellat Bank,20150919,1930,1959,1919,1933,16173925587,8369150,621,D,1921,1921
S*Mellat Bank,20150916,1911,1938,1911,1921,21396392427,11139932,738,D,1911,1930
S*Mellat Bank,20150915,1945,1978,1890,1911,32943911634,17240963,1140,D,1954,1914
S*Mellat Bank,20150914,1992,1992,1925,1954,20630196621,10557054,966,D,1973,1948
S*Mellat Bank,20150913,2015,2019,1956,1973,19212196714,9739576,857,D,2036,1963
S*Mellat Bank,20150912,2044,2059,2015,2036,15270908865,7498626,525,D,2024,2017
S*Mellat Bank,20150909,2015,2049,2011,2024,22070027665,10906842,711,D,2029,2030
S*Mellat Bank,20150908,2050,2051,2017,2029,12432822567,6127441,422,D,2044,2026
S*Mellat Bank,20150907,2037,2051,2022,2044,60190214699,29445874,583,D,2035,2036
S*Mellat Bank,20150906,2050,2070,2021,2035,19071541293,9369572,645,D,2030,2030
S*Mellat Bank,20150905,2000,2051,2000,2030,39202231283,19315914,1104,D,2000,2047
S*Mellat Bank,20150902,1998,2020,1988,2000,42998789161,21501146,797,D,1997,2001
S*Mellat Bank,20150901,1985,2010,1980,1997,20291914615,10161063,722,D,1981,1982
S*Mellat Bank,20150831,1997,1997,1970,1981,7630223440,3863814,470,D,2003,1970
S*Mellat Bank,20150830,2018,2028,1990,2003,14368577124,7173579,633,D,2007,1990
S*Mellat Bank,20150829,1994,2028,1983,2007,48673809229,24255720,1123,D,1975,2006
S*Mellat Bank,20150826,1970,1991,1959,1975,18405148597,9318635,664,D,1960,1989
S*Mellat Bank,20150825,1981,1997,1940,1960,38963375585,19880192,1277,D,1998,1950
S*Mellat Bank,20150824,2020,2020,1980,1998,18872608090,9444748,802,D,2010,1985
S*Mellat Bank,20150823,2006,2025,2000,2010,22944470993,11415002,652,D,2008,2009
S*Mellat Bank,20150822,2012,2025,2000,2008,24429466206,12167980,933,D,2004,2009
S*Mellat Bank,20150819,2009,2020,1996,2004,64531907945,32204827,1893,D,2024,2010
S*Mellat Bank,20150818,2048,2055,2000,2024,1.01238E+11,50026777,1851,D,2055,2010
S*Mellat Bank,20150817,2061,2070,2042,2055,15702920974,7643066,631,D,2060,2044
S*Mellat Bank,20150816,2069,2090,2046,2060,21170865361,10274736,861,D,2071,2058
S*Mellat Bank,20150815,2072,2095,2041,2071,28199344673,13616861,1006,D,2081,2041
S*Mellat Bank,20150812,2110,2125,2055,2081,51271664448,24633417,1590,D,2122,2078
S*Mellat Bank,20150810,2150,2150,2100,2122,71627263849,33751745,1301,D,2292,2119
S*Mellat Bank,20150809,0,0,0,2292,0,0,0,D,2292,2415
S*Mellat Bank,20150808,0,0,0,2292,0,0,0,D,2292,2415
S*Mellat Bank,20150805,0,0,0,2292,0,0,0,D,2292,2415
S*Mellat Bank,20150804,0,0,0,2292,0,0,0,D,2292,2415
S*Mellat Bank,20150803,0,0,0,2292,0,0,0,D,2292,2415
S*Mellat Bank,20150802,0,0,0,2292,0,0,0,D,2292,2415
S*Mellat Bank,20150801,0,0,0,2292,0,0,0,D,2292,2415
S*Mellat Bank,20150729,0,0,0,2292,0,0,0,D,2292,2415
S*Mellat Bank,20150728,0,0,0,2292,0,0,0,D,2292,2415
S*Mellat Bank,20150727,0,0,0,2292,0,0,0,D,2292,2415
S*Mellat Bank,20150726,0,0,0,2292,0,0,0,D,2292,2415
S*Mellat Bank,20150725,0,0,0,2382,0,0,0,D,2382,2415
S*Mellat Bank,20150722,0,0,0,2382,0,0,0,D,2382,2415
S*Mellat Bank,20150721,0,0,0,2382,0,0,0,D,2382,2415
S*Mellat Bank,20150720,2359,2420,2333,2382,89064087252,37393639,1824,D,2427,2415
S*Mellat Bank,20150719,0,0,0,2427,0,0,0,D,2427,2413
S*Mellat Bank,20150715,2520,2520,2413,2427,1.15586E+11,47617846,2411,D,2539,2413
S*Mellat Bank,20150714,2650,2650,2480,2539,1.57319E+11,61971244,3664,D,2593,2524
S*Mellat Bank,20150713,2550,2630,2542,2593,2.0501E+11,79075092,6173,D,2513,2579
S*Mellat Bank,20150712,2530,2545,2493,2513,57731233717,22969074,1728,D,2480,2510
S*Mellat Bank,20150711,2460,2520,2401,2480,47022921359,18963518,1727,D,2497,2520
S*Mellat Bank,20150707,2480,2529,2471,2497,1.92588E+11,77113352,8596,D,2466,2520
S*Mellat Bank,20150706,2450,2498,2434,2466,86881119773,35226045,3739,D,2465,2470
S*Mellat Bank,20150705,2492,2496,2431,2465,1.01691E+11,41255987,3240,D,2491,2440
S*Mellat Bank,20150704,2419,2523,2411,2491,1.26693E+11,50854780,4396,D,2403,2493
S*Mellat Bank,20150701,2436,2450,2382,2403,52036371887,21650649,1906,D,2412,2385
S*Mellat Bank,20150630,2430,2440,2387,2412,63164596302,26192262,1945,D,2366,2417
S*Mellat Bank,20150629,2322,2395,2322,2366,20933065234,8848030,651,D,2364,2364
S*Mellat Bank,20150628,2371,2440,2338,2364,10393173770,4396715,482,D,2407,2350
S*Mellat Bank,20150627,2400,2430,2360,2407,18402036652,7645519,609,D,2390,2394
S*Mellat Bank,20150624,2400,2411,2350,2390,27704121220,11593591,1079,D,2412,2395
S*Mellat Bank,20150623,2420,2450,2386,2412,53263397120,22078116,1261,D,2375,2402
S*Mellat Bank,20150622,2300,2402,2299,2375,32035359452,13488220,1178,D,2332,2378
S*Mellat Bank,20150621,2300,2360,2294,2332,13480162854,5781028,553,D,2336,2317
S*Mellat Bank,20150620,2399,2399,2294,2336,30810975173,13189283,1100,D,2347,2309
S*Mellat Bank,20150617,2300,2355,2300,2347,86583472554,36892042,2684,D,2243,2355
S*Mellat Bank,20150616,2255,2289,2180,2243,17218800328,7677442,667,D,2203,2289
S*Mellat Bank,20150615,2200,2244,2177,2203,12684354207,5757371,503,D,2230,2199
S*Mellat Bank,20150614,2217,2280,2170,2230,17074282603,7655371,727,D,2212,2171
S*Mellat Bank,20150613,2160,2236,2160,2212,30823478098,13937429,1062,D,2130,2229
S*Mellat Bank,20150610,2080,2164,2075,2130,15336303381,7199742,844,D,2061,2164
S*Mellat Bank,20150609,2075,2092,2021,2061,16386110258,7951848,663,D,2090,2075
S*Mellat Bank,20150608,2139,2139,2051,2090,12447647870,5955587,614,D,2136,2067
S*Mellat Bank,20150607,2158,2158,2121,2136,7805538342,3665734,453,D,2165,2126
S*Mellat Bank,20150606,2190,2190,2112,2165,7671234783,3552595,546,D,2184,2112
S*Mellat Bank,20150602,2198,2198,2178,2184,20602201418,9434044,763,D,2198,2179
S*Mellat Bank,20150601,2189,2205,2186,2198,11981266695,5450103,593,D,2199,2200
S*Mellat Bank,20150531,2210,2223,2188,2199,12163383426,5532390,579,D,2227,2215
S*Mellat Bank,20150530,2203,2235,2202,2227,15104603997,6784008,718,D,2229,2210
S*Mellat Bank,20150527,2205,2240,2205,2229,18584377586,8339282,1127,D,2241,2220
S*Mellat Bank,20150526,2221,2268,2200,2241,23225193382,10363263,1760,D,2253,2201
S*Mellat Bank,20150525,2255,2276,2225,2253,16574481908,7355695,1298,D,2250,2250
S*Mellat Bank,20150524,2230,2270,2211,2250,16160337195,7183701,745,D,2248,2255
S*Mellat Bank,20150523,2310,2310,2210,2248,19595364353,8718305,825,D,2302,2210
S*Mellat Bank,20150520,2320,2320,2280,2302,8058748363,3502672,342,D,2308,2281
S*Mellat Bank,20150519,2300,2330,2290,2308,14228162004,6164410,989,D,2311,2314
S*Mellat Bank,20150518,2338,2338,2280,2311,14257363059,6169564,491,D,2294,2315
S*Mellat Bank,20150517,2348,2348,2244,2294,15553616486,6780042,868,D,2327,2280
S*Mellat Bank,20150513,2329,2370,2290,2327,13252183665,5694060,438,D,2332,2340
S*Mellat Bank,20150512,2320,2369,2290,2332,35737254327,15326788,1152,D,2278,2300
S*Mellat Bank,20150511,2230,2301,2230,2278,19723488364,8659846,740,D,2238,2275
S*Mellat Bank,20150510,2270,2280,2161,2238,21683182205,9688004,1019,D,2237,2230
S*Mellat Bank,20150509,2265,2299,2212,2237,21871373181,9775764,949,D,2304,2220
S*Mellat Bank,20150506,2294,2380,2272,2304,15920463894,6911272,609,D,2292,2290
S*Mellat Bank,20150505,2269,2320,2269,2292,21142997071,9224351,731,D,2268,2278
S*Mellat Bank,20150504,2283,2339,2237,2268,25738356867,11347536,922,D,2330,2238
S*Mellat Bank,20150503,2383,2389,2304,2330,28351758417,12167057,816,D,2400,2304
S*Mellat Bank,20150429,2420,2437,2380,2400,9806623472,4086696,492,D,2398,2388
S*Mellat Bank,20150428,2381,2428,2371,2398,14203253388,5922652,825,D,2382,2394
S*Mellat Bank,20150427,2390,2430,2350,2382,21541473639,9043221,659,D,2433,2383
S*Mellat Bank,20150426,2449,2470,2395,2433,12381399432,5089429,504,D,2439,2424
S*Mellat Bank,20150425,2416,2453,2416,2439,20057029510,8224371,763,D,2411,2423
S*Mellat Bank,20150422,2400,2430,2390,2411,19409663150,8049182,697,D,2377,2413
S*Mellat Bank,20150421,2361,2410,2335,2377,43636728467,18360049,1301,D,2378,2399
S*Mellat Bank,20150420,2440,2450,2356,2378,20193610040,8491842,942,D,2430,2356
S*Mellat Bank,20150419,2400,2474,2380,2430,40178259255,16531092,1499,D,2409,2420
S*Mellat Bank,20150418,2460,2489,2369,2409,59691104644,24774320,1796,D,2467,2390
S*Mellat Bank,20150415,2500,2520,2421,2467,57245900861,23203027,2318,D,2511,2459
S*Mellat Bank,20150414,2514,2540,2492,2511,45921440961,18285316,3079,D,2502,2517
S*Mellat Bank,20150413,2564,2600,2463,2502,1.21012E+11,48368626,3520,D,2564,2500
S*Mellat Bank,20150412,2606,2645,2558,2564,1.26743E+11,49427585,2790,D,2664,2558
S*Mellat Bank,20150411,2650,2729,2600,2664,1.731E+11,64975610,4730,D,2654,2650
S*Mellat Bank,20150408,2530,2663,2530,2654,2.01275E+11,75830040,4041,D,2561,2663
S*Mellat Bank,20150407,2550,2600,2503,2561,1.59775E+11,62378483,4364,D,2528,2570
S*Mellat Bank,20150406,2531,2531,2486,2528,6.94486E+11,274739159,9274,D,2434,2531
S*Mellat Bank,20150405,2434,2434,2434,2434,14650246000,6019000,153,D,2341,2434
S*Mellat Bank,20150404,2345,2345,2345,2341,9947590835,4242043,122,D,2255,2345
S*Mellat Bank,20150331,2176,2294,2176,2255,49647674220,22018160,1618,D,2234,2270
S*Mellat Bank,20150330,2269,2297,2186,2234,55177437270,24696004,1984,D,2277,2229
S*Mellat Bank,20150329,2250,2279,2223,2277,1.53789E+11,67528221,2734,D,2192,2279
S*Mellat Bank,20150328,2169,2240,2145,2192,68928050224,31449320,2218,D,2154,2239
S*Mellat Bank,20150325,2159,2168,2132,2154,15789283269,7331674,556,D,2137,2149
S*Mellat Bank,20150318,2093,2141,2081,2137,1.01776E+11,47631062,6514,D,2059,2140
S*Mellat Bank,20150317,2080,2090,2044,2059,26815969356,13020907,1044,D,2129,2080
S*Mellat Bank,20150316,2169,2169,2090,2129,51990084325,24421057,1839,D,2129,2130
S*Mellat Bank,20150315,2130,2130,2110,2129,97405585499,45753133,2776,D,2049,2130
S*Mellat Bank,20150314,1975,2056,1975,2049,91243861078,44527666,2143,D,1977,2056
S*Mellat Bank,20150311,1965,1998,1955,1977,30806075146,15582298,539,D,1975,1980
S*Mellat Bank,20150310,1968,1985,1941,1975,29772683947,15077908,387,D,1966,1985
S*Mellat Bank,20150309,1940,1979,1940,1966,19216815719,9776094,342,D,1963,1964
S*Mellat Bank,20150308,1975,1975,1939,1963,6931425611,3550106,354,D,1988,1960
S*Mellat Bank,20150307,1953,1990,1933,1988,1.9503E+11,98111436,354,D,1949,1960
S*Mellat Bank,20150304,1969,1969,1932,1949,13407058798,6879277,512,D,1953,1953
S*Mellat Bank,20150303,1950,1960,1930,1953,51142117696,26186314,425,D,1954,1959
S*Mellat Bank,20150302,1947,1980,1930,1954,9882616810,5058167,411,D,1939,1930
S*Mellat Bank,20150301,1965,1965,1919,1939,9266975985,4782397,357,D,1955,1941
S*Mellat Bank,20150228,1945,1970,1930,1955,5597403877,2876903,273,D,1968,1939
S*Mellat Bank,20150225,1955,1965,1945,1968,7140591610,3654107,422,D,2004,1965
S*Mellat Bank,20150224,1976,2017,1950,2004,27332637526,13638431,322,D,1978,1951
S*Mellat Bank,20150223,1999,1999,1953,1978,4219207453,2138711,193,D,1982,1960
S*Mellat Bank,20150222,2016,2017,1955,1982,10349557615,5220766,465,D,2026,1970
S*Mellat Bank,20150221,2000,2042,2000,2026,22484529049,11096847,844,D,1994,2020
S*Mellat Bank,20150218,1980,1980,1949,1994,5456132152,2780534,298,D,2004,1970
S*Mellat Bank,20150217,1999,2020,1960,2004,8175102766,4123121,489,D,2015,1960
S*Mellat Bank,20150216,1991,2028,1976,2015,6571792141,3296994,337,D,2023,2026
S*Mellat Bank,20150215,1990,2039,1990,2023,16933673199,8363767,387,D,2018,2001
S*Mellat Bank,20150214,2014,2038,1985,2018,15152414085,7500085,374,D,2014,1985
S*Mellat Bank,20150210,1988,2028,1963,2014,28886172329,14343490,337,D,1989,1997
S*Mellat Bank,20150209,2030,2031,1951,1989,16466994079,8360575,506,D,2032,1951
S*Mellat Bank,20150208,2025,2026,1993,2032,9829672801,4894848,379,D,2049,2020
S*Mellat Bank,20150207,2069,2070,2030,2049,16869743943,8231477,640,D,2049,2054
S*Mellat Bank,20150204,2044,2070,2040,2049,9900178191,4812166,431,D,2044,2050
S*Mellat Bank,20150203,2064,2064,2032,2044,79643253836,38961581,315,D,2044,2045
S*Mellat Bank,20150202,2040,2078,2035,2044,10733016894,5235889,417,D,2040,2041
S*Mellat Bank,20150201,2050,2080,2001,2040,23158561677,11350063,791,D,2033,2080
S*Mellat Bank,20150131,2005,2076,2005,2033,12956584360,6296879,727,D,2005,2053
S*Mellat Bank,20150128,1980,2049,1970,2005,19298254087,9592742,927,D,1979,2035
S*Mellat Bank,20150127,1937,1995,1918,1979,36850549638,18616639,341,D,1937,1947
S*Mellat Bank,20150126,1940,1950,1905,1937,8269839644,4278941,383,D,1940,1937
S*Mellat Bank,20150125,1940,1976,1916,1940,8504137806,4355819,406,D,1933,1939
S*Mellat Bank,20150124,1960,1964,1885,1933,27116220582,14031611,980,D,1893,1949
S*Mellat Bank,20150121,1940,1940,1843,1893,19509919493,10327765,784,D,1919,1867
S*Mellat Bank,20150120,1919,1950,1880,1919,21032418192,10974286,813,D,1944,1945
S*Mellat Bank,20150119,1930,1950,1907,1944,14713563972,7660091,712,D,1986,1929
S*Mellat Bank,20150118,1990,1997,1945,1986,10378276076,5286975,763,D,2004,1950
S*Mellat Bank,20150117,2000,2035,1971,2004,14411570808,7180181,708,D,2000,2000
S*Mellat Bank,20150114,1970,1990,1956,2000,7478726703,3788944,543,D,2012,1975
S*Mellat Bank,20150113,2045,2046,1946,2012,66271585810,32945557,994,D,2020,1990
S*Mellat Bank,20150112,2014,2026,1957,2020,40190918852,19895200,941,D,1949,2026
S*Mellat Bank,20150111,1999,2000,1925,1949,36658131416,18804163,1038,D,2005,1986
S*Mellat Bank,20150110,2012,2060,1974,2005,30879975695,15397783,1600,D,2056,1974
S*Mellat Bank,20150107,2010,2087,2010,2056,83605762108,40673510,1086,D,2042,2010
S*Mellat Bank,20150106,2060,2100,2006,2042,34605630497,16946910,1027,D,2079,2010
S*Mellat Bank,20150105,2035,2099,2035,2079,12443523946,6019614,446,D,2090,2039
S*Mellat Bank,20150104,2084,2136,2065,2090,11511731535,5522211,442,D,2095,2069
S*Mellat Bank,20150103,2106,2120,2072,2095,8132079064,3897064,299,D,2099,2090
S*Mellat Bank,20141231,2076,2110,2070,2099,6143102388,2954190,344,D,2106,2077
S*Mellat Bank,20141230,2086,2125,2086,2106,23363780385,11094807,582,D,2113,2100
S*Mellat Bank,20141229,2100,2124,2071,2113,64544333013,30548771,1180,D,2117,2124
S*Mellat Bank,20141228,2110,2127,2110,2117,37460274150,17698606,679,D,2116,2116
S*Mellat Bank,20141227,2120,2129,2071,2116,14660484898,6994102,448,D,2144,2123
S*Mellat Bank,20141224,2150,2159,2103,2144,6668021488,3150421,415,D,2154,2114
S*Mellat Bank,20141222,2159,2174,2139,2154,58567629145,27186650,1396,D,2112,2150
S*Mellat Bank,20141220,2098,2160,2089,2112,40638608366,19238526,1251,D,2085,2090
S*Mellat Bank,20141217,2104,2104,2041,2085,27416441080,13147190,898,D,2039,2089
S*Mellat Bank,20141216,2001,2081,2001,2039,15449539300,7490148,694,D,2001,2030
S*Mellat Bank,20141215,2020,2050,2000,2001,91358424498,45654476,1841,D,2083,2000
S*Mellat Bank,20141214,2119,2119,2039,2083,12545463995,6129775,533,D,2121,2043
S*Mellat Bank,20141210,2179,2185,2070,2121,11591532879,5459934,500,D,2120,2080
S*Mellat Bank,20141209,2135,2150,2100,2120,17639058207,8310476,1005,D,2113,2120
S*Mellat Bank,20141208,2115,2123,2056,2113,40949862203,19383029,1107,D,2042,2123
S*Mellat Bank,20141207,2041,2071,2008,2042,17145068589,8444122,991,D,2071,2040
S*Mellat Bank,20141206,2012,2080,2012,2071,43361563572,20941845,1263,D,2057,2060
S*Mellat Bank,20141203,2100,2100,2016,2057,28048413891,13636414,1055,D,2072,2042
S*Mellat Bank,20141202,2089,2135,2058,2072,13970519555,6703031,698,D,2056,2070
S*Mellat Bank,20141201,2050,2130,2008,2056,54084744555,26301606,3036,D,2079,2089
S*Mellat Bank,20141130,2110,2169,2074,2079,90555738485,43565379,4784,D,2160,2074
S*Mellat Bank,20141129,2220,2250,2136,2160,1.20634E+11,55856398,3212,D,2225,2136
S*Mellat Bank,20141126,2225,2225,2225,2225,58241299625,26175865,703,D,2317,2225
S*Mellat Bank,20141125,2317,2317,2317,2317,29026986744,12527832,262,D,2413,2317
S*Mellat Bank,20141124,2370,2426,2350,2413,1.72908E+11,71663029,5920,D,2333,2398
S*Mellat Bank,20141123,2275,2360,2275,2333,79952163272,34275665,2875,D,2270,2300
S*Mellat Bank,20141122,2250,2298,2238,2270,25369442996,11169345,1171,D,2259,2268
S*Mellat Bank,20141119,2269,2279,2222,2259,26654653153,11800464,835,D,2271,2250
S*Mellat Bank,20141118,2270,2300,2244,2271,38670096061,17029836,1033,D,2275,2260
S*Mellat Bank,20141117,2280,2292,2248,2275,41802182608,18375699,1205,D,2248,2265
S*Mellat Bank,20141116,2256,2288,2225,2248,46033553334,20475664,1589,D,2217,2250
S*Mellat Bank,20141115,2253,2255,2204,2217,93418447213,42129169,2571,D,2295,2240
S*Mellat Bank,20141112,2300,2318,2275,2295,58114795308,25322749,1622,D,2308,2285
S*Mellat Bank,20141111,2303,2339,2266,2308,84816843676,36753568,3383,D,2302,2289
S*Mellat Bank,20141110,2281,2330,2271,2302,73757041369,32039015,1974,D,2301,2302
S*Mellat Bank,20141109,2236,2350,2236,2301,90563577224,39358599,2569,D,2290,2301
S*Mellat Bank,20141108,2355,2355,2244,2290,1.04517E+11,45640921,2938,D,2325,2271
S*Mellat Bank,20141105,2270,2338,2251,2325,2.3559E+11,101313763,11140,D,2249,2338
S*Mellat Bank,20141102,2249,2249,2247,2249,7.408E+11,329391008,7142,D,2163,2249
S*Mellat Bank,20141101,2163,2163,2163,2163,25914803502,11980954,252,D,2080,2163
S*Mellat Bank,20141029,0,0,0,2080,0,0,0,D,2080,2060
S*Mellat Bank,20141028,0,0,0,2080,0,0,0,D,2080,2060
S*Mellat Bank,20141027,2080,2103,2051,2080,47714536289,22936154,1601,D,2093,2060
S*Mellat Bank,20141026,2109,2109,2075,2093,40116125166,19162857,1424,D,2109,2080
S*Mellat Bank,20141025,2118,2147,2092,2109,50678371841,24024551,2124,D,2107,2092
S*Mellat Bank,20141022,2089,2111,2065,2107,2.2837E+11,108395092,5236,D,2030,2111
S*Mellat Bank,20141021,2030,2030,2020,2030,4.29535E+11,211593492,6667,D,1952,2030
S*Mellat Bank,20141020,0,0,0,1952,0,0,0,D,1952,1948
S*Mellat Bank,20141019,0,0,0,1952,0,0,0,D,1952,1948
S*Mellat Bank,20141018,0,0,0,1952,0,0,0,D,1952,1948
S*Mellat Bank,20141015,0,0,0,1952,0,0,0,D,1952,1948
S*Mellat Bank,20141014,0,0,0,1952,0,0,0,D,1952,1948
S*Mellat Bank,20141012,0,0,0,1952,0,0,0,D,1952,1948
S*Mellat Bank,20141011,0,0,0,1952,0,0,0,D,1952,1948
S*Mellat Bank,20141008,0,0,0,1952,0,0,0,D,1952,1948
S*Mellat Bank,20141007,0,0,0,1952,0,0,0,D,1952,1948
S*Mellat Bank,20141006,1940,1980,1940,1952,49563409966,25396818,946,D,1936,1948
S*Mellat Bank,20141004,1950,1997,1950,1936,4302478229,2187651,270,D,1929,1960
S*Mellat Bank,20141001,1913,1970,1913,1929,12883034772,6644075,365,D,1917,1933
S*Mellat Bank,20140930,1890,1949,1890,1917,13191037426,6856542,464,D,1909,1920
S*Mellat Bank,20140929,1880,1935,1880,1909,13184882430,6887993,414,D,1902,1890
S*Mellat Bank,20140928,1883,1916,1881,1902,10518743701,5529159,423,D,1902,1885
S*Mellat Bank,20140927,1890,1898,1882,1902,3921947506,2074744,210,D,1905,1895
S*Mellat Bank,20140924,1890,1899,1886,1905,2111738639,1117328,289,D,1907,1891
S*Mellat Bank,20140923,1900,1909,1885,1907,2120266722,1115186,155,D,1908,1901
S*Mellat Bank,20140922,1908,1919,1885,1908,2460148773,1291984,211,D,1909,1906
S*Mellat Bank,20140921,1912,1915,1888,1909,4109110263,2154863,198,D,1909,1910
S*Mellat Bank,20140920,1910,1913,1890,1909,3760475698,1971586,252,D,1909,1910
S*Mellat Bank,20140917,1912,1913,1881,1909,4240833277,2242489,274,D,1913,1896
S*Mellat Bank,20140916,1919,1919,1881,1913,5602780497,2959792,273,D,1920,1899
S*Mellat Bank,20140915,1925,1925,1890,1920,8227514430,4290854,481,D,1922,1910
S*Mellat Bank,20140914,1923,1940,1883,1922,16891340574,8801796,1000,D,1931,1913
S*Mellat Bank,20140913,1925,1932,1910,1931,9156208328,4776795,774,D,1941,1911
S*Mellat Bank,20140910,1940,1947,1910,1941,4976025582,2583438,333,D,1945,1925
S*Mellat Bank,20140909,1969,1969,1930,1945,5436150798,2806930,414,D,1947,1932
S*Mellat Bank,20140908,1930,1985,1915,1947,13518303151,6942801,697,D,1948,1950
S*Mellat Bank,20140907,1950,1955,1918,1948,8274949517,4288099,436,D,1958,1929
S*Mellat Bank,20140906,1960,1980,1940,1958,22700707684,11592390,1203,D,1956,1941
S*Mellat Bank,20140903,1950,1959,1931,1956,16438779057,8437038,552,D,1974,1940
S*Mellat Bank,20140902,1989,1989,1950,1974,10896422405,5572383,1022,D,1991,1960
S*Mellat Bank,20140901,1964,1994,1964,1991,45670429139,22943238,500,D,1994,1971
S*Mellat Bank,20140831,1985,1994,1960,1994,9072494862,4574561,682,D,2001,1970
S*Mellat Bank,20140830,2012,2012,1951,2001,21130729395,10564993,969,D,2011,2000
S*Mellat Bank,20140827,2032,2040,1991,2011,32374244356,16099997,600,D,2065,2011
S*Mellat Bank,20140826,2060,2060,2040,2065,5942352319,2905745,393,D,2072,2050
S*Mellat Bank,20140825,2050,2070,2040,2072,4530127833,2211543,343,D,2077,2042
S*Mellat Bank,20140824,2068,2068,2031,2077,5752136161,2814646,417,D,2087,2041
S*Mellat Bank,20140823,2080,2096,2055,2087,19910771075,9546550,533,D,2092,2070
S*Mellat Bank,20140820,2070,2095,2050,2092,25165154121,12029084,192,D,2090,2060
S*Mellat Bank,20140819,2060,2105,2060,2090,21692085976,10383583,546,D,2093,2060
S*Mellat Bank,20140818,2060,2097,2060,2093,60331487310,28824668,522,D,2083,2086
S*Mellat Bank,20140817,2060,2090,2051,2083,14529899334,7006051,497,D,2096,2070
S*Mellat Bank,20140816,2090,2109,2060,2096,30298035230,14455734,714,D,2107,2061
S*Mellat Bank,20140813,2101,2105,2096,2107,6854951507,3263765,376,D,2110,2100
S*Mellat Bank,20140812,2120,2121,2100,2110,27556996408,13057642,617,D,2100,2100
S*Mellat Bank,20140811,2100,2120,2090,2100,31454849363,14980338,704,D,2100,2102
S*Mellat Bank,20140810,2100,2115,2087,2100,37638258668,17923650,1541,D,2111,2100
S*Mellat Bank,20140809,2129,2129,2092,2111,24547712403,11631749,848,D,2123,2120
S*Mellat Bank,20140806,2119,2150,2100,2123,12071886894,5659753,528,D,2114,2127
S*Mellat Bank,20140805,2124,2148,2090,2114,17973136096,8495366,469,D,2110,2119
S*Mellat Bank,20140804,2118,2129,2090,2110,33343478939,15801674,854,D,2113,2122
S*Mellat Bank,20140803,2100,2120,2081,2113,13379823992,6371547,588,D,2127,2100
S*Mellat Bank,20140802,2149,2149,2101,2127,17473958420,8226781,895,D,2135,2116
S*Mellat Bank,20140728,2140,2143,2111,2135,13017109791,6118896,520,D,2143,2133
S*Mellat Bank,20140727,2151,2151,2118,2143,21115812565,9859131,647,D,2150,2145
S*Mellat Bank,20140726,2179,2179,2136,2150,13840015056,6416916,673,D,2143,2149
S*Mellat Bank,20140723,2140,2175,2131,2143,18983536751,8859534,709,D,2126,2140
S*Mellat Bank,20140722,0,0,0,2126,0,0,0,D,2456,2450
S*Mellat Bank,20140721,0,0,0,2456,0,0,0,D,2456,2450
S*Mellat Bank,20140720,0,0,0,2456,0,0,0,D,2456,2450
S*Mellat Bank,20140716,2429,2489,2410,2456,82430159638,33559610,2377,D,2431,2450
S*Mellat Bank,20140715,2430,2460,2386,2431,53730935594,22104663,1683,D,2374,2410
S*Mellat Bank,20140714,2370,2400,2340,2374,16911840533,7115553,842,D,2369,2400
S*Mellat Bank,20140713,2388,2390,2334,2369,12754692466,5404234,533,D,2377,2379
S*Mellat Bank,20140712,2350,2397,2334,2377,11152611037,4690405,500,D,2376,2369
S*Mellat Bank,20140709,2400,2400,2330,2376,21564676397,9087910,804,D,2385,2378
S*Mellat Bank,20140708,2320,2388,2303,2385,88835963265,37253330,1727,D,2297,2388
S*Mellat Bank,20140707,2280,2350,2279,2297,10779118933,4680850,580,D,2294,2320
S*Mellat Bank,20140706,2332,2346,2250,2294,22227500422,9711332,841,D,2314,2280
S*Mellat Bank,20140705,2270,2318,2250,2314,28037022535,12115865,737,D,2229,2318
S*Mellat Bank,20140702,2279,2289,2256,2229,9773746527,4303491,410,D,2205,2262
S*Mellat Bank,20140701,2130,2256,2130,2205,18443791715,8304786,793,D,2170,2256
S*Mellat Bank,20140630,2152,2201,2091,2170,19809236088,9118295,745,D,2162,2119
S*Mellat Bank,20140629,2180,2230,2137,2162,27832913001,12873818,844,D,2226,2140
S*Mellat Bank,20140628,2202,2250,2179,2226,14963590339,6771482,584,D,2246,2200
S*Mellat Bank,20140625,2243,2260,2200,2246,32993424142,14690785,597,D,2234,2243
S*Mellat Bank,20140624,2230,2249,2200,2234,15754417243,7078852,514,D,2245,2244
S*Mellat Bank,20140623,2259,2277,2198,2245,11100630612,5007394,372,D,2266,2212
S*Mellat Bank,20140622,2282,2282,2231,2266,13318047768,5898696,365,D,2273,2250
S*Mellat Bank,20140621,2300,2300,2260,2273,6425319249,2826907,369,D,2273,2273
S*Mellat Bank,20140618,2270,2325,2250,2273,16703506160,7317998,836,D,2257,2300
S*Mellat Bank,20140617,2240,2287,2232,2257,17404724765,7714554,531,D,2258,2260
S*Mellat Bank,20140616,2240,2298,2239,2258,8442219639,3733007,306,D,2256,2255
S*Mellat Bank,20140615,2240,2245,2200,2256,9590903505,4331394,460,D,2280,2235
S*Mellat Bank,20140614,2297,2297,2242,2280,17247622645,7670343,680,D,2335,2244
S*Mellat Bank,20140611,2292,2319,2285,2335,5852680320,2547473,326,D,2345,2285
S*Mellat Bank,20140610,2349,2349,2291,2345,4266678993,1847307,303,D,2351,2311
S*Mellat Bank,20140609,2370,2378,2310,2351,22574835028,9607501,652,D,2355,2360
S*Mellat Bank,20140608,2299,2388,2280,2355,30528055633,12963225,1006,D,2297,2340
S*Mellat Bank,20140607,2304,2325,2280,2297,14806717059,6434560,534,D,2293,2290
S*Mellat Bank,20140603,2310,2337,2271,2293,30280763574,13205890,929,D,2294,2294
S*Mellat Bank,20140602,2290,2307,2266,2294,21911576958,9548671,736,D,2292,2296
S*Mellat Bank,20140601,2330,2330,2252,2292,18231612653,8014792,837,D,2326,2271
S*Mellat Bank,20140531,2339,2339,2306,2326,17041338350,7366689,744,D,2345,2308
S*Mellat Bank,20140528,2340,2345,2310,2345,12456230180,5357481,920,D,2362,2320
S*Mellat Bank,20140526,2348,2350,2320,2362,11154236527,4767278,823,D,2377,2342
S*Mellat Bank,20140525,2450,2450,2345,2377,42072487830,17701272,859,D,2406,2380
S*Mellat Bank,20140524,2419,2429,2376,2406,16858238218,7028241,668,D,2416,2379
S*Mellat Bank,20140521,2430,2440,2400,2416,24266104207,10020389,1088,D,2385,2420
S*Mellat Bank,20140520,2370,2419,2369,2385,28211527505,11823959,943,D,2343,2405
S*Mellat Bank,20140519,2349,2371,2320,2343,24523790335,10449761,1098,D,2318,2366
S*Mellat Bank,20140518,2305,2350,2280,2318,29747612574,12830887,1119,D,2327,2296
S*Mellat Bank,20140517,2313,2336,2296,2327,20970962199,9076430,941,D,2377,2300
S*Mellat Bank,20140514,2389,2410,2330,2377,39285024085,16526152,1648,D,2380,2390
S*Mellat Bank,20140512,2395,2396,2341,2380,14377340485,6077004,600,D,2395,2373
S*Mellat Bank,20140511,2425,2440,2342,2395,22653026521,9484771,740,D,2421,2399
S*Mellat Bank,20140510,2370,2450,2361,2421,43008360264,17764273,1987,D,2359,2414
S*Mellat Bank,20140507,2365,2369,2350,2359,18767914649,7957523,565,D,2359,2365
S*Mellat Bank,20140506,2350,2400,2330,2359,62375403210,26436527,1238,D,2364,2380
S*Mellat Bank,20140505,2366,2400,2321,2364,26852729757,11358620,828,D,2365,2330
S*Mellat Bank,20140504,2385,2385,2312,2365,14251291902,6076128,588,D,2385,2349
S*Mellat Bank,20140503,2390,2420,2350,2385,12930451940,5437047,497,D,2390,2370
S*Mellat Bank,20140430,2388,2430,2360,2390,13764190937,5755218,499,D,2388,2386
S*Mellat Bank,20140429,2418,2418,2360,2388,19805815069,8338035,709,D,2418,2369
S*Mellat Bank,20140428,2402,2411,2376,2418,15248624204,6380067,585,D,2449,2382
S*Mellat Bank,20140427,2490,2496,2400,2449,29702139058,12130148,1074,D,2447,2400
S*Mellat Bank,20140426,2390,2453,2390,2447,50936709177,20812535,1141,D,2359,2453
S*Mellat Bank,20140423,2379,2387,2342,2359,18629802957,7895316,789,D,2357,2365
S*Mellat Bank,20140422,2356,2410,2348,2357,26173649178,11098878,968,D,2344,2351
S*Mellat Bank,20140421,2350,2382,2330,2344,23982903744,10220880,720,D,2328,2380
S*Mellat Bank,20140420,2374,2375,2333,2328,11478962912,4881915,449,D,2312,2340
S*Mellat Bank,20140419,2356,2356,2255,2312,10032732665,4406513,410,D,2333,2280
S*Mellat Bank,20140416,2367,2380,2330,2333,8651038007,3661468,507,D,2320,2360
S*Mellat Bank,20140415,2333,2375,2300,2320,13480733204,5763292,686,D,2303,2339
S*Mellat Bank,20140414,2270,2350,2260,2303,37248984040,16171583,1453,D,2325,2340
S*Mellat Bank,20140413,2359,2359,2324,2325,52294147142,22493563,1901,D,2420,2325
S*Mellat Bank,20140412,2443,2490,2371,2420,28130584021,11628532,1016,D,2450,2387
S*Mellat Bank,20140409,2495,2495,2409,2450,13919987664,5704127,590,D,2458,2450
S*Mellat Bank,20140408,2496,2496,2410,2458,28234706219,11486605,1042,D,2453,2490
S*Mellat Bank,20140407,2420,2497,2420,2453,26256754603,10702388,1163,D,2452,2497
S*Mellat Bank,20140406,2490,2490,2420,2452,50946844281,20773675,1412,D,2507,2450
S*Mellat Bank,20140405,2540,2540,2480,2507,20099009821,8034576,726,D,2519,2499
S*Mellat Bank,20140331,2520,2552,2510,2519,26771658194,10620568,1425,D,2506,2531
S*Mellat Bank,20140330,2472,2517,2450,2506,25949973212,10342449,3445,D,2488,2514
S*Mellat Bank,20140329,2427,2510,2427,2488,18238796943,7350013,730,D,2498,2471
S*Mellat Bank,20140326,2547,2547,2437,2498,19860637754,7978168,830,D,2516,2482
S*Mellat Bank,20140325,2550,2558,2452,2516,23157606372,9235741,942,D,2544,2481
S*Mellat Bank,20140319,2520,2579,2490,2544,60810394459,23907661,2091,D,2552,2520
S*Mellat Bank,20140318,2598,2599,2500,2552,1.08689E+11,42591592,2099,D,2533,2510
S*Mellat Bank,20140317,2510,2560,2500,2533,61649880153,24342950,2625,D,2490,2530
S*Mellat Bank,20140316,2476,2539,2422,2490,8.44985E+11,339385643,4224,D,2489,2500
S*Mellat Bank,20140315,2498,2500,2427,2489,3.54983E+11,142598655,3667,D,2450,2469
S*Mellat Bank,20140312,2380,2480,2370,2450,5.1543E+11,210379167,3912,D,2385,2450
S*Mellat Bank,20140311,2400,2451,2321,2385,62119190015,26043366,1804,D,2376,2385
S*Mellat Bank,20140310,2300,2409,2270,2376,1.14736E+11,48285908,2927,D,2326,2375
S*Mellat Bank,20140309,2309,2349,2249,2326,48123785495,20690366,2070,D,2324,2326
S*Mellat Bank,20140308,2291,2336,2281,2324,1.42577E+11,61340558,4338,D,2247,2324
S*Mellat Bank,20140305,2247,2247,2204,2247,5.55119E+11,247070866,5097,D,2161,2247
S*Mellat Bank,20140304,2148,2165,2120,2161,45665147383,21128285,1094,D,2082,2165
S*Mellat Bank,20140303,2100,2130,2070,2082,2.26907E+11,109007634,4277,D,2104,2087
S*Mellat Bank,20140302,0,0,0,2104,0,0,0,D,2104,2550
S*Mellat Bank,20140301,0,0,0,2104,0,0,0,D,2104,2550
S*Mellat Bank,20140226,0,0,0,2104,0,0,0,D,2104,2550
S*Mellat Bank,20140225,0,0,0,2104,0,0,0,D,2543,2550
S*Mellat Bank,20140224,0,0,0,2543,0,0,0,D,2543,2550
S*Mellat Bank,20140223,0,0,0,2543,0,0,0,D,2543,2550
S*Mellat Bank,20140222,0,0,0,2543,0,0,0,D,2543,2550
S*Mellat Bank,20140219,0,0,0,2543,0,0,0,D,2543,2550
S*Mellat Bank,20140218,0,0,0,2543,0,0,0,D,2543,2550
S*Mellat Bank,20140217,0,0,0,2543,0,0,0,D,2543,2550
S*Mellat Bank,20140216,0,0,0,2543,0,0,0,D,2543,2550
S*Mellat Bank,20140215,0,0,0,2543,0,0,0,D,2543,2550
S*Mellat Bank,20140212,0,0,0,2543,0,0,0,D,2543,2550
S*Mellat Bank,20140210,2640,2645,2515,2543,60691595426,23863835,2517,D,2619,2550
S*Mellat Bank,20140209,2600,2680,2586,2619,18084806030,6894428,1144,D,2609,2620
S*Mellat Bank,20140208,2650,2710,2540,2609,61981921134,23756742,2039,D,2643,2610
S*Mellat Bank,20140205,2690,2737,2634,2643,48127744436,18210244,1598,D,2743,2737
S*Mellat Bank,20140204,2780,2780,2684,2743,9145239757,3345945,581,D,2748,2730
S*Mellat Bank,20140203,2690,2800,2651,2748,1.75357E+11,63810786,1217,D,2748,2760
S*Mellat Bank,20140202,2835,2835,2737,2748,46431231859,16896652,1876,D,2851,2742
S*Mellat Bank,20140201,2862,2862,2800,2851,1.0783E+11,37816831,3488,D,2752,2800
S*Mellat Bank,20140129,2749,2785,2710,2752,25654719182,9304133,1298,D,2678,2785
S*Mellat Bank,20140128,2669,2679,2629,2678,81621066995,30472954,1444,D,2576,2679
S*Mellat Bank,20140127,2690,2690,2553,2576,38133081631,14802487,1632,D,2659,2609
S*Mellat Bank,20140126,2750,2790,2649,2659,74073064069,27852787,1570,D,2759,2649
S*Mellat Bank,20140125,2770,2810,2705,2759,29493423292,10689897,1113,D,2708,2725
S*Mellat Bank,20140122,2749,2769,2660,2708,22147932562,8213354,874,D,2765,2710
S*Mellat Bank,20140121,2799,2814,2650,2765,29244134225,10575195,1417,D,2706,2700
S*Mellat Bank,20140120,2800,2800,2674,2706,1.06291E+11,39273872,2007,D,2785,2688
S*Mellat Bank,20140118,2829,2838,2750,2785,23106887290,8295933,956,D,2782,2780
S*Mellat Bank,20140115,2805,2840,2750,2782,28266712045,10158994,1077,D,2855,2795
S*Mellat Bank,20140114,2900,2900,2801,2855,60569446802,21217250,3891,D,2836,2820
S*Mellat Bank,20140113,2836,2836,2780,2836,1.95462E+11,68923330,1930,D,2727,2836
S*Mellat Bank,20140112,2810,2850,2719,2727,1.3521E+11,49587401,2111,D,2832,2788
S*Mellat Bank,20140111,2875,2875,2800,2832,41278243612,14574960,1303,D,2800,2843
S*Mellat Bank,20140108,2909,2909,2767,2800,1.02702E+11,36681778,2535,D,2882,2820
S*Mellat Bank,20140107,2945,2945,2851,2882,35785141387,12414816,1357,D,2909,2895
S*Mellat Bank,20140106,2970,2970,2885,2909,33290924825,11443173,1397,D,2951,2900
S*Mellat Bank,20140105,2900,3000,2900,2951,1.69534E+11,57457789,4592,D,2924,2940
S*Mellat Bank,20140104,3005,3029,2881,2924,1.012E+11,34615239,2801,D,2990,2900
S*Mellat Bank,20140101,3040,3040,2953,2990,40172656638,13435640,2359,D,2990,2960
S*Mellat Bank,20131230,2998,3030,2891,2990,67153055524,22461757,1742,D,2993,3000
S*Mellat Bank,20131229,2999,3010,2943,2993,85625575375,28610303,3472,D,2972,2996
S*Mellat Bank,20131228,2981,3010,2940,2972,53707084322,18071261,1795,D,3003,2942
S*Mellat Bank,20131225,3040,3040,2996,3003,1.55999E+11,51955762,6525,D,3051,3035
S*Mellat Bank,20131224,3063,3144,2998,3051,4.76292E+11,156111824,12033,D,3069,3006
S*Mellat Bank,20131222,3169,3169,3052,3069,1.65548E+11,53950032,4215,D,3171,3059
S*Mellat Bank,20131221,3150,3211,3120,3171,55753898380,17583440,2196,D,3098,3147
S*Mellat Bank,20131218,3030,3150,3030,3098,1.6829E+11,54315623,6146,D,3029,3099
S*Mellat Bank,20131217,3005,3090,3001,3029,37044936623,12230615,1161,D,3040,3021
S*Mellat Bank,20131216,3050,3097,2980,3040,50394311010,16578671,1471,D,3003,3020
S*Mellat Bank,20131215,2970,3030,2970,3003,42157029638,14036217,1570,D,2942,3002
S*Mellat Bank,20131214,2910,2997,2910,2942,67989934531,23110825,1571,D,3023,2952
S*Mellat Bank,20131211,3080,3080,2960,3023,72557296701,24004212,2338,D,3001,3030
S*Mellat Bank,20131210,2900,3016,2890,3001,1.30749E+11,43566533,2220,D,2900,3016
S*Mellat Bank,20131209,2900,2938,2864,2900,60697785794,20930976,2010,D,2909,2888
S*Mellat Bank,20131208,2928,2960,2861,2909,53663810021,18448370,1895,D,2924,2871
S*Mellat Bank,20131207,2940,2950,2880,2924,27381603885,9359198,1565,D,2890,2890
S*Mellat Bank,20131204,2900,2959,2856,2890,45069963634,15595775,1577,D,2925,2910
S*Mellat Bank,20131203,2997,3020,2861,2925,63090901003,21568767,2131,D,2975,2910
S*Mellat Bank,20131202,2911,3088,2911,2975,1.28355E+11,43144230,3262,D,3030,2971
S*Mellat Bank,20131201,3089,3089,3005,3030,27717115692,9171568,1025,D,3130,3005
S*Mellat Bank,20131130,3161,3187,3080,3130,2.03783E+11,65102726,4882,D,3099,3100
S*Mellat Bank,20131127,2950,3121,2950,3099,2.09434E+11,67576467,3527,D,3001,3120
S*Mellat Bank,20131126,2970,3110,2940,3001,1.02526E+11,34169200,3050,D,3042,2970
S*Mellat Bank,20131125,3072,3072,2932,3042,4.2898E+11,141026831,8879,D,2954,2965
S*Mellat Bank,20131124,2954,2954,2954,2954,4.38497E+11,148441856,3549,D,2841,2954
S*Mellat Bank,20131123,2815,2845,2740,2841,2.21806E+11,78081594,2256,D,2736,2845
S*Mellat Bank,20131120,2710,2799,2690,2736,54275682057,19840929,1566,D,2697,2730
S*Mellat Bank,20131119,2710,2749,2661,2697,57375302507,21270917,1751,D,2681,2700
S*Mellat Bank,20131118,2580,2725,2580,2681,38092460293,14207619,1270,D,2621,2650
S*Mellat Bank,20131117,2655,2670,2609,2621,54796460866,20908385,1647,D,2717,2610
S*Mellat Bank,20131116,2751,2780,2680,2717,59062600319,21736275,1765,D,2785,2684
S*Mellat Bank,20131112,2798,2830,2726,2785,36620092783,13151312,1335,D,2815,2830
S*Mellat Bank,20131111,2801,2868,2770,2815,65681933770,23336596,1815,D,2831,2780
S*Mellat Bank,20131110,2780,2890,2731,2831,79536746253,28096344,2423,D,2819,2782
S*Mellat Bank,20131109,2819,2819,2815,2819,4.29795E+11,152463734,3904,D,2711,2819
S*Mellat Bank,20131106,2615,2803,2602,2711,80551894802,29712211,2121,D,2696,2720
S*Mellat Bank,20131105,2769,2780,2650,2696,63446957534,23533222,1678,D,2760,2677
S*Mellat Bank,20131104,2730,2801,2681,2760,55881609401,20243616,1517,D,2784,2736
S*Mellat Bank,20131103,2745,2800,2701,2784,1.24367E+11,44678899,3459,D,2693,2719
S*Mellat Bank,20131102,2630,2714,2580,2693,1.18511E+11,44014726,2763,D,2610,2714
S*Mellat Bank,20131030,2650,2650,2568,2610,46064392362,17650874,1647,D,2635,2571
S*Mellat Bank,20131029,2638,2638,2581,2635,2.09208E+11,79402212,3446,D,2537,2613
S*Mellat Bank,20131028,2498,2553,2480,2537,81320783282,32053899,1915,D,2455,2553
S*Mellat Bank,20131027,2539,2539,2413,2455,25084223296,10217561,811,D,2513,2460
S*Mellat Bank,20131026,2509,2514,2490,2513,1.01237E+11,40284127,1960,D,2418,2514
S*Mellat Bank,20131023,2321,2437,2321,2418,43116023693,17829919,1081,D,2344,2437
S*Mellat Bank,20131022,2310,2370,2301,2344,24527970604,10463714,476,D,2362,2370
S*Mellat Bank,20131021,2380,2420,2288,2362,17947951940,7617875,549,D,2383,2375
S*Mellat Bank,20131020,2419,2419,2381,2383,45017869644,18895018,1189,D,2480,2381
S*Mellat Bank,20131019,2484,2484,2400,2480,39956020663,16108185,1078,D,2389,2411
S*Mellat Bank,20131015,2300,2401,2272,2389,73843071157,30911000,1324,D,2309,2401
S*Mellat Bank,20131014,2358,2358,2276,2309,18943017477,8235919,722,D,2350,2280
S*Mellat Bank,20131013,2369,2399,2280,2350,26056012825,11086605,1012,D,2375,2303
S*Mellat Bank,20131012,2396,2396,2334,2375,20351261575,8575619,623,D,2387,2380
S*Mellat Bank,20131009,2380,2410,2344,2387,19677701703,8228257,694,D,2368,2399
S*Mellat Bank,20131008,2340,2400,2320,2368,11859928164,5067655,514,D,2397,2400
S*Mellat Bank,20131007,2361,2480,2350,2397,15038103895,6274772,513,D,2398,2358
S*Mellat Bank,20131006,2404,2404,2331,2398,12308190703,5191454,464,D,2427,2359
S*Mellat Bank,20131005,2411,2411,2370,2427,10761573459,4515988,579,D,2464,2408
S*Mellat Bank,20131002,2470,2522,2390,2464,26737620994,10850242,865,D,2437,2411
S*Mellat Bank,20131001,2401,2465,2400,2437,23433458848,9606804,805,D,2371,2465
S*Mellat Bank,20130930,2380,2399,2370,2371,39100867392,16489079,1018,D,2468,2390
S*Mellat Bank,20130929,2529,2540,2431,2468,51926699578,21036742,1366,D,2532,2431
S*Mellat Bank,20130928,2549,2550,2480,2532,40781806452,16105488,1537,D,2452,2538
S*Mellat Bank,20130925,2400,2497,2370,2452,29554373579,12054002,935,D,2465,2470
S*Mellat Bank,20130924,2535,2535,2431,2465,22964441063,9331526,779,D,2532,2450
S*Mellat Bank,20130923,2500,2560,2467,2532,42543108815,16805050,1610,D,2467,2490
S*Mellat Bank,20130922,2440,2530,2396,2467,45860800806,18592134,1406,D,2495,2449
S*Mellat Bank,20130921,2507,2507,2401,2495,71897341560,28821203,1415,D,2411,2442
S*Mellat Bank,20130918,2350,2420,2330,2411,46239218323,19181115,1070,D,2327,2420
S*Mellat Bank,20130917,2265,2350,2265,2327,21888070014,9389785,716,D,2260,2285
S*Mellat Bank,20130916,2200,2330,2191,2260,32022198447,14166101,862,D,2259,2279
S*Mellat Bank,20130915,2210,2284,2205,2259,32566003645,14413282,1485,D,2197,2205
S*Mellat Bank,20130914,2223,2260,2121,2197,22060049667,10043055,797,D,2185,2220
S*Mellat Bank,20130911,2210,2219,2143,2185,19457544507,8883256,781,D,2139,2183
S*Mellat Bank,20130910,2101,2140,2101,2139,68718163418,32130221,1016,D,2058,2140
S*Mellat Bank,20130909,2099,2099,2000,2058,32505192137,15795206,752,D,2052,2060
S*Mellat Bank,20130908,2051,2100,2051,2052,91441257738,44564991,1917,D,2136,2060
S*Mellat Bank,20130907,2136,2136,2136,2136,22611661824,10585984,272,D,2225,2136
S*Mellat Bank,20130904,2137,2137,2137,2225,307264271,143783,25,D,2226,2137
S*Mellat Bank,20130903,2226,2226,2226,2226,23471400330,10544205,290,D,2318,2226
S*Mellat Bank,20130901,2228,2228,2228,2318,460650140,206755,45,D,2320,2228
S*Mellat Bank,20130831,2229,2229,2229,2320,160936029,72201,31,D,2321,2229
S*Mellat Bank,20130828,2231,2231,2231,2321,546251426,244846,38,D,2323,2231
S*Mellat Bank,20130827,2330,2450,2292,2323,28862089942,12424676,736,D,2387,2292
S*Mellat Bank,20130826,2399,2472,2335,2387,22483619121,9418375,731,D,2392,2360
S*Mellat Bank,20130825,2360,2440,2350,2392,32007966264,13384043,1198,D,2354,2353
S*Mellat Bank,20130824,2340,2400,2252,2354,34197439751,14526914,1251,D,2319,2390
S*Mellat Bank,20130821,2316,2388,2316,2319,1.26949E+11,54752364,2266,D,2412,2316
S*Mellat Bank,20130820,2444,2511,2388,2412,41916639970,17381967,899,D,2487,2388
S*Mellat Bank,20130819,2366,2538,2366,2487,82070519456,33000852,2344,D,2442,2445
S*Mellat Bank,20130818,2570,2570,2430,2442,86433141588,35392008,1593,D,2531,2450
S*Mellat Bank,20130817,2591,2600,2480,2531,1.35928E+11,53695030,4927,D,2502,2500
S*Mellat Bank,20130814,2499,2550,2499,2502,1.36598E+11,54591541,2694,D,2603,2519
S*Mellat Bank,20130813,2648,2665,2470,2603,1.00276E+11,38520100,4008,D,2563,2474
S*Mellat Bank,20130812,2564,2564,2526,2563,1.61835E+11,63150850,2649,D,2466,2564
S*Mellat Bank,20130811,2390,2478,2390,2466,68651711878,27842293,2210,D,2383,2478
S*Mellat Bank,20130807,2301,2388,2301,2383,68807691050,28870118,2099,D,2297,2385
S*Mellat Bank,20130806,2265,2340,2220,2297,71006509834,30911044,2410,D,2266,2320
S*Mellat Bank,20130805,2322,2322,2201,2266,94680760253,41779819,2162,D,2288,2280
S*Mellat Bank,20130804,2236,2321,2200,2288,94660737034,41377485,3129,D,2232,2232
S*Mellat Bank,20130803,2236,2236,2170,2232,1.39006E+11,62273883,2403,D,2150,2236
S*Mellat Bank,20130731,2150,2150,2150,2150,22083393900,10271346,295,D,2068,2150
S*Mellat Bank,20130729,2021,2074,2021,2068,45859151304,22171742,801,D,1995,2074
S*Mellat Bank,20130728,1995,2035,1930,1995,1.13748E+11,57018039,2523,D,1885,2010
S*Mellat Bank,20130727,0,0,0,1885,0,0,0,D,1885,2054
S*Mellat Bank,20130724,0,0,0,1885,0,0,0,D,1885,2054
S*Mellat Bank,20130723,0,0,0,1885,0,0,0,D,1885,2054
S*Mellat Bank,20130722,0,0,0,1885,0,0,0,D,2045,2054
S*Mellat Bank,20130721,0,0,0,2045,0,0,0,D,2045,2054
S*Mellat Bank,20130720,0,0,0,2045,0,0,0,D,2045,2054
S*Mellat Bank,20130717,0,0,0,2045,0,0,0,D,2045,2054
S*Mellat Bank,20130716,0,0,0,2045,0,0,0,D,2045,2054
S*Mellat Bank,20130715,0,0,0,2045,0,0,0,D,2045,2054
S*Mellat Bank,20130714,0,0,0,2045,0,0,0,D,2045,2054
S*Mellat Bank,20130713,0,0,0,2045,0,0,0,D,2045,2054
S*Mellat Bank,20130710,2054,2054,2054,2045,18025180992,8775648,241,D,1975,2054
S*Mellat Bank,20130709,1940,1982,1910,1975,58222336634,29478324,1218,D,1906,1982
S*Mellat Bank,20130708,1812,1910,1812,1906,1.57356E+11,82564997,3497,D,1837,1910
S*Mellat Bank,20130707,1920,1920,1824,1837,1.02247E+11,55669115,2969,D,1900,1845
S*Mellat Bank,20130706,1902,1902,1860,1900,1.30134E+11,68485389,2141,D,1829,1879
S*Mellat Bank,20130703,1829,1829,1829,1829,18143680000,9920000,327,D,1759,1829
S*Mellat Bank,20130702,1730,1799,1704,1759,76814653680,43674231,2027,D,1682,1799
S*Mellat Bank,20130701,0,0,0,1682,0,0,0,D,1682,1720
S*Mellat Bank,20130630,0,0,0,1682,0,0,0,D,1682,1720
S*Mellat Bank,20130629,0,0,0,1682,0,0,0,D,1682,1720
S*Mellat Bank,20130626,1661,1722,1640,1682,43768596243,26017140,1813,D,1691,1720
S*Mellat Bank,20130625,1737,1738,1662,1691,48145584508,28465341,2024,D,1730,1666
S*Mellat Bank,20130623,1731,1731,1700,1730,3.1523E+11,182228452,5966,D,1665,1731
S*Mellat Bank,20130622,1665,1665,1665,1665,51405892650,30874410,692,D,1601,1665
S*Mellat Bank,20130619,1604,1604,1551,1601,83278843743,52027138,2139,D,1543,1604
S*Mellat Bank,20130618,1543,1543,1538,1543,44644820641,28937637,662,D,1484,1543
S*Mellat Bank,20130617,1484,1484,1484,1484,1.0254E+11,69096991,1666,D,1427,1484
S*Mellat Bank,20130616,1427,1427,1427,1427,30932178563,21676369,470,D,1373,1427
S*Mellat Bank,20130615,1340,1373,1340,1373,41153468781,29982200,762,D,1321,1373
S*Mellat Bank,20130612,1330,1330,1310,1321,3457481585,2628423,176,D,1323,1312
S*Mellat Bank,20130611,1329,1329,1321,1323,2444239430,1846012,134,D,1323,1329
S*Mellat Bank,20130610,1305,1330,1305,1323,3294685109,2492554,187,D,1324,1322
S*Mellat Bank,20130609,1328,1328,1318,1324,4184287248,3166302,165,D,1325,1324
S*Mellat Bank,20130608,1328,1332,1320,1325,13545300404,10225598,500,D,1326,1329
S*Mellat Bank,20130603,1320,1340,1302,1326,3775250626,2838416,234,D,1324,1335
S*Mellat Bank,20130602,1330,1333,1317,1324,2103235535,1585711,160,D,1324,1330
S*Mellat Bank,20130601,1330,1333,1302,1324,5082996400,3841366,368,D,1324,1331
S*Mellat Bank,20130529,1320,1330,1316,1324,4153299436,3137436,295,D,1324,1330
S*Mellat Bank,20130528,1339,1339,1310,1324,4690758205,3548523,283,D,1325,1315
S*Mellat Bank,20130527,1322,1330,1320,1325,4508444023,3397944,292,D,1324,1328
S*Mellat Bank,20130526,1329,1339,1311,1324,4210506660,3172458,267,D,1322,1330
S*Mellat Bank,20130525,1311,1338,1310,1322,1474395454,1114233,86,D,1322,1323
S*Mellat Bank,20130522,1330,1334,1302,1322,19701150252,14901156,707,D,1334,1322
S*Mellat Bank,20130521,1330,1343,1329,1334,3321274459,2491719,215,D,1335,1340
S*Mellat Bank,20130520,1338,1350,1315,1335,4103891909,3089654,198,D,1338,1315
S*Mellat Bank,20130519,1351,1374,1310,1338,5658896165,4218366,501,D,1336,1311
S*Mellat Bank,20130518,1340,1375,1330,1336,4245307451,3114571,298,D,1323,1366
S*Mellat Bank,20130515,1301,1338,1301,1323,9913072740,7427392,480,D,1287,1331
S*Mellat Bank,20130514,1296,1329,1296,1287,3167837666,2422796,216,D,1280,1329
S*Mellat Bank,20130513,1291,1316,1291,1280,4105369875,3145546,290,D,1268,1304
S*Mellat Bank,20130512,1261,1307,1261,1268,4374611306,3396089,290,D,1257,1295
S*Mellat Bank,20130511,1251,1270,1251,1257,8942740493,7093937,379,D,1249,1270
S*Mellat Bank,20130508,1249,1255,1249,1249,4071430614,3257734,237,D,1248,1250
S*Mellat Bank,20130507,1248,1255,1247,1248,6150690498,4923923,321,D,1247,1250
S*Mellat Bank,20130506,1246,1250,1239,1247,16718840671,13409648,532,D,1245,1247
S*Mellat Bank,20130505,1240,1255,1235,1245,7183149440,5765241,479,D,1244,1248
S*Mellat Bank,20130504,1239,1280,1239,1244,7319908208,5868617,371,D,1239,1240
S*Mellat Bank,20130501,1238,1240,1237,1239,18104173470,14608117,4236,D,1236,1240
S*Mellat Bank,20130430,1235,1241,1232,1236,6202504525,5012721,299,D,1235,1236
S*Mellat Bank,20130429,1234,1239,1234,1235,4889468010,3956535,280,D,1234,1237
S*Mellat Bank,20130428,1235,1237,1227,1234,9213593174,7466044,342,D,1233,1234
S*Mellat Bank,20130427,1234,1238,1200,1233,7516255634,6096040,314,D,1232,1238
S*Mellat Bank,20130424,1230,1243,1230,1232,3231320812,2618107,206,D,1231,1231
S*Mellat Bank,20130423,1230,1234,1229,1231,4117895793,3345762,225,D,1231,1232
S*Mellat Bank,20130422,1232,1232,1229,1231,3915798404,3182947,274,D,1232,1230
S*Mellat Bank,20130421,1230,1237,1229,1232,7359798381,5981876,399,D,1234,1230
S*Mellat Bank,20130420,1229,1237,1225,1234,6019761047,4878291,475,D,1234,1230
S*Mellat Bank,20130417,1238,1240,1200,1234,15802846246,12803157,1343,D,1238,1232
S*Mellat Bank,20130416,1237,1240,1230,1238,18595035082,15025161,1324,D,1237,1239
S*Mellat Bank,20130415,1238,1239,1234,1237,12080557798,9766152,490,D,1235,1237
S*Mellat Bank,20130413,1235,1239,1230,1235,11007919147,8911129,418,D,1233,1235
S*Mellat Bank,20130410,1238,1238,1229,1233,9372660484,7595989,444,D,1231,1237
S*Mellat Bank,20130409,1232,1241,1229,1231,5891217984,4774946,287,D,1228,1238
S*Mellat Bank,20130408,1229,1240,1223,1228,9886369995,8033889,392,D,1216,1232
S*Mellat Bank,20130407,1234,1234,1195,1216,8701598005,7203533,408,D,1236,1220
S*Mellat Bank,20130406,1242,1269,1230,1236,3467983472,2786773,255,D,1233,1239
S*Mellat Bank,20130403,1200,1241,1194,1233,39579912456,32091809,1051,D,1194,1240
S*Mellat Bank,20130331,1203,1219,1200,1194,1344796632,1115822,203,D,1193,1210
S*Mellat Bank,20130330,1199,1200,1171,1193,12159374320,10193094,664,D,1198,1198
S*Mellat Bank,20130327,1209,1209,1187,1198,2674032431,2234307,274,D,1198,1187
S*Mellat Bank,20130326,1225,1230,1200,1198,976501486,806764,131,D,1197,1206
S*Mellat Bank,20130325,1195,1233,1195,1197,1418260338,1165544,231,D,1194,1221
S*Mellat Bank,20130318,1188,1198,1180,1194,15109616473,12659327,636,D,1189,1194
S*Mellat Bank,20130317,1194,1197,1172,1189,83199368169,69976618,465,D,1194,1180
S*Mellat Bank,20130316,1193,1211,1187,1194,46139851348,38638265,528,D,1193,1195
S*Mellat Bank,20130313,1198,1199,1188,1193,4284653183,3588693,247,D,1193,1194
S*Mellat Bank,20130312,1186,1205,1180,1193,14218974191,11913852,1577,D,1190,1195
S*Mellat Bank,20130311,1190,1194,1185,1190,4735804820,3979749,449,D,1190,1190
S*Mellat Bank,20130310,1190,1200,1190,1190,10984969226,9229645,2010,D,1190,1190
S*Mellat Bank,20130309,1189,1195,1180,1190,12886190298,10828074,859,D,1193,1190
S*Mellat Bank,20130306,1190,1210,1176,1193,10385970584,8739374,1011,D,1225,1190
S*Mellat Bank,20130305,1261,1261,1165,1225,23474462912,19162226,1000,D,1213,1190
S*Mellat Bank,20130304,1174,1218,1172,1213,27164545470,22386003,926,D,1172,1218
S*Mellat Bank,20130303,1170,1178,1153,1172,6568555423,5600784,540,D,1171,1174
S*Mellat Bank,20130302,1180,1180,1153,1171,2840716727,2422061,212,D,1171,1175
S*Mellat Bank,20130227,1178,1180,1142,1171,8111223563,6924041,579,D,1171,1173
S*Mellat Bank,20130226,1170,1188,1157,1171,1966672176,1672071,153,D,1170,1177
S*Mellat Bank,20130225,1140,1175,1140,1170,15085591863,12898942,1631,D,1158,1170
S*Mellat Bank,20130224,1160,1179,1140,1158,22959688182,19821591,2443,D,1160,1150
S*Mellat Bank,20130223,1160,1170,1145,1160,9754723049,8408738,785,D,1158,1165
S*Mellat Bank,20130220,1184,1198,1154,1158,4877443098,4194676,443,D,1154,1158
S*Mellat Bank,20130219,1180,1183,1160,1154,4753790133,4043835,328,D,1139,1173
S*Mellat Bank,20130218,1119,1171,1111,1139,6781464848,5908078,433,D,1126,1163
S*Mellat Bank,20130217,1101,1135,1101,1126,9943399640,8824368,548,D,1119,1127
S*Mellat Bank,20130216,1110,1130,1100,1119,13106790485,11707870,872,D,1110,1117
S*Mellat Bank,20130213,1105,1120,1094,1110,7491971214,6776021,438,D,1119,1103
S*Mellat Bank,20130212,1125,1128,1100,1119,5481700968,4902337,331,D,1119,1100
S*Mellat Bank,20130211,1113,1130,1100,1119,8541060193,7611963,416,D,1110,1105
S*Mellat Bank,20130209,1098,1120,1091,1110,8759442560,7859994,454,D,1095,1118
S*Mellat Bank,20130206,1093,1098,1093,1095,7568976905,6905916,714,D,1093,1096
S*Mellat Bank,20130205,1072,1099,1072,1093,6993203168,6390614,606,D,1091,1095
S*Mellat Bank,20130204,1088,1098,1070,1091,13938701573,12773631,1420,D,1089,1091
S*Mellat Bank,20130203,1088,1100,1060,1089,4781384715,4389547,347,D,1088,1091
S*Mellat Bank,20130202,1099,1100,1085,1088,6020058194,5496792,453,D,1078,1090
S*Mellat Bank,20130130,1079,1080,1070,1078,11704412258,10860265,632,D,1073,1078
S*Mellat Bank,20130128,1066,1085,1054,1073,15989755863,14908045,1238,D,1066,1070
S*Mellat Bank,20130127,1070,1070,1050,1066,25092845765,23540354,1926,D,1059,1065
S*Mellat Bank,20130126,1029,1075,1020,1059,10920284306,10311281,881,D,1041,1053
S*Mellat Bank,20130123,1017,1051,1016,1041,15581439278,14970006,988,D,1015,1038
S*Mellat Bank,20130122,1013,1019,1012,1015,35906570291,35374036,1381,D,1014,1015
S*Mellat Bank,20130121,1010,1018,999,1014,25964770442,25616781,1476,D,1015,1000
S*Mellat Bank,20130120,1011,1017,1008,1015,8870417378,8743479,514,D,1015,1014
S*Mellat Bank,20130119,1016,1020,1010,1015,10658059665,10499212,509,D,1015,1015
S*Mellat Bank,20130116,1015,1019,1010,1015,21261021597,20949677,1774,D,1013,1015
S*Mellat Bank,20130115,1010,1017,1001,1013,14635719688,14443131,1140,D,1015,1015
S*Mellat Bank,20130114,1013,1018,1010,1015,14128503145,13926094,853,D,1015,1015
S*Mellat Bank,20130113,1015,1020,1005,1015,10010042271,9861242,709,D,1014,1013
S*Mellat Bank,20130109,1015,1019,1010,1014,7386432987,7281277,656,D,1013,1015
S*Mellat Bank,20130108,1010,1018,1001,1013,9487868355,9367116,758,D,1010,1013
S*Mellat Bank,20130107,1008,1013,1004,1010,7872151930,7793459,596,D,1008,1010
S*Mellat Bank,20130106,1014,1020,1000,1008,6189729665,6136764,508,D,1006,1009
S*Mellat Bank,20130102,1000,1022,999,1006,5560817070,5521021,534,D,1005,1013
S*Mellat Bank,20130101,1026,1026,999,1005,14051196340,13982959,1095,D,1037,1001
S*Mellat Bank,20121231,1063,1065,1023,1037,18630964026,17972027,1148,D,1065,1025
S*Mellat Bank,20121230,1072,1072,1045,1065,47881854193,44939987,3031,D,1031,1058
S*Mellat Bank,20121229,1004,1045,999,1031,37412136776,36273079,1606,D,1005,1045
S*Mellat Bank,20121226,1000,1020,1000,1005,16288974936,16207018,914,D,1003,1005
S*Mellat Bank,20121225,1003,1009,997,1003,14435730950,14390236,762,D,1005,1006
S*Mellat Bank,20121224,1005,1010,1000,1005,14058999900,13995391,833,D,1005,1000
S*Mellat Bank,20121223,1010,1012,1000,1005,21474412872,21370074,1002,D,1005,1007
S*Mellat Bank,20121222,1009,1015,1001,1005,11370042607,11308290,471,D,1004,1006
S*Mellat Bank,20121219,1008,1010,1000,1004,9618519410,9586368,749,D,1009,1004
S*Mellat Bank,20121218,1006,1011,1001,1009,1.08828E+11,107887080,572,D,1014,1001
S*Mellat Bank,20121217,1020,1020,1002,1014,5818225944,5770854,459,D,1021,1004
S*Mellat Bank,20121216,1026,1030,1000,1021,20809013059,20376512,1381,D,1026,1025
S*Mellat Bank,20121215,1029,1030,1021,1026,4310209472,4199319,314,D,1026,1027
S*Mellat Bank,20121212,1018,1040,1018,1026,10538884254,10272055,850,D,1015,1030
S*Mellat Bank,20121211,1014,1018,1011,1015,15033545616,14806073,1629,D,1011,1015
S*Mellat Bank,20121210,1010,1014,1004,1011,13961218772,13803673,913,D,1010,1013
S*Mellat Bank,20121209,1013,1013,1000,1010,12258657927,12142349,798,D,1007,1009
S*Mellat Bank,20121208,1010,1018,990,1007,7938914187,7892087,599,D,1012,1006
S*Mellat Bank,20121205,1014,1016,1006,1012,11625468182,11490665,654,D,1012,1012
S*Mellat Bank,20121204,1014,1014,1005,1012,18196099352,17987363,746,D,1011,1011
S*Mellat Bank,20121203,1010,1015,1001,1011,10155251835,10048944,564,D,1012,1011
S*Mellat Bank,20121202,1003,1017,999,1012,14395441157,14223856,913,D,1011,1010
S*Mellat Bank,20121201,1017,1019,1001,1011,18931898710,18723260,812,D,1010,1015
S*Mellat Bank,20121128,1013,1020,996,1010,27199813064,26942866,1438,D,1013,1020
S*Mellat Bank,20121127,1010,1020,1003,1013,16370012731,16154020,1436,D,1016,1005
S*Mellat Bank,20121126,1019,1020,1003,1016,4799819431,4733128,565,D,1018,1005
S*Mellat Bank,20121121,1020,1022,1010,1018,8686903231,8537313,575,D,1018,1018
S*Mellat Bank,20121120,1025,1025,1003,1018,22367619987,21982084,1136,D,1022,1010
S*Mellat Bank,20121119,1030,1039,1011,1022,24871681792,24344999,968,D,1016,1020
S*Mellat Bank,20121118,1015,1025,1003,1016,15112744931,14874180,1353,D,1010,1019
S*Mellat Bank,20121117,1015,1015,1001,1010,10435219761,10336385,760,D,1007,1011
S*Mellat Bank,20121114,1010,1017,1000,1007,9654057014,9591180,574,D,1012,1007
S*Mellat Bank,20121113,1020,1020,1005,1012,9325860644,9215689,493,D,1010,1013
S*Mellat Bank,20121112,1013,1015,1000,1010,5565050507,5530958,547,D,1014,1003
S*Mellat Bank,20121111,1015,1019,1003,1014,8301686324,8195273,600,D,1017,1003
S*Mellat Bank,20121110,1020,1020,1016,1017,11496348890,11299065,1508,D,1017,1017
S*Mellat Bank,20121107,1019,1020,1015,1017,17548380723,17248059,1302,D,1017,1017
S*Mellat Bank,20121106,1020,1034,1010,1017,17439302791,17145362,1084,D,1014,1015
S*Mellat Bank,20121105,1028,1028,1000,1014,27878152802,27493938,1757,D,1016,1017
S*Mellat Bank,20121104,1039,1039,1007,1016,21953203706,21602130,1293,D,1032,1023
S*Mellat Bank,20121031,1059,1059,1026,1032,11786065125,11419156,961,D,1059,1029
S*Mellat Bank,20121030,1068,1077,1035,1059,23954331762,22611278,1189,D,1073,1039
S*Mellat Bank,20121029,1072,1090,1050,1073,23947562685,22327694,1637,D,1078,1050
S*Mellat Bank,20121028,1097,1099,1057,1078,15388346749,14279991,1206,D,1072,1059
S*Mellat Bank,20121027,1050,1080,1050,1072,28277933828,26373507,2100,D,1039,1075
S*Mellat Bank,20121024,1044,1045,1035,1039,22849945535,21985184,3094,D,1035,1040
S*Mellat Bank,20121023,1025,1049,1018,1035,28090688581,27131671,1436,D,1026,1032
S*Mellat Bank,20121022,1017,1037,1001,1026,34649069870,33783943,1699,D,1007,1020
S*Mellat Bank,20121021,1032,1032,986,1007,50367774495,50037016,3518,D,1010,1000
S*Mellat Bank,20121020,1022,1025,994,1010,79526144365,78699958,3225,D,926,1000
S*Mellat Bank,20121017,0,0,0,926,0,0,0,D,926,1520
S*Mellat Bank,20121016,0,0,0,926,0,0,0,D,926,1520
S*Mellat Bank,20121015,0,0,0,926,0,0,0,D,926,1520
S*Mellat Bank,20121014,0,0,0,926,0,0,0,D,926,1520
S*Mellat Bank,20121013,0,0,0,926,0,0,0,D,926,1520
S*Mellat Bank,20121010,0,0,0,926,0,0,0,D,926,1520
S*Mellat Bank,20121009,0,0,0,926,0,0,0,D,926,1520
S*Mellat Bank,20121008,0,0,0,926,0,0,0,D,926,1520
S*Mellat Bank,20121007,0,0,0,926,0,0,0,D,926,1520
S*Mellat Bank,20121006,0,0,0,926,0,0,0,D,926,1520
S*Mellat Bank,20121003,0,0,0,926,0,0,0,D,926,1520
S*Mellat Bank,20121002,0,0,0,926,0,0,0,D,926,1520
S*Mellat Bank,20121001,0,0,0,926,0,0,0,D,926,1520
S*Mellat Bank,20120930,0,0,0,926,0,0,0,D,926,1520
S*Mellat Bank,20120929,0,0,0,926,0,0,0,D,926,1520
S*Mellat Bank,20120926,0,0,0,926,0,0,0,D,1533,1520
S*Mellat Bank,20120925,0,0,0,1533,0,0,0,D,1533,1520
S*Mellat Bank,20120924,0,0,0,1533,0,0,0,D,1533,1520
S*Mellat Bank,20120923,0,0,0,1533,0,0,0,D,1533,1520
S*Mellat Bank,20120922,0,0,0,1533,0,0,0,D,1533,1520
S*Mellat Bank,20120919,1504,1540,1490,1533,1.53994E+11,100470354,4424,D,1537,1520
S*Mellat Bank,20120918,1564,1567,1502,1537,50182010805,32644017,1694,D,1564,1502
S*Mellat Bank,20120917,1531,1588,1530,1564,39326187880,25148631,1363,D,1529,1549
S*Mellat Bank,20120916,1550,1557,1502,1529,14647800758,9578338,617,D,1514,1520
S*Mellat Bank,20120915,1514,1514,1514,1514,64584225626,42658009,1133,D,1456,1514
S*Mellat Bank,20120911,1390,1464,1390,1456,31389306088,21561406,888,D,1408,1464
S*Mellat Bank,20120910,1383,1400,1380,1408,4838346845,3467340,240,D,1426,1398
S*Mellat Bank,20120909,1449,1450,1392,1426,4460134170,3174914,215,D,1449,1392
S*Mellat Bank,20120908,1468,1470,1432,1449,6446086037,4433693,294,D,1434,1440
S*Mellat Bank,20120905,1435,1435,1410,1434,20798529824,14507931,543,D,1380,1435
S*Mellat Bank,20120904,1369,1395,1355,1380,9200057577,6664584,304,D,1342,1395
S*Mellat Bank,20120903,1346,1365,1340,1342,2645737159,1951723,192,D,1336,1363
S*Mellat Bank,20120902,1350,1352,1340,1336,1564546697,1164898,106,D,1334,1346
S*Mellat Bank,20120827,1344,1346,1330,1334,2625776141,1958748,151,D,1331,1342
S*Mellat Bank,20120826,1320,1343,1315,1331,10772842659,8096303,367,D,1320,1340
S*Mellat Bank,20120825,1327,1327,1309,1320,15103393541,11443496,356,D,1319,1320
S*Mellat Bank,20120822,1315,1324,1304,1319,6970880536,5283817,218,D,1317,1323
S*Mellat Bank,20120821,1320,1320,1305,1317,3413859396,2590139,294,D,1316,1318
S*Mellat Bank,20120818,1320,1322,1311,1316,2668810227,2023908,312,D,1314,1313
S*Mellat Bank,20120815,1315,1325,1308,1314,3131324112,2377430,268,D,1312,1313
S*Mellat Bank,20120814,1317,1318,1295,1312,3775334831,2877179,320,D,1311,1315
S*Mellat Bank,20120813,1318,1330,1290,1311,3816348088,2908259,253,D,1310,1300
S*Mellat Bank,20120812,1316,1322,1299,1310,4066737512,3108419,310,D,1311,1300
S*Mellat Bank,20120811,1319,1325,1300,1311,2333417553,1785830,205,D,1313,1316
S*Mellat Bank,20120808,1306,1324,1287,1313,9967444207,7591198,401,D,1289,1309
S*Mellat Bank,20120807,1280,1306,1260,1289,9567575640,7420330,382,D,1256,1261
S*Mellat Bank,20120806,1259,1278,1249,1256,6707215404,5345116,365,D,1268,1249
S*Mellat Bank,20120805,1285,1285,1250,1268,7190624339,5671900,424,D,1270,1258
S*Mellat Bank,20120804,1307,1307,1256,1270,13002093182,10239771,746,D,1308,1275
S*Mellat Bank,20120801,1339,1339,1300,1308,8750035062,6690525,462,D,1308,1301
S*Mellat Bank,20120731,1307,1330,1290,1308,8311494862,6356672,443,D,1304,1319
S*Mellat Bank,20120730,1299,1320,1290,1304,12043254663,9234909,618,D,1294,1305
S*Mellat Bank,20120729,1339,1339,1288,1294,8385506464,6480311,628,D,1341,1289
S*Mellat Bank,20120728,1349,1354,1320,1341,13747721132,10254092,789,D,1347,1320
S*Mellat Bank,20120725,1345,1370,1316,1347,18313214140,13598901,765,D,1334,1339
S*Mellat Bank,20120724,1340,1358,1311,1334,10427838453,7818140,593,D,1284,1316
S*Mellat Bank,20120723,0,0,0,1284,0,0,0,D,1284,1525
S*Mellat Bank,20120722,0,0,0,1284,0,0,0,D,1554,1525
S*Mellat Bank,20120721,0,0,0,1554,0,0,0,D,1554,1525
S*Mellat Bank,20120718,0,0,0,1554,0,0,0,D,1554,1525
S*Mellat Bank,20120717,1586,1586,1525,1554,12747444145,8204452,680,D,1573,1525
S*Mellat Bank,20120716,1570,1598,1552,1573,6515328018,4129129,438,D,1562,1563
S*Mellat Bank,20120715,1560,1576,1540,1562,2645922239,1703796,226,D,1566,1557
S*Mellat Bank,20120714,1580,1580,1551,1566,3751491630,2404260,168,D,1570,1555
S*Mellat Bank,20120711,1580,1580,1545,1570,2820890361,1814443,202,D,1576,1551
S*Mellat Bank,20120710,1570,1570,1540,1576,1426943645,917512,162,D,1580,1552
S*Mellat Bank,20120709,1594,1594,1546,1580,966237487,620381,105,D,1583,1553
S*Mellat Bank,20120708,1599,1599,1528,1583,2363966495,1514915,148,D,1591,1550
S*Mellat Bank,20120707,1615,1615,1570,1591,2777534786,1761575,158,D,1597,1570
S*Mellat Bank,20120704,1598,1625,1555,1597,6041010351,3788112,311,D,1601,1602
S*Mellat Bank,20120703,1630,1630,1564,1601,6103617822,3828582,228,D,1613,1570
S*Mellat Bank,20120702,1599,1617,1580,1613,14807732562,9182123,407,D,1555,1617
S*Mellat Bank,20120701,1530,1556,1530,1555,12873743112,8277824,522,D,1497,1556
S*Mellat Bank,20120630,1519,1543,1496,1497,2691970375,1761858,176,D,1484,1543
S*Mellat Bank,20120627,1460,1510,1443,1484,5356128107,3638173,309,D,1503,1510
S*Mellat Bank,20120626,1527,1530,1462,1503,3439001850,2334569,203,D,1522,1462
S*Mellat Bank,20120625,1530,1530,1495,1522,3520819626,2333550,198,D,1531,1521
S*Mellat Bank,20120624,1520,1523,1489,1531,3810573789,2531757,277,D,1550,1523
S*Mellat Bank,20120623,1549,1549,1503,1550,2485590705,1644755,199,D,1565,1503
S*Mellat Bank,20120620,1570,1590,1530,1565,3081655310,1982304,183,D,1570,1531
S*Mellat Bank,20120619,1568,1590,1545,1570,4124253797,2625947,254,D,1569,1572
S*Mellat Bank,20120617,1586,1586,1540,1569,2230796645,1439862,173,D,1575,1550
S*Mellat Bank,20120616,1590,1592,1550,1575,3699579973,2378881,180,D,1588,1550
S*Mellat Bank,20120613,1610,1610,1570,1588,3760086556,2375865,175,D,1591,1588
S*Mellat Bank,20120612,1600,1609,1588,1591,1779639817,1117332,167,D,1590,1594
S*Mellat Bank,20120611,1598,1609,1589,1590,3509259759,2198707,154,D,1587,1590
S*Mellat Bank,20120610,1589,1599,1561,1587,4461537264,2813675,259,D,1589,1590
S*Mellat Bank,20120609,1620,1624,1583,1589,13763981307,8663307,383,D,1648,1583
S*Mellat Bank,20120606,1634,1640,1622,1648,3713312162,2272589,207,D,1656,1634
S*Mellat Bank,20120605,1640,1645,1620,1656,2394344780,1469552,197,D,1665,1637
S*Mellat Bank,20120602,1673,1673,1630,1665,3289504986,2005536,244,D,1678,1630
S*Mellat Bank,20120530,1680,1680,1650,1678,2446734899,1478177,190,D,1685,1670
S*Mellat Bank,20120529,1699,1699,1660,1685,2513644289,1493774,148,D,1686,1664
S*Mellat Bank,20120528,1690,1700,1650,1686,7715780814,4578997,443,D,1688,1698
S*Mellat Bank,20120527,1699,1707,1676,1688,5309638572,3138557,303,D,1684,1677
S*Mellat Bank,20120526,1686,1729,1642,1684,15976199439,9486212,868,D,1710,1690
S*Mellat Bank,20120523,1710,1730,1694,1710,10274446783,6006900,449,D,1692,1714
S*Mellat Bank,20120522,1690,1720,1670,1692,7154969839,4224589,415,D,1687,1675
S*Mellat Bank,20120521,1650,1693,1649,1687,22873874859,13555153,839,D,1628,1689
S*Mellat Bank,20120520,1617,1650,1606,1628,12729675227,7820429,504,D,1601,1650
S*Mellat Bank,20120519,1607,1628,1583,1601,3907328079,2432717,258,D,1598,1608
S*Mellat Bank,20120516,1599,1610,1570,1598,4068739323,2551213,278,D,1600,1610
S*Mellat Bank,20120515,1613,1613,1590,1600,7356703381,4610067,298,D,1614,1599
S*Mellat Bank,20120514,1617,1617,1599,1614,2553748870,1589789,268,D,1617,1609
S*Mellat Bank,20120513,1620,1624,1591,1617,4183649707,2594852,246,D,1621,1619
S*Mellat Bank,20120512,1626,1638,1589,1621,5673023685,3517190,253,D,1633,1620
S*Mellat Bank,20120509,1649,1649,1620,1633,7148823236,4378380,408,D,1632,1625
S*Mellat Bank,20120508,1650,1650,1627,1632,6253748079,3833161,353,D,1633,1630
S*Mellat Bank,20120507,1625,1665,1625,1633,5887512559,3581585,432,D,1616,1649
S*Mellat Bank,20120506,1646,1646,1600,1616,8211608957,5081529,384,D,1617,1619
S*Mellat Bank,20120505,1584,1623,1584,1617,20701918692,12799523,971,D,1561,1623
S*Mellat Bank,20120502,1563,1584,1550,1561,6242673888,3985120,427,D,1551,1579
S*Mellat Bank,20120501,1558,1560,1546,1551,7934154259,5117878,364,D,1555,1555
S*Mellat Bank,20120430,1562,1562,1540,1555,2803751514,1812395,199,D,1559,1557
S*Mellat Bank,20120429,1567,1567,1538,1559,16717246119,10722253,309,D,1554,1552
S*Mellat Bank,20120428,1563,1563,1533,1554,4657129862,3010117,271,D,1561,1533
S*Mellat Bank,20120424,1570,1573,1541,1561,3520843787,2259691,178,D,1563,1549
S*Mellat Bank,20120423,1585,1585,1520,1563,3420909628,2225485,276,D,1579,1530
S*Mellat Bank,20120422,1580,1600,1579,1579,5526531721,3483098,274,D,1568,1579
S*Mellat Bank,20120421,1571,1587,1551,1568,6110030282,3892772,246,D,1565,1577
S*Mellat Bank,20120418,1598,1624,1537,1565,15437571615,9862990,853,D,1601,1560
S*Mellat Bank,20120417,1601,1615,1571,1601,7313257958,4592771,370,D,1628,1600
S*Mellat Bank,20120416,1647,1647,1580,1628,41824335513,25683565,1435,D,1584,1620
S*Mellat Bank,20120415,1584,1584,1584,1584,9899428176,6249639,188,D,1524,1584
S*Mellat Bank,20120414,1515,1527,1500,1524,24413372926,16023896,936,D,1469,1527
S*Mellat Bank,20120411,1440,1483,1440,1469,11162454617,7597747,387,D,1426,1483
S*Mellat Bank,20120410,1440,1441,1413,1426,9712337221,6811362,460,D,1424,1420
S*Mellat Bank,20120409,1458,1458,1413,1424,19506562112,13702624,936,D,1459,1420
S*Mellat Bank,20120408,1470,1470,1435,1459,4051957545,2795618,244,D,1468,1440
S*Mellat Bank,20120407,1494,1494,1440,1468,5360594761,3694030,305,D,1494,1450
S*Mellat Bank,20120404,1490,1490,1479,1494,5525400012,3731713,202,D,1516,1480
S*Mellat Bank,20120403,1549,1549,1495,1516,7164915054,4760002,418,D,1557,1495
S*Mellat Bank,20120402,1542,1557,1525,1557,3288773698,2128367,163,D,1564,1525
S*Mellat Bank,20120328,1579,1579,1545,1564,6580780685,4216959,246,D,1571,1550
S*Mellat Bank,20120327,1561,1569,1544,1571,3525919957,2267347,242,D,1581,1560
S*Mellat Bank,20120326,1597,1597,1549,1581,3777830789,2386624,189,D,1579,1561
S*Mellat Bank,20120325,1637,1637,1543,1579,2923647357,1852800,191,D,1580,1566
S*Mellat Bank,20120324,1575,1623,1551,1580,3344569033,2068384,214,D,1561,1599
S*Mellat Bank,20120318,1546,1590,1545,1561,14585082316,9341558,505,D,1529,1550
S*Mellat Bank,20120317,1531,1531,1503,1529,6450326697,4239561,327,D,1548,1527
S*Mellat Bank,20120314,1581,1581,1530,1548,11456336361,7398683,569,D,1585,1530
S*Mellat Bank,20120313,1600,1600,1544,1585,5681132116,3584256,133,D,1583,1565
S*Mellat Bank,20120312,0,0,0,1583,0,0,0,D,1583,1550
S*Mellat Bank,20120311,0,0,0,1583,0,0,0,D,1583,1550
S*Mellat Bank,20120310,0,0,0,1583,0,0,0,D,1583,1550
S*Mellat Bank,20120307,0,0,0,1583,0,0,0,D,1583,1550
S*Mellat Bank,20120306,1587,1587,1550,1583,2691633837,1725342,148,D,1592,1550
S*Mellat Bank,20120305,1597,1597,1568,1592,11614215046,7296017,200,D,1593,1572
S*Mellat Bank,20120304,1599,1599,1577,1593,10088928496,6333104,324,D,1593,1584
S*Mellat Bank,20120303,1600,1600,1567,1593,11886241013,7462771,381,D,1589,1590
S*Mellat Bank,20120229,1580,1595,1560,1589,11074302072,6970548,286,D,1589,1595
S*Mellat Bank,20120228,1590,1600,1570,1589,6717795724,4241357,281,D,1601,1586
S*Mellat Bank,20120227,1600,1619,1580,1601,1687521821,1063451,134,D,1604,1590
S*Mellat Bank,20120226,1622,1622,1570,1604,1.05607E+11,65822069,265,D,1599,1581
S*Mellat Bank,20120225,1634,1634,1595,1599,2.97397E+11,185989116,198,D,1598,1599
S*Mellat Bank,20120222,1618,1620,1600,1598,2997114115,1861851,174,D,1593,1611
S*Mellat Bank,20120221,1579,1630,1560,1593,7134562153,4460337,363,D,1575,1605
S*Mellat Bank,20120220,1591,1591,1558,1575,8006285777,5095623,346,D,1596,1571
S*Mellat Bank,20120219,1604,1604,1575,1596,4305338733,2712312,209,D,1604,1586
S*Mellat Bank,20120218,1650,1650,1581,1604,6724756577,4201460,223,D,1611,1600
S*Mellat Bank,20120215,1634,1634,1580,1611,6249253486,3901943,283,D,1629,1601
S*Mellat Bank,20120214,1670,1670,1615,1629,8820393095,5433531,610,D,1682,1630
S*Mellat Bank,20120213,1715,1715,1636,1682,5883344197,3515252,259,D,1694,1670
S*Mellat Bank,20120212,1697,1698,1670,1694,5145481690,3047406,228,D,1699,1682
S*Mellat Bank,20120208,1700,1720,1660,1699,8032722520,4743502,385,D,1719,1680
S*Mellat Bank,20120207,1713,1730,1700,1719,22291074179,12967387,846,D,1736,1720
S*Mellat Bank,20120206,1748,1754,1710,1736,26367034778,15187580,737,D,1793,1715
S*Mellat Bank,20120205,0,0,0,1793,0,0,0,D,2242,2239
S*Mellat Bank,20120204,0,0,0,2242,0,0,0,D,2242,2239
S*Mellat Bank,20120201,0,0,0,2242,0,0,0,D,2242,2239
S*Mellat Bank,20120131,0,0,0,2242,0,0,0,D,2242,2239
S*Mellat Bank,20120130,0,0,0,2242,0,0,0,D,2242,2239
S*Mellat Bank,20120129,0,0,0,2242,0,0,0,D,2242,2239
S*Mellat Bank,20120128,0,0,0,2242,0,0,0,D,2242,2239
S*Mellat Bank,20120125,2215,2289,2215,2242,35772399856,15954141,2018,D,2234,2239
S*Mellat Bank,20120123,2270,2270,2207,2234,7105784597,3199704,344,D,2259,2225
S*Mellat Bank,20120121,2232,2290,2230,2259,15191666443,6724449,510,D,2225,2288
S*Mellat Bank,20120118,2200,2259,2190,2225,12311326509,5532753,410,D,2178,2229
S*Mellat Bank,20120117,2188,2219,2173,2178,15661642723,7189348,586,D,2263,2180
S*Mellat Bank,20120116,2262,2280,2248,2263,87277164138,38564863,519,D,2232,2249
S*Mellat Bank,20120115,2290,2295,2228,2232,3.73556E+11,167360039,849,D,2269,2244
S*Mellat Bank,20120111,2269,2269,2268,2269,1.25804E+11,55444709,1419,D,2182,2269
S*Mellat Bank,20120110,2190,2199,2175,2182,7861335150,3606744,368,D,2189,2175
S*Mellat Bank,20120109,2155,2210,2155,2189,22551054256,10303957,893,D,2160,2190
S*Mellat Bank,20120108,2150,2180,2140,2160,2.03464E+11,94188565,396,D,2181,2168
S*Mellat Bank,20120107,2180,2218,2165,2181,32442186527,14872430,1006,D,2145,2174
S*Mellat Bank,20120104,2080,2147,2080,2145,1.20966E+11,56396493,1137,D,2065,2147
S*Mellat Bank,20120103,2060,2085,2060,2065,8378914418,4049344,327,D,2043,2085
S*Mellat Bank,20120102,2050,2060,2040,2043,4736358278,2317025,328,D,2042,2050
S*Mellat Bank,20120101,2050,2069,2039,2042,6404708753,3136483,418,D,2042,2048
S*Mellat Bank,20111231,2049,2049,2038,2042,6152469540,3013833,469,D,2042,2043
S*Mellat Bank,20111228,2073,2073,2040,2042,4915989139,2407565,395,D,2043,2040
S*Mellat Bank,20111227,2048,2077,2038,2043,2756544220,1345812,268,D,2041,2045
S*Mellat Bank,20111226,2039,2048,2030,2041,6497224246,3189366,303,D,2049,2033
S*Mellat Bank,20111225,2060,2060,2039,2049,2613946502,1278181,244,D,2051,2040
S*Mellat Bank,20111224,2040,2079,2040,2051,1573669229,769364,219,D,2052,2050
S*Mellat Bank,20111221,2022,2070,2022,2052,7756290928,3777351,607,D,2049,2070
S*Mellat Bank,20111220,2015,2047,2015,2049,2710444163,1334777,208,D,2056,2039
S*Mellat Bank,20111219,2055,2069,2030,2056,4429498665,2159761,285,D,2061,2050
S*Mellat Bank,20111218,2060,2062,2030,2061,4371291080,2133228,331,D,2070,2049
S*Mellat Bank,20111217,2070,2076,2030,2070,2203662099,1075628,178,D,2076,2030
S*Mellat Bank,20111214,2079,2079,2051,2076,1508851239,732817,92,D,2079,2065
S*Mellat Bank,20111213,2108,2108,2070,2079,3273855870,1572623,161,D,2078,2076
S*Mellat Bank,20111212,2040,2098,2039,2078,2282976828,1099381,156,D,2079,2080
S*Mellat Bank,20111211,2100,2100,2031,2079,1697637375,832593,104,D,2087,2041
S*Mellat Bank,20111210,2105,2130,2050,2087,5063701354,2416929,232,D,2079,2090
S*Mellat Bank,20111207,2110,2120,2080,2079,5517964515,2612211,149,D,2039,2120
S*Mellat Bank,20111204,2015,2092,2015,2039,4582759393,2214946,216,D,2014,2085
S*Mellat Bank,20111203,2011,2030,2000,2014,3276722929,1621514,178,D,2011,2024
S*Mellat Bank,20111130,1998,2039,1970,2011,5542504627,2758852,234,D,2013,1991
S*Mellat Bank,20111129,2018,2050,2000,2013,7043658822,3483867,256,D,1991,2010
S*Mellat Bank,20111128,1990,2014,1935,1991,13901753475,6980584,608,D,1985,2013
S*Mellat Bank,20111127,2049,2049,1969,1985,26074408758,13135118,628,D,2051,1969
S*Mellat Bank,20111126,2050,2079,2044,2051,13467190065,6566811,455,D,2050,2050
S*Mellat Bank,20111123,2061,2070,2030,2050,10763048296,5249421,311,D,2086,2059
S*Mellat Bank,20111122,2140,2140,2061,2086,11171844710,5356607,628,D,2146,2080
S*Mellat Bank,20111121,2133,2156,2126,2146,9361587910,4363621,252,D,2150,2132
S*Mellat Bank,20111120,2152,2169,2130,2150,3906111011,1820024,159,D,2152,2144
S*Mellat Bank,20111119,2124,2173,2124,2152,52672195906,24470905,203,D,2147,2173
S*Mellat Bank,20111116,2150,2150,2128,2147,2053057378,961077,91,D,2150,2129
S*Mellat Bank,20111114,2139,2180,2121,2150,6201540395,2875282,153,D,2140,2159
S*Mellat Bank,20111113,2149,2165,2110,2140,5417082337,2545077,166,D,2152,2138
S*Mellat Bank,20111112,2184,2184,2130,2152,4603665610,2122572,190,D,2138,2155
S*Mellat Bank,20111109,2101,2190,2101,2138,4571189559,2125473,163,D,2128,2180
S*Mellat Bank,20111108,2112,2140,2111,2128,8853372174,4181857,263,D,2198,2135
S*Mellat Bank,20111106,2211,2211,2171,2198,8634144548,3945511,399,D,2243,2182
S*Mellat Bank,20111105,2272,2272,2213,2243,1600534626,720565,96,D,2247,2225
S*Mellat Bank,20111102,2246,2297,2245,2247,4840571014,2132749,240,D,2228,2245
S*Mellat Bank,20111101,2209,2249,2209,2228,3846991735,1729236,213,D,2230,2246
S*Mellat Bank,20111031,2220,2229,2208,2230,3595842244,1622976,227,D,2237,2220
S*Mellat Bank,20111030,2223,2238,2210,2237,4449897091,2002403,292,D,2248,2220
S*Mellat Bank,20111029,2230,2244,2212,2248,2002968313,897050,117,D,2252,2238
S*Mellat Bank,20111026,2250,2250,2210,2252,5297662161,2362600,302,D,2261,2230
S*Mellat Bank,20111025,2248,2258,2240,2261,3838076633,1707566,206,D,2268,2250
S*Mellat Bank,20111024,2279,2279,2227,2268,5812252912,2593110,344,D,2300,2249
S*Mellat Bank,20111023,2320,2320,2281,2300,2844596941,1242015,168,D,2303,2281
S*Mellat Bank,20111022,2293,2350,2286,2303,10675744823,4634498,276,D,2291,2300
S*Mellat Bank,20111019,2330,2358,2277,2291,26835336824,11712684,436,D,2274,2293
S*Mellat Bank,20111018,2284,2348,2265,2274,15206248686,6685676,208,D,2307,2333
S*Mellat Bank,20111017,2298,2298,2260,2307,2974380637,1306035,145,D,2318,2275
S*Mellat Bank,20111016,2330,2330,2276,2318,6585304791,2884268,292,D,2370,2290
S*Mellat Bank,20111015,2367,2380,2290,2370,3525408670,1508712,202,D,2385,2331
S*Mellat Bank,20111012,2392,2392,2371,2385,7146406902,3005283,269,D,2396,2371
S*Mellat Bank,20111011,2396,2410,2387,2396,8038885154,3354714,178,D,2396,2391
S*Mellat Bank,20111010,2400,2430,2370,2396,11359844801,4742021,345,D,2404,2370
S*Mellat Bank,20111009,2400,2440,2380,2404,3766812566,1565063,179,D,2402,2396
S*Mellat Bank,20111008,2400,2450,2400,2402,7151156661,2958593,239,D,2377,2429
S*Mellat Bank,20111005,2367,2405,2363,2377,5154873675,2158508,206,D,2367,2400
S*Mellat Bank,20111004,2350,2380,2350,2367,4099250823,1732727,158,D,2368,2378
S*Mellat Bank,20111003,2353,2370,2350,2368,4788495291,2032095,186,D,2377,2358
S*Mellat Bank,20111002,2360,2370,2357,2377,2923995358,1238244,144,D,2382,2370
S*Mellat Bank,20111001,2380,2390,2360,2382,3882401588,1642761,209,D,2392,2380
S*Mellat Bank,20110928,2400,2405,2380,2392,11598346621,4847882,261,D,2405,2400
S*Mellat Bank,20110927,2400,2419,2399,2405,3795442556,1577342,162,D,2405,2410
S*Mellat Bank,20110926,2439,2439,2388,2405,17412313486,7240717,260,D,2407,2388
S*Mellat Bank,20110925,2412,2443,2390,2407,8914732277,3696758,249,D,2393,2415
S*Mellat Bank,20110921,2363,2435,2363,2393,10817171485,4516877,358,D,2363,2430
S*Mellat Bank,20110920,2390,2393,2360,2363,21166560812,8957405,215,D,2357,2370
S*Mellat Bank,20110919,2349,2370,2345,2357,14542229904,6169239,250,D,2361,2370
S*Mellat Bank,20110918,2351,2370,2346,2361,12721276032,5389113,286,D,2351,2355
S*Mellat Bank,20110917,2359,2380,2330,2351,31451227782,13375610,233,D,2372,2345
S*Mellat Bank,20110914,2381,2397,2357,2372,7629946175,3223591,252,D,2382,2360
S*Mellat Bank,20110913,2391,2400,2375,2382,30272790744,12710053,229,D,2395,2380
S*Mellat Bank,20110912,2410,2415,2381,2395,13502153106,5637399,448,D,2451,2415
S*Mellat Bank,20110911,2456,2479,2428,2451,10263258765,4187785,310,D,2454,2435
S*Mellat Bank,20110910,2473,2498,2420,2454,14693359040,5987492,539,D,2508,2450
S*Mellat Bank,20110907,2540,2540,2473,2508,82578515394,32926921,785,D,2443,2479
S*Mellat Bank,20110906,2381,2450,2381,2443,27154761477,11113158,580,D,2356,2450
S*Mellat Bank,20110905,2358,2398,2341,2356,94631105705,40165338,372,D,2349,2398
S*Mellat Bank,20110904,2370,2379,2320,2349,24059699110,10240351,594,D,2333,2345
S*Mellat Bank,20110903,2253,2338,2253,2333,39689769086,17010341,869,D,2249,2338
S*Mellat Bank,20110831,0,0,0,2249,0,0,0,D,2249,2270
S*Mellat Bank,20110830,2222,2286,2222,2249,18167825554,8078706,454,D,2213,2270
S*Mellat Bank,20110829,2210,2239,2204,2213,4829247564,2180702,203,D,2211,2223
S*Mellat Bank,20110828,2211,2219,2201,2211,6078026021,2754250,233,D,2217,2206
S*Mellat Bank,20110827,2210,2220,2204,2217,3889490101,1760500,173,D,2222,2220
S*Mellat Bank,20110824,2240,2250,2200,2222,6907670837,3113363,199,D,2227,2221
S*Mellat Bank,20110823,2205,2250,2205,2227,6040168225,2705155,203,D,2220,2240
S*Mellat Bank,20110821,2203,2233,2200,2220,6177228760,2792672,215,D,2231,2233
S*Mellat Bank,20110820,2258,2258,2196,2231,3947509751,1787123,181,D,2244,2235
S*Mellat Bank,20110817,2223,2280,2200,2244,22045290802,9823556,400,D,2208,2250
S*Mellat Bank,20110816,2200,2228,2190,2208,7153696365,3251860,296,D,2226,2212
S*Mellat Bank,20110815,2239,2239,2190,2226,6385463497,2902001,347,D,2265,2211
S*Mellat Bank,20110814,2279,2300,2190,2265,18513190891,8172849,575,D,2219,2200
S*Mellat Bank,20110813,2140,2226,2140,2219,23226892725,10469172,727,D,2141,2226
S*Mellat Bank,20110810,2141,2157,2130,2141,5622458925,2631998,236,D,2147,2130
S*Mellat Bank,20110809,2167,2167,2130,2147,7833120798,3661461,371,D,2172,2130
S*Mellat Bank,20110808,2149,2200,2147,2172,10624262935,4891478,306,D,2147,2173
S*Mellat Bank,20110807,2149,2149,2140,2147,6506892307,3032019,159,D,2148,2143
S*Mellat Bank,20110806,2150,2150,2135,2148,7143792347,3327386,209,D,2150,2150
S*Mellat Bank,20110803,2129,2168,2129,2150,8280592230,3844396,313,D,2134,2147
S*Mellat Bank,20110802,2140,2140,2126,2134,5220677698,2450984,136,D,2139,2130
S*Mellat Bank,20110801,2115,2145,2115,2139,2820542042,1324192,110,D,2142,2130
S*Mellat Bank,20110731,2121,2149,2119,2142,3202234905,1502205,130,D,2146,2120
S*Mellat Bank,20110730,2150,2150,2115,2146,2424614544,1142016,130,D,2153,2115
S*Mellat Bank,20110727,2136,2180,2135,2153,3759756929,1744735,185,D,2152,2150
S*Mellat Bank,20110726,2140,2151,2114,2152,4334551573,2031719,177,D,2166,2135
S*Mellat Bank,20110725,2191,2191,2125,2166,4800465114,2231619,232,D,2179,2125
S*Mellat Bank,20110724,2179,2179,2179,2179,77659560,35640,8,D,2266,2179
S*Mellat Bank,20110723,0,0,0,2266,0,0,0,D,2266,2255
S*Mellat Bank,20110720,0,0,0,2266,0,0,0,D,2266,2255
S*Mellat Bank,20110719,2270,2277,2251,2266,32572113079,14376980,915,D,2247,2255
S*Mellat Bank,20110718,2243,2297,2227,2247,21917319041,9754849,513,D,2226,2270
S*Mellat Bank,20110716,2240,2250,2200,2226,37298916573,16754511,1008,D,2195,2240
S*Mellat Bank,20110713,2190,2230,2170,2195,16238544980,7397267,291,D,2166,2230
S*Mellat Bank,20110712,2170,2170,2160,2166,7736593977,3575426,170,D,2171,2166
S*Mellat Bank,20110711,2170,2176,2163,2171,6203615412,2856806,132,D,2170,2164
S*Mellat Bank,20110710,2177,2190,2152,2170,8595251835,3963111,168,D,2177,2175
S*Mellat Bank,20110709,2178,2199,2164,2177,10399282359,4776654,154,D,2178,2199
S*Mellat Bank,20110706,2161,2199,2151,2178,10666902634,4896570,195,D,2175,2199
S*Mellat Bank,20110705,2190,2190,2160,2175,7695718873,3540548,118,D,2178,2165
S*Mellat Bank,20110704,2150,2190,2150,2178,8734498979,4014147,135,D,2187,2180
S*Mellat Bank,20110703,2227,2227,2151,2187,9222597313,4221129,167,D,2205,2156
S*Mellat Bank,20110702,2191,2238,2191,2205,10537914920,4779093,161,D,2185,2201
S*Mellat Bank,20110629,2172,2219,2160,2185,8803745645,4016652,274,D,2148,2180
S*Mellat Bank,20110628,2115,2174,2115,2148,11233713623,5229445,326,D,2121,2152
S*Mellat Bank,20110627,2168,2170,2113,2121,41714329465,19669430,741,D,2201,2113
S*Mellat Bank,20110626,2210,2210,2171,2201,7193833993,3292143,224,D,2235,2180
S*Mellat Bank,20110625,2226,2289,2201,2235,11853268259,5304317,239,D,2260,2201
S*Mellat Bank,20110622,2250,2290,2246,2260,26439687012,11699997,579,D,2266,2260
S*Mellat Bank,20110621,2270,2296,2231,2266,88026763479,38839282,655,D,2241,2260
S*Mellat Bank,20110620,2180,2265,2170,2241,73417900079,32757797,1702,D,2178,2265
S*Mellat Bank,20110619,2200,2200,2149,2178,9657928821,4436947,244,D,2189,2149
S*Mellat Bank,20110618,2150,2240,2150,2189,13919605150,6358640,318,D,2161,2180
S*Mellat Bank,20110615,2164,2170,2147,2161,4797060605,2223640,146,D,2165,2160
S*Mellat Bank,20110614,2160,2189,2126,2165,3657371783,1695589,96,D,2169,2154
S*Mellat Bank,20110613,2170,2180,2150,2169,6846755902,3166452,144,D,2183,2160
S*Mellat Bank,20110612,2155,2190,2153,2183,1759278700,810597,80,D,2185,2156
S*Mellat Bank,20110611,2218,2218,2157,2185,2768393265,1278991,88,D,2193,2160
S*Mellat Bank,20110608,2166,2215,2166,2193,5884193558,2680722,146,D,2190,2200
S*Mellat Bank,20110607,2200,2200,2162,2190,795100519,365190,57,D,2191,2170
S*Mellat Bank,20110606,2170,2210,2160,2191,11331428296,5172950,177,D,2174,2190
S*Mellat Bank,20110601,2199,2199,2125,2174,6071520042,2796550,111,D,2178,2178
S*Mellat Bank,20110531,2265,2265,2150,2178,8270802858,3802166,209,D,2187,2171
S*Mellat Bank,20110530,2100,2207,2100,2187,14391116078,6579017,286,D,2123,2207
S*Mellat Bank,20110529,2146,2150,2107,2123,9162325496,4331856,228,D,2194,2107
S*Mellat Bank,20110528,2200,2216,2162,2194,5390739523,2478531,120,D,2215,2166
S*Mellat Bank,20110525,2200,2217,2180,2215,6850955011,3126943,219,D,2259,2217
S*Mellat Bank,20110524,2259,2268,2202,2259,3591358346,1604372,118,D,2270,2202
S*Mellat Bank,20110523,2271,2275,2261,2270,10414992266,4587309,188,D,2270,2274
S*Mellat Bank,20110522,2279,2287,2256,2270,9013493010,3977532,174,D,2287,2280
S*Mellat Bank,20110521,2298,2298,2270,2287,7580942491,3321021,182,D,2297,2279
S*Mellat Bank,20110518,2329,2329,2287,2297,7486947583,3261304,162,D,2300,2300
S*Mellat Bank,20110517,2250,2324,2250,2300,13526436763,5881549,271,D,2307,2320
S*Mellat Bank,20110516,2310,2329,2270,2307,7532547291,3288613,213,D,2342,2309
S*Mellat Bank,20110515,2370,2370,2290,2342,27941293813,11928287,612,D,2354,2291
S*Mellat Bank,20110514,2309,2370,2308,2354,10738924944,4555386,202,D,2297,2360
S*Mellat Bank,20110511,2270,2340,2255,2297,20922413252,9107422,526,D,2270,2320
S*Mellat Bank,20110510,2212,2288,2211,2270,27924832589,12301703,662,D,2200,2288
S*Mellat Bank,20110509,2187,2228,2180,2200,14421293879,6553654,263,D,2168,2220
S*Mellat Bank,20110508,2200,2200,2135,2168,10118626248,4669751,280,D,2200,2152
S*Mellat Bank,20110504,2212,2234,2175,2200,15047401778,6840108,235,D,2185,2234
S*Mellat Bank,20110503,2259,2259,2160,2185,4150538100,1899792,193,D,2185,2169
S*Mellat Bank,20110502,2178,2186,2162,2185,15254767718,6982399,384,D,2102,2186
S*Mellat Bank,20110501,2031,2187,2031,2102,12527431800,5958602,306,D,2110,2110
S*Mellat Bank,20110430,2110,2130,2110,2110,71931637552,34090217,1052,D,2197,2110
S*Mellat Bank,20110427,2192,2214,2150,2197,6038830580,2767645,227,D,2218,2170
S*Mellat Bank,20110426,2205,2220,2172,2218,3286415881,1491189,136,D,2224,2172
S*Mellat Bank,20110425,2225,2259,2180,2224,3335345347,1511468,138,D,2232,2202
S*Mellat Bank,20110424,2240,2250,2201,2232,16544953173,7413238,273,D,2246,2230
S*Mellat Bank,20110423,2251,2299,2220,2246,9450009249,4202420,246,D,2229,2250
S*Mellat Bank,20110420,2213,2290,2170,2229,17692445078,7936665,490,D,2202,2288
S*Mellat Bank,20110419,2250,2250,2161,2202,5514988369,2532860,194,D,2230,2170
S*Mellat Bank,20110418,2251,2265,2224,2230,23049855574,10338435,768,D,2316,2225
S*Mellat Bank,20110417,2299,2299,2280,2316,6957840576,3048926,207,D,2375,2280
S*Mellat Bank,20110416,2384,2384,2295,2375,1.32879E+11,55955215,1780,D,2293,2320
S*Mellat Bank,20110413,2293,2293,2293,2293,11465022930,5000010,120,D,2205,2293
S*Mellat Bank,20110412,2157,2219,2138,2205,41302207390,18729024,520,D,2134,2219
S*Mellat Bank,20110411,2122,2190,2100,2134,5709415247,2678824,203,D,2137,2122
S*Mellat Bank,20110410,2175,2175,2120,2137,10517696985,4922394,297,D,2179,2120
S*Mellat Bank,20110409,2190,2220,2145,2179,12508287401,5740414,291,D,2181,2145
S*Mellat Bank,20110406,2160,2200,2160,2181,11470556560,5259592,387,D,2150,2170
S*Mellat Bank,20110405,2160,2171,2140,2150,11191802522,5206183,412,D,2170,2149
S*Mellat Bank,20110404,2169,2185,2140,2170,6591758314,3043195,259,D,2176,2141
S*Mellat Bank,20110403,2179,2179,2132,2176,4802644412,2223853,190,D,2191,2160
S*Mellat Bank,20110330,2190,2241,2155,2191,8214447852,3757020,254,D,2206,2156
S*Mellat Bank,20110329,2241,2257,2186,2206,10041569701,4554651,265,D,2228,2199
S*Mellat Bank,20110328,2221,2300,2200,2228,14181923894,6365256,423,D,2214,2200
S*Mellat Bank,20110327,2200,2217,2200,2214,19142443750,8645404,736,D,2132,2217
S*Mellat Bank,20110326,2130,2165,2120,2132,6189188203,2878617,184,D,2082,2165
S*Mellat Bank,20110319,2090,2128,2053,2082,14222718542,6829639,205,D,2052,2119
S*Mellat Bank,20110316,2045,2090,2037,2052,27548572767,13425606,298,D,2037,2065
S*Mellat Bank,20110315,2051,2062,2000,2037,8322991670,4086032,253,D,2052,2030
S*Mellat Bank,20110314,2087,2087,2040,2052,12723090263,6200371,133,D,2049,2050
S*Mellat Bank,20110313,2047,2069,2030,2049,12983763012,6337476,214,D,2039,2055
S*Mellat Bank,20110312,2041,2060,2001,2039,3905447285,1928632,121,D,2052,2049
S*Mellat Bank,20110309,2070,2090,2040,2052,28556418944,13917783,108,D,2059,2041
S*Mellat Bank,20110308,2059,2071,2011,2059,2688137832,1307568,127,D,2061,2070
S*Mellat Bank,20110307,2044,2064,2040,2061,1605388397,784020,69,D,2064,2050
S*Mellat Bank,20110306,2089,2096,2050,2064,2810240339,1358227,111,D,2061,2058
S*Mellat Bank,20110305,2061,2109,2061,2061,2895270587,1385613,169,D,2045,2089
S*Mellat Bank,20110302,2029,2080,2029,2045,1116121243,543020,71,D,2043,2053
S*Mellat Bank,20110301,2030,2040,2004,2043,3517989903,1737122,114,D,2057,2030
S*Mellat Bank,20110228,2060,2060,2026,2057,5454180639,2681484,246,D,2106,2040
S*Mellat Bank,20110227,2119,2119,2075,2106,2479184564,1185279,95,D,2112,2110
S*Mellat Bank,20110226,2060,2139,2051,2112,5653879691,2664141,144,D,2089,2062
S*Mellat Bank,20110223,2145,2145,2052,2089,4342965286,2086719,157,D,2098,2065
S*Mellat Bank,20110222,2037,2118,2006,2098,14915168958,7110238,337,D,2037,2100
S*Mellat Bank,20110220,2017,2045,2005,2037,4891977105,2412520,139,D,2052,2040
S*Mellat Bank,20110219,2050,2060,2020,2052,4932434679,2410765,135,D,2061,2040
S*Mellat Bank,20110216,2050,2063,2005,2061,2905060575,1423382,116,D,2072,2060
S*Mellat Bank,20110215,2120,2120,2055,2072,14984116087,7231242,389,D,2134,2080
S*Mellat Bank,20110214,2169,2169,2100,2134,8102922878,3800194,207,D,2182,2136
S*Mellat Bank,20110213,2170,2196,2160,2182,5293706017,2425262,175,D,2182,2190
S*Mellat Bank,20110212,2200,2213,2150,2182,8185354750,3749721,204,D,2171,2150
S*Mellat Bank,20110209,2120,2210,2120,2171,36711442162,16906318,525,D,2128,2170
S*Mellat Bank,20110208,2109,2147,2080,2128,7568519242,3560079,234,D,2146,2117
S*Mellat Bank,20110207,2151,2151,2110,2146,31462220868,14659214,685,D,2069,2135
S*Mellat Bank,20110206,2050,2106,2003,2069,13527975813,6539845,296,D,2025,2106
S*Mellat Bank,20110205,2012,2060,2012,2025,5248085424,2576760,161,D,2002,2040
S*Mellat Bank,20110201,1999,2025,1991,2002,8864538284,4427625,285,D,1993,2025
S*Mellat Bank,20110131,2000,2000,1980,1993,3415132838,1712819,143,D,1993,1991
S*Mellat Bank,20110130,1998,2005,1987,1993,5169044145,2591342,168,D,1991,1990
S*Mellat Bank,20110129,1999,2000,1986,1991,5726741047,2872786,202,D,1985,1990
S*Mellat Bank,20110126,1992,2020,1945,1985,7632972396,3844662,315,D,1992,1975
S*Mellat Bank,20110124,2001,2012,1970,1992,17848108251,8961222,501,D,2023,2000
S*Mellat Bank,20110123,2029,2029,1970,2023,76763365251,37936990,1406,D,1951,1995
S*Mellat Bank,20110122,1951,1951,1950,1951,21484724886,11012186,332,D,1876,1951
S*Mellat Bank,20110119,1802,1882,1801,1876,15020702879,8008106,288,D,1810,1882
S*Mellat Bank,20110118,1801,1833,1800,1810,4459778102,2468462,113,D,1816,1810
S*Mellat Bank,20110117,1820,1832,1810,1816,5668566024,3123358,126,D,1822,1810
S*Mellat Bank,20110116,1800,1849,1800,1822,7544018601,4139384,156,D,1808,1824
S*Mellat Bank,20110115,1830,1835,1800,1808,7860595080,4347776,152,D,1824,1800
S*Mellat Bank,20110112,1821,1830,1807,1824,659157205,363045,50,D,1825,1830
S*Mellat Bank,20110111,1818,1830,1810,1825,4786657223,2625421,96,D,1830,1827
S*Mellat Bank,20110110,1839,1869,1802,1830,4134103227,2262720,131,D,1834,1810
S*Mellat Bank,20110109,1840,1847,1820,1834,5431394187,2960028,133,D,1830,1820
S*Mellat Bank,20110108,1847,1875,1830,1830,2148333203,1162702,95,D,1822,1833
S*Mellat Bank,20110105,1830,1848,1817,1822,4776967829,2610788,116,D,1808,1826
S*Mellat Bank,20110104,1836,1836,1822,1808,1177558789,644372,55,D,1804,1830
S*Mellat Bank,20110103,1830,1840,1816,1804,551641271,301815,31,D,1802,1826
S*Mellat Bank,20110102,1790,1830,1790,1802,553965533,304326,33,D,1800,1830
S*Mellat Bank,20110101,1801,1819,1791,1800,11826623233,6569435,140,D,1825,1800
S*Mellat Bank,20101229,1809,1829,1799,1825,3723660986,2042417,69,D,1827,1805
S*Mellat Bank,20101228,1800,1835,1800,1827,1335526676,731215,43,D,1827,1820
S*Mellat Bank,20101227,1843,1843,1782,1827,4296082347,2367633,118,D,1845,1782
S*Mellat Bank,20101226,1836,1850,1836,1845,6351613557,3442509,129,D,1847,1850
S*Mellat Bank,20101225,1811,1849,1811,1847,3783257552,2049883,118,D,1849,1848
S*Mellat Bank,20101222,1820,1849,1810,1849,802356087,440149,37,D,1852,1813
S*Mellat Bank,20101221,1840,1850,1801,1852,1205430821,666406,74,D,1861,1820
S*Mellat Bank,20101220,1845,1851,1830,1861,2209059857,1198777,50,D,1869,1837
S*Mellat Bank,20101219,1851,1870,1801,1869,2550525650,1369158,116,D,1872,1803
S*Mellat Bank,20101218,1874,1874,1851,1872,3531426819,1889516,104,D,1874,1851
S*Mellat Bank,20101214,1875,1880,1870,1874,3351506565,1788921,72,D,1874,1874
S*Mellat Bank,20101213,1889,1889,1861,1874,2447267740,1308336,64,D,1876,1870
S*Mellat Bank,20101212,1871,1899,1871,1876,773042305,411072,51,D,1876,1877
S*Mellat Bank,20101211,1870,1890,1865,1876,1563020852,830930,55,D,1875,1880
S*Mellat Bank,20101208,1876,1880,1870,1875,1216852969,649660,50,D,1875,1870
S*Mellat Bank,20101207,1874,1880,1866,1875,5864011436,3127820,87,D,1875,1876
S*Mellat Bank,20101206,1880,1880,1863,1875,6220958804,3319206,112,D,1876,1878
S*Mellat Bank,20101205,1879,1899,1870,1876,2585147644,1380237,82,D,1877,1870
S*Mellat Bank,20101204,1922,1922,1876,1877,742848234,394082,44,D,1876,1882
S*Mellat Bank,20101201,1863,1920,1863,1876,12169013512,6486513,153,D,1870,1920
S*Mellat Bank,20101130,1880,1885,1860,1870,11558392469,6180367,196,D,1865,1870
S*Mellat Bank,20101129,1855,1886,1855,1865,6385938970,3417370,71,D,1842,1870
S*Mellat Bank,20101128,1850,1889,1846,1842,3901429142,2093503,106,D,1818,1889
S*Mellat Bank,20101127,1823,1859,1823,1818,1580344025,853333,64,D,1809,1852
S*Mellat Bank,20101124,1791,1836,1791,1809,1800299477,987367,53,D,1804,1824
S*Mellat Bank,20101123,1828,1830,1801,1804,1116524844,611494,68,D,1800,1825
S*Mellat Bank,20101122,1780,1840,1780,1800,5290413406,2933002,90,D,1789,1812
S*Mellat Bank,20101121,1790,1799,1760,1789,1540532057,862052,61,D,1789,1790
S*Mellat Bank,20101120,1790,1795,1780,1789,588114011,328941,45,D,1789,1790
S*Mellat Bank,20101116,1772,1795,1770,1789,1477079256,830059,71,D,1792,1795
S*Mellat Bank,20101115,1795,1799,1771,1792,2036838991,1143304,87,D,1796,1780
S*Mellat Bank,20101114,1791,1800,1780,1796,1550271098,863179,70,D,1796,1780
S*Mellat Bank,20101113,1790,1800,1786,1796,2166050261,1203905,73,D,1795,1791
S*Mellat Bank,20101110,1811,1811,1780,1795,3850414280,2147107,117,D,1797,1800
S*Mellat Bank,20101109,1801,1819,1780,1797,695519547,386745,38,D,1797,1800
S*Mellat Bank,20101108,1794,1810,1786,1797,3619907368,2011495,120,D,1794,1803
S*Mellat Bank,20101107,1800,1805,1780,1794,2447757348,1360229,96,D,1791,1800
S*Mellat Bank,20101106,1783,1825,1783,1791,2964646424,1643196,107,D,1782,1802
S*Mellat Bank,20101103,1753,1795,1753,1782,1932923616,1082334,71,D,1780,1782
S*Mellat Bank,20101102,1760,1799,1750,1780,911354510,514619,59,D,1781,1790
S*Mellat Bank,20101101,1787,1790,1749,1781,1482216427,841593,67,D,1786,1760
S*Mellat Bank,20101031,1810,1815,1740,1786,1424018365,805140,79,D,1791,1745
S*Mellat Bank,20101030,1790,1830,1773,1791,1292764881,722529,89,D,1792,1779
S*Mellat Bank,20101027,1761,1810,1761,1792,700120322,392179,41,D,1793,1797
S*Mellat Bank,20101026,1780,1820,1740,1793,2247498647,1262161,91,D,1799,1752
S*Mellat Bank,20101025,1751,1789,1750,1799,2469007387,1403823,110,D,1822,1756
S*Mellat Bank,20101024,1855,1855,1767,1822,2086600042,1172785,111,D,1840,1767
S*Mellat Bank,20101023,1840,1880,1810,1840,1635186882,892208,75,D,1842,1820
S*Mellat Bank,20101020,1855,1879,1811,1842,1581829786,862077,87,D,1844,1820
S*Mellat Bank,20101019,1900,1900,1840,1844,7211540471,3911035,140,D,1888,1841
S*Mellat Bank,20101018,1877,1918,1870,1888,6152317314,3246300,198,D,1855,1883
S*Mellat Bank,20101017,1870,1879,1851,1855,3316063341,1776789,143,D,1845,1860
S*Mellat Bank,20101016,1776,1852,1776,1845,7964999832,4317242,297,D,1781,1850
S*Mellat Bank,20101013,1828,1828,1760,1781,5467759989,3094766,214,D,1833,1764
S*Mellat Bank,20101012,1886,1901,1812,1833,6482459338,3547076,219,D,1887,1812
S*Mellat Bank,20101011,1806,1911,1806,1887,7683775451,4072393,313,D,1852,1886
S*Mellat Bank,20101010,1900,1903,1845,1852,10151156300,5480520,295,D,1921,1860
S*Mellat Bank,20101009,1980,1980,1887,1921,8513219701,4430741,286,D,1952,1910
S*Mellat Bank,20101006,1886,1960,1886,1952,24120094046,12353989,618,D,1885,1920
S*Mellat Bank,20101005,1872,1920,1868,1885,31440310445,16676101,424,D,1868,1907
S*Mellat Bank,20101003,1868,1868,1867,1868,55082203855,29487342,932,D,1797,1868
S*Mellat Bank,20101002,1779,1809,1770,1797,6201281803,3435274,156,D,1740,1809
S*Mellat Bank,20100929,1725,1775,1713,1740,3869004201,2191163,179,D,1707,1775
S*Mellat Bank,20100928,1710,1750,1710,1707,1248200172,721437,77,D,1702,1748
S*Mellat Bank,20100927,1720,1730,1699,1702,12772135003,7506338,107,D,1693,1730
S*Mellat Bank,20100926,1730,1730,1685,1693,4009483335,2361053,105,D,1684,1705
S*Mellat Bank,20100925,1709,1710,1697,1684,1076273988,632695,65,D,1681,1701
S*Mellat Bank,20100922,1720,1730,1670,1681,1142947112,673302,64,D,1678,1700
S*Mellat Bank,20100921,1617,1729,1616,1678,2394909194,1432217,99,D,1682,1705
S*Mellat Bank,20100920,1680,1680,1636,1682,2107857828,1275398,74,D,1696,1645
S*Mellat Bank,20100919,1730,1730,1681,1696,5726588247,3388718,173,D,1734,1681
S*Mellat Bank,20100918,1740,1756,1715,1734,1717238679,987983,117,D,1733,1738
S*Mellat Bank,20100915,1741,1775,1740,1733,3111739043,1771100,155,D,1713,1740
S*Mellat Bank,20100914,1690,1739,1681,1713,3035413629,1764839,131,D,1707,1739
S*Mellat Bank,20100913,1720,1729,1691,1707,3131328330,1836637,120,D,1708,1699
S*Mellat Bank,20100912,1699,1720,1681,1708,2186294578,1284338,111,D,1711,1720
S*Mellat Bank,20100908,1730,1730,1676,1711,1806463369,1063401,81,D,1715,1683
S*Mellat Bank,20100907,1710,1715,1677,1715,2395022581,1413618,91,D,1726,1690
S*Mellat Bank,20100906,1715,1745,1709,1726,5869557080,3404786,209,D,1742,1710
S*Mellat Bank,20100905,1758,1766,1710,1742,4133026177,2376768,199,D,1746,1740
S*Mellat Bank,20100904,1717,1775,1686,1746,6891602816,3946315,218,D,1711,1759
S*Mellat Bank,20100831,1710,1750,1690,1711,3350456421,1969740,172,D,1722,1695
S*Mellat Bank,20100830,1730,1760,1710,1722,4163362342,2398683,156,D,1700,1718
S*Mellat Bank,20100829,1656,1724,1656,1700,5871632551,3442882,246,D,1658,1693
S*Mellat Bank,20100828,1640,1677,1640,1658,4900387878,2946859,187,D,1643,1675
S*Mellat Bank,20100825,1646,1669,1626,1643,5075534668,3091412,164,D,1647,1640
S*Mellat Bank,20100824,1666,1677,1620,1647,3329289318,2041627,122,D,1664,1620
S*Mellat Bank,20100823,1679,1699,1633,1664,2422067908,1445497,144,D,1657,1650
S*Mellat Bank,20100822,1675,1675,1616,1657,3404347229,2083353,173,D,1683,1650
S*Mellat Bank,20100821,1720,1720,1600,1683,14591124859,8669566,453,D,1654,1655
S*Mellat Bank,20100818,1602,1657,1602,1654,10592970927,6402598,489,D,1594,1657
S*Mellat Bank,20100817,1590,1629,1572,1594,10540003402,6613357,351,D,1573,1590
S*Mellat Bank,20100816,1564,1589,1564,1573,7649895257,4863184,217,D,1569,1570
S*Mellat Bank,20100815,1578,1580,1540,1569,5304875232,3385202,328,D,1582,1575
S*Mellat Bank,20100814,1580,1595,1545,1582,74716065404,47236400,428,D,1539,1550
S*Mellat Bank,20100811,1539,1539,1538,1539,44859603917,29148703,898,D,1480,1539
S*Mellat Bank,20100810,1495,1510,1484,1480,2194004821,1464540,125,D,1470,1502
S*Mellat Bank,20100809,1481,1495,1470,1470,1545011460,1042905,68,D,1466,1478
S*Mellat Bank,20100808,1479,1490,1465,1466,2462719507,1671951,84,D,1460,1470
S*Mellat Bank,20100807,1476,1476,1450,1460,3050107096,2088140,159,D,1460,1460
S*Mellat Bank,20100804,1469,1480,1450,1460,5487011008,3757484,192,D,1456,1459
S*Mellat Bank,20100803,1460,1480,1440,1456,6965784972,4785787,324,D,1457,1477
S*Mellat Bank,20100802,1470,1498,1430,1457,5898033098,4047054,131,D,1461,1437
S*Mellat Bank,20100801,1460,1497,1421,1461,4587340673,3148070,181,D,1477,1423
S*Mellat Bank,20100731,1470,1484,1442,1477,10061809397,6813490,423,D,1427,1463
S*Mellat Bank,20100728,1401,1457,1401,1427,7474392707,5236577,109,D,1345,1457
S*Mellat Bank,20100726,0,0,0,1345,0,0,0,D,1345,1658
S*Mellat Bank,20100725,0,0,0,1345,0,0,0,D,1663,1658
S*Mellat Bank,20100724,0,0,0,1663,0,0,0,D,1663,1658
S*Mellat Bank,20100721,0,0,0,1663,0,0,0,D,1663,1658
S*Mellat Bank,20100720,0,0,0,1663,0,0,0,D,1663,1658
S*Mellat Bank,20100719,0,0,0,1663,0,0,0,D,1663,1658
S*Mellat Bank,20100718,0,0,0,1663,0,0,0,D,1663,1658
S*Mellat Bank,20100717,0,0,0,1663,0,0,0,D,1663,1658
S*Mellat Bank,20100714,0,0,0,1663,0,0,0,D,1663,1658
S*Mellat Bank,20100713,0,0,0,1663,0,0,0,D,1663,1658
S*Mellat Bank,20100712,0,0,0,1663,0,0,0,D,1663,1658
S*Mellat Bank,20100711,0,0,0,1663,0,0,0,D,1663,1658
S*Mellat Bank,20100707,1659,1687,1650,1663,15932286773,9581483,379,D,1629,1658
S*Mellat Bank,20100706,1630,1649,1626,1629,1377194375,838985,83,D,1625,1649
S*Mellat Bank,20100705,1650,1650,1630,1625,291994968,177765,27,D,1624,1648
S*Mellat Bank,20100704,1650,1650,1600,1624,1476237180,906919,61,D,1623,1620
S*Mellat Bank,20100703,1670,1680,1645,1623,446689376,268517,24,D,1620,1653
S*Mellat Bank,20100630,1651,1652,1606,1620,610310907,372788,39,D,1618,1618
S*Mellat Bank,20100629,1654,1670,1600,1618,2101769755,1306207,33,D,1622,1629
S*Mellat Bank,20100628,1645,1645,1620,1622,8551353257,5270725,80,D,1633,1620
S*Mellat Bank,20100627,1626,1650,1620,1633,368201393,224511,25,D,1633,1649
S*Mellat Bank,20100623,1630,1669,1630,1633,3804598819,2312169,70,D,1614,1630
S*Mellat Bank,20100622,1639,1640,1600,1614,4688225831,2886546,113,D,1585,1600
S*Mellat Bank,20100621,1610,1610,1580,1585,3838163829,2392294,115,D,1556,1590
S*Mellat Bank,20100620,1581,1598,1581,1556,1453554435,909724,41,D,1544,1598
S*Mellat Bank,20100619,1600,1600,1543,1544,1.78095E+11,115354338,267,D,1598,1559
S*Mellat Bank,20100616,1604,1610,1580,1598,779619245,488842,37,D,1599,1580
S*Mellat Bank,20100615,1600,1609,1586,1599,1427210642,892777,77,D,1599,1600
S*Mellat Bank,20100614,1610,1620,1587,1599,2006825407,1254496,86,D,1599,1600
S*Mellat Bank,20100613,1600,1608,1600,1599,398458998,248657,30,D,1599,1605
S*Mellat Bank,20100612,1545,1600,1545,1599,121293698,77518,19,D,1600,1550
S*Mellat Bank,20100609,1600,1600,1554,1600,2036280995,1290320,47,D,1610,1555
S*Mellat Bank,20100608,1610,1628,1579,1610,264959546,165352,21,D,1610,1588
S*Mellat Bank,20100607,1620,1630,1590,1610,781056917,485859,35,D,1610,1609
S*Mellat Bank,20100606,1563,1630,1563,1610,395621341,244519,31,D,1609,1627
S*Mellat Bank,20100602,1630,1635,1608,1609,16133618898,10026894,117,D,1608,1608
S*Mellat Bank,20100601,1617,1625,1601,1608,2675732116,1652868,49,D,1600,1625
S*Mellat Bank,20100531,1573,1630,1573,1600,6502830400,4064750,70,D,1618,1598
S*Mellat Bank,20100530,1619,1649,1571,1618,5906832326,3649959,51,D,1619,1582
S*Mellat Bank,20100529,1659,1660,1601,1619,5339674170,3312330,118,D,1659,1614
S*Mellat Bank,20100526,1617,1690,1617,1659,4472370256,2704103,127,D,1671,1650
S*Mellat Bank,20100525,1626,1700,1626,1671,853643516,513361,54,D,1672,1653
S*Mellat Bank,20100524,1670,1719,1670,1672,16342061139,9772025,307,D,1730,1670
S*Mellat Bank,20100523,1780,1780,1718,1730,4798970028,2774546,66,D,1649,1718
S*Mellat Bank,20100522,0,0,0,1649,0,0,0,D,1649,1617
S*Mellat Bank,20100519,0,0,0,1649,0,0,0,D,1649,1617
S*Mellat Bank,20100518,0,0,0,1649,0,0,0,D,1649,1617
S*Mellat Bank,20100516,0,0,0,1649,0,0,0,D,1649,1617
S*Mellat Bank,20100515,0,0,0,1649,0,0,0,D,1649,1617
S*Mellat Bank,20100512,1604,1658,1604,1649,2714172247,1662793,48,D,1662,1617
S*Mellat Bank,20100511,1679,1689,1630,1662,5341939464,3201800,98,D,1635,1640
S*Mellat Bank,20100510,1620,1676,1620,1635,2440455335,1469229,131,D,1620,1660
S*Mellat Bank,20100509,1599,1624,1599,1620,20119997284,12417983,330,D,1570,1624
S*Mellat Bank,20100508,1565,1615,1531,1570,1691039392,1060966,77,D,1561,1585
S*Mellat Bank,20100505,1584,1600,1540,1561,3089482272,1972761,93,D,1555,1571
S*Mellat Bank,20100504,1520,1570,1520,1555,2814711794,1805735,84,D,1552,1550
S*Mellat Bank,20100503,1539,1600,1503,1552,1332723096,847965,78,D,1546,1553
S*Mellat Bank,20100502,1553,1553,1495,1546,628436030,411998,33,D,1548,1530
S*Mellat Bank,20100501,1550,1560,1495,1548,1359419055,880084,66,D,1549,1550
S*Mellat Bank,20100428,1530,1550,1502,1549,11386752178,7352806,355,D,1498,1540
S*Mellat Bank,20100427,1430,1503,1430,1498,7725496913,5158903,151,D,1453,1503
S*Mellat Bank,20100426,1408,1454,1408,1453,321456904,223358,20,D,1454,1454
S*Mellat Bank,20100425,1420,1480,1403,1454,2143753822,1470213,24,D,1451,1450
S*Mellat Bank,20100424,1447,1477,1434,1451,3955903336,2754318,99,D,1485,1434
S*Mellat Bank,20100421,1442,1537,1442,1485,582722727,396522,26,D,1487,1460
S*Mellat Bank,20100420,1520,1530,1440,1487,716120351,487675,44,D,1490,1444
S*Mellat Bank,20100419,1480,1526,1480,1490,1888450033,1239563,79,D,1475,1526
S*Mellat Bank,20100418,1445,1488,1439,1475,2241347206,1544244,63,D,1491,1488
S*Mellat Bank,20100417,1445,1445,1445,1491,698914710,483678,28,D,1497,1445
S*Mellat Bank,20100414,1472,1490,1472,1497,3172242159,2152398,99,D,1525,1473
S*Mellat Bank,20100413,1535,1589,1490,1525,2876981008,1911907,83,D,1544,1490
S*Mellat Bank,20100412,1619,1619,1533,1544,6041442634,3913676,265,D,1588,1533
S*Mellat Bank,20100411,1588,1588,1581,1588,14336727060,9029198,272,D,1535,1588
S*Mellat Bank,20100410,1538,1538,1500,1535,27711886846,18052817,516,D,1486,1538
S*Mellat Bank,20100407,1470,1490,1470,1486,5345975300,3587970,115,D,1440,1490
S*Mellat Bank,20100406,1468,1475,1427,1440,2207390857,1509627,93,D,1426,1475
S*Mellat Bank,20100405,1415,1475,1403,1426,895345725,629413,37,D,1427,1440
S*Mellat Bank,20100404,1422,1428,1405,1427,8649576458,6061098,123,D,1380,1415
S*Mellat Bank,20100403,1412,1422,1400,1380,740991762,522006,38,D,1374,1405
S*Mellat Bank,20100331,1380,1400,1380,1374,280204843,200995,16,D,1373,1392
S*Mellat Bank,20100330,1390,1399,1387,1373,1071058061,769099,87,D,1368,1395
S*Mellat Bank,20100329,1390,1390,1370,1368,450544702,325236,34,D,1366,1390
S*Mellat Bank,20100328,1399,1399,1370,1366,163973129,118245,8,D,1365,1389
S*Mellat Bank,20100327,0,0,0,1365,0,0,0,D,1365,1380
S*Mellat Bank,20100317,1365,1380,1360,1365,1312875960,961631,8,D,1365,1380
S*Mellat Bank,20100316,1330,1345,1330,1365,191967495,143227,27,D,1366,1340
S*Mellat Bank,20100315,1350,1370,1330,1366,648830128,476932,52,D,1367,1331
S*Mellat Bank,20100314,1340,1350,1333,1367,334138068,249324,26,D,1369,1340
S*Mellat Bank,20100313,1360,1360,1340,1369,436674059,323779,32,D,1371,1344
S*Mellat Bank,20100310,1340,1367,1335,1371,1037882601,771082,74,D,1377,1355
S*Mellat Bank,20100309,1367,1367,1331,1377,236818123,177077,32,D,1379,1335
S*Mellat Bank,20100308,1380,1380,1333,1379,263907087,196000,27,D,1381,1339
S*Mellat Bank,20100307,1380,1382,1362,1381,170649489,124748,26,D,1381,1368
S*Mellat Bank,20100306,1356,1407,1356,1381,3322845522,2382557,98,D,1361,1380
S*Mellat Bank,20100303,1390,1396,1367,1361,589092225,423786,39,D,1358,1389
S*Mellat Bank,20100302,1395,1395,1384,1358,1111774868,798038,72,D,1349,1390
S*Mellat Bank,20100301,1316,1349,1316,1349,6822471197,5058632,158,D,1304,1349
S*Mellat Bank,20100228,1342,1342,1322,1304,234460855,175509,29,D,1303,1340
S*Mellat Bank,20100227,1325,1342,1310,1303,843812295,631999,67,D,1297,1332
S*Mellat Bank,20100224,1300,1341,1296,1297,15843203604,12212353,52,D,1296,1340
S*Mellat Bank,20100223,1296,1327,1295,1296,1696582361,1282803,78,D,1283,1327
S*Mellat Bank,20100222,1292,1320,1287,1283,547470696,422357,49,D,1281,1303
S*Mellat Bank,20100221,1280,1300,1270,1281,1657617130,1294100,66,D,1265,1285
S*Mellat Bank,20100220,0,0,0,1265,0,0,0,D,1265,1260
S*Mellat Bank,20100217,1265,1265,1260,1265,83510175,66095,4,D,1265,1260
S*Mellat Bank,20100216,1265,1280,1260,1265,2306064501,1803779,64,D,1253,1270
S*Mellat Bank,20100214,1241,1270,1241,1253,53154482,42207,12,D,1253,1270
S*Mellat Bank,20100210,1215,1250,1215,1253,477262354,384066,24,D,1254,1250
S*Mellat Bank,20100209,1214,1240,1214,1254,191287098,155241,17,D,1255,1240
S*Mellat Bank,20100208,1215,1220,1214,1255,116392997,95789,17,D,1256,1215
S*Mellat Bank,20100207,1232,1239,1223,1256,166222422,135586,22,D,1257,1223
S*Mellat Bank,20100206,1245,1245,1235,1257,1257540583,1016105,51,D,1264,1238
S*Mellat Bank,20100203,1248,1248,1232,1264,255817191,207209,21,D,1266,1234
S*Mellat Bank,20100202,1222,1238,1222,1266,58944347,48077,12,D,1266,1238
S*Mellat Bank,20100201,1226,1259,1226,1266,407716157,328791,41,D,1268,1239
S*Mellat Bank,20100131,1215,1268,1209,1268,1.78394E+11,140696326,77,D,1242,1216
S*Mellat Bank,20100130,1219,1228,1214,1242,166253267,136746,18,D,1243,1214
S*Mellat Bank,20100127,1208,1240,1208,1243,200478432,164516,24,D,1244,1220
S*Mellat Bank,20100126,1269,1270,1222,1244,15969481555,12839390,205,D,1260,1240
S*Mellat Bank,20100125,1250,1270,1248,1260,4.77086E+11,378641945,72,D,1228,1258
S*Mellat Bank,20100124,1236,1260,1236,1228,1248235370,991070,60,D,1218,1259
S*Mellat Bank,20100123,1230,1253,1230,1218,1030278668,827061,59,D,1211,1237
S*Mellat Bank,20100120,1212,1238,1212,1211,209781500,170120,20,D,1210,1235
S*Mellat Bank,20100119,1205,1219,1200,1210,266214688,220000,17,D,1210,1212
S*Mellat Bank,20100118,1230,1240,1203,1210,1606988022,1318877,60,D,1206,1206
S*Mellat Bank,20100117,1230,1244,1219,1206,521326677,422116,29,D,1202,1220
S*Mellat Bank,20100116,1201,1212,1201,1202,798181090,662634,28,D,1201,1203
S*Mellat Bank,20100113,1194,1203,1180,1201,543740383,454295,35,D,1202,1203
S*Mellat Bank,20100112,1210,1210,1196,1202,466877895,388651,40,D,1202,1196
S*Mellat Bank,20100111,1191,1220,1191,1202,477492394,395581,94,D,1201,1205
S*Mellat Bank,20100110,1211,1225,1200,1201,301996826,249929,31,D,1200,1220
S*Mellat Bank,20100109,1200,1242,1200,1200,4.1255E+11,343787272,53,D,1200,1205
S*Mellat Bank,20100106,1159,1208,1159,1200,1725716650,1439306,41,D,1200,1181
S*Mellat Bank,20100105,1177,1183,1177,1200,2143314551,1820893,141,D,1219,1177
S*Mellat Bank,20100104,1190,1190,1190,1219,1502781980,1262842,75,D,1233,1190
S*Mellat Bank,20100103,1201,1201,1201,1233,1201000000,1000000,92,D,1244,1201
S*Mellat Bank,20100102,1208,1208,1208,1244,762876160,631520,22,D,1251,1208
S*Mellat Bank,20091230,1213,1213,1213,1251,520504365,429105,28,D,1256,1213
S*Mellat Bank,20091229,1217,1217,1217,1256,492763300,404900,10,D,1261,1217
S*Mellat Bank,20091228,1218,1218,1218,1261,121800000,100000,2,D,1262,1218
S*Mellat Bank,20091223,1219,1219,1219,1262,121900000,100000,2,D,1263,1219
S*Mellat Bank,20091222,1222,1222,1222,1263,366600000,300000,7,D,1266,1222
S*Mellat Bank,20091221,1225,1225,1225,1266,367500000,300000,19,D,1269,1225
S*Mellat Bank,20091220,1226,1226,1226,1269,159380000,130000,5,D,1270,1226
S*Mellat Bank,20091219,1239,1239,1239,1270,1426720890,1151510,37,D,1283,1239
S*Mellat Bank,20091216,1247,1247,1247,1283,997600000,800000,29,D,1292,1247
S*Mellat Bank,20091215,1249,1249,1249,1292,260266620,208380,8,D,1294,1249
S*Mellat Bank,20091214,1251,1251,1251,1294,188644545,150795,4,D,1296,1251
S*Mellat Bank,20091213,1252,1252,1252,1296,125200000,100000,2,D,1297,1252
S*Mellat Bank,20091212,1254,1254,1254,1297,250800000,200000,8,D,1299,1254
S*Mellat Bank,20091209,1257,1257,1257,1299,315507000,251000,10,D,1302,1257
S*Mellat Bank,20091208,1267,1267,1267,1302,1085321069,856607,40,D,1312,1267
S*Mellat Bank,20091207,1268,1268,1268,1312,63897056,50392,2,D,1313,1268
S*Mellat Bank,20091205,1269,1269,1269,1313,256287240,201960,13,D,1315,1269
S*Mellat Bank,20091202,1271,1271,1271,1315,226421024,178144,7,D,1317,1271
S*Mellat Bank,20091201,1273,1273,1273,1317,261550580,205460,6,D,1319,1273
S*Mellat Bank,20091130,1274,1274,1274,1319,63700000,50000,1,D,1320,1274
S*Mellat Bank,20091129,1275,1275,1275,1320,83818500,65740,14,D,1321,1275
S*Mellat Bank,20091125,1276,1276,1276,1321,103356000,81000,4,D,1322,1276
S*Mellat Bank,20091124,1277,1277,1277,1322,138417861,108393,9,D,1323,1277
S*Mellat Bank,20091123,1280,1280,1280,1323,320000000,250000,22,D,1326,1280
S*Mellat Bank,20091122,1298,1298,1298,1326,2083835160,1605420,96,D,1345,1298
S*Mellat Bank,20091121,0,0,0,1345,0,0,0,D,1345,1298
S*Mellat Bank,20091118,1298,1298,1298,1345,7061120,5440,4,D,1345,1298
S*Mellat Bank,20091117,0,0,0,1345,0,0,0,D,1345,1298
S*Mellat Bank,20091116,1298,1298,1298,1345,3476044,2678,2,D,1345,1298
S*Mellat Bank,20091115,0,0,0,1345,0,0,0,D,1345,1298
S*Mellat Bank,20091114,1298,1298,1298,1345,30314790,23355,3,D,1345,1298
S*Mellat Bank,20091111,1299,1299,1299,1345,86593938,66662,5,D,1346,1299
S*Mellat Bank,20091110,1299,1299,1299,1346,44645331,34369,5,D,1346,1299
S*Mellat Bank,20091109,1340,1340,1301,1346,326963225,247058,52,D,1348,1301
S*Mellat Bank,20091108,1348,1365,1314,1348,23080383123,17123780,557,D,1348,1348
S*Mellat Bank,20091107,1348,1357,1348,1348,8827270200,6547238,275,D,1396,1348
S*Mellat Bank,20091104,1356,1356,1356,1396,220865280,162880,8,D,1397,1356
S*Mellat Bank,20091103,1357,1357,1357,1397,148345883,109319,5,D,1398,1357
S*Mellat Bank,20091102,1428,1439,1362,1398,2125850812,1535913,164,D,1404,1362
S*Mellat Bank,20091101,1402,1405,1378,1404,25209755708,17959177,917,D,1365,1405
S*Mellat Bank,20091031,1365,1365,1330,1365,17862642900,13086460,717,D,1326,1365
S*Mellat Bank,20091028,1300,1327,1299,1326,16965723629,12790439,585,D,1289,1327
S*Mellat Bank,20091027,1296,1306,1268,1289,4381375284,3370328,244,D,1268,1302
S*Mellat Bank,20091026,1268,1268,1267,1268,11983716848,9451040,461,D,1232,1268
S*Mellat Bank,20091025,1233,1233,1230,1232,6516345000,5290000,167,D,1198,1233
S*Mellat Bank,20091024,1200,1229,1200,1198,817354278,667827,43,D,1194,1220
S*Mellat Bank,20091021,1194,1226,1194,1194,799689368,656810,76,D,1191,1211
S*Mellat Bank,20091020,1188,1210,1188,1191,99091001140,83173825,149,D,1175,1200
S*Mellat Bank,20091019,1170,1190,1170,1175,7.41627E+11,631051535,63,D,1168,1185
S*Mellat Bank,20091018,1171,1179,1168,1168,3293709906,2818457,127,D,1167,1168
S*Mellat Bank,20091017,1183,1189,1165,1167,1914666330,1635360,82,D,1165,1180
S*Mellat Bank,20091013,1163,1189,1163,1165,3522039972,3017538,189,D,1163,1170
S*Mellat Bank,20091012,1167,1167,1144,1163,2844876260,2485286,197,D,1179,1144
S*Mellat Bank,20091011,1181,1189,1160,1179,695166345,591796,56,D,1179,1167
S*Mellat Bank,20091010,1185,1199,1162,1179,2798019059,2340490,205,D,1165,1199
S*Mellat Bank,20091007,1180,1180,1161,1165,2802286681,2391315,271,D,1159,1180
S*Mellat Bank,20091006,1158,1185,1145,1159,7093329548,6122213,413,D,1151,1170
S*Mellat Bank,20091005,1143,1153,1136,1151,807212799,703529,64,D,1151,1150
S*Mellat Bank,20091004,1140,1148,1121,1151,538320846,472500,46,D,1152,1148
S*Mellat Bank,20091003,1122,1147,1122,1152,788125660,698304,85,D,1156,1132
S*Mellat Bank,20090930,1142,1142,1124,1156,429519513,381433,47,D,1158,1124
S*Mellat Bank,20090929,1150,1162,1129,1158,6806482509,5878902,257,D,1131,1131
S*Mellat Bank,20090928,1100,1133,1091,1131,6247833245,5525082,48,D,1100,1100
S*Mellat Bank,20090927,1096,1102,1079,1100,5773990739,5250094,253,D,1070,1079
S*Mellat Bank,20090926,1087,1087,1061,1070,2673837874,2460109,93,D,1056,1087
S*Mellat Bank,20090923,1054,1081,1054,1056,1139286979,1057145,54,D,1050,1081
S*Mellat Bank,20090922,1062,1062,1050,1050,1592252677,1516318,55,D,1050,1051
S*Mellat Bank,20090921,1060,1065,1050,1050,698506593,664969,116,D,1050,1050
S*Mellat Bank,20090920,0,0,0,1050,0,0,0,D,1050,1050
S*Mellat Bank,20090919,1051,1060,1050,1050,204889220,195047,39,D,1050,1050
S*Mellat Bank,20090916,1059,1062,1059,1050,60096659,56727,11,D,1050,1062
S*Mellat Bank,20090915,1050,1059,1044,1050,292353475,278427,26,D,1050,1059
S*Mellat Bank,20090914,1045,1069,1036,1050,194654758,185954,27,D,1050,1041
S*Mellat Bank,20090913,1049,1070,1045,1050,632230169,599131,73,D,1049,1050
S*Mellat Bank,20090912,1051,0,0,1049,0,0,0,D,1049,1049
S*Mellat Bank,20090909,1050,1060,1050,1049,86486328,82190,22,D,1049,1060
S*Mellat Bank,20090908,1042,1050,1042,1049,1141130028,1087018,55,D,1049,1050
S*Mellat Bank,20090907,1038,1050,1035,1049,349541114,333772,20,D,1049,1038
S*Mellat Bank,20090906,1045,1048,1039,1049,133431127,127948,25,D,1049,1039
S*Mellat Bank,20090905,1045,1050,1036,1049,199471728,191485,27,D,1049,1040
S*Mellat Bank,20090902,1050,1051,1035,1049,795827976,761056,45,D,1050,1050
S*Mellat Bank,20090901,1050,1050,1040,1050,276680544,265660,22,D,1050,1040
S*Mellat Bank,20090831,1059,1059,1049,1050,7652493863,7287684,295,D,1051,1050
S*Mellat Bank,20090830,1050,1055,1050,1051,526489278,501297,40,D,1051,1055
S*Mellat Bank,20090829,1051,1060,1050,1051,883609785,841043,47,D,1051,1050
S*Mellat Bank,20090826,1050,1052,1050,1051,2713354208,2584143,200,D,1052,1050
S*Mellat Bank,20090825,1050,1061,1048,1052,1347351007,1276461,66,D,1051,1050
S*Mellat Bank,20090824,1050,1060,1050,1051,647464256,616093,39,D,1051,1050
S*Mellat Bank,20090823,1050,1059,1050,1051,2233291894,2126311,103,D,1051,1050
S*Mellat Bank,20090822,1050,1068,1050,1051,1083677932,1025310,57,D,1050,1060
S*Mellat Bank,20090819,1053,1058,1050,1050,470558250,447172,27,D,1050,1052
S*Mellat Bank,20090818,1050,1053,1048,1050,22300116168,21237549,464,D,1050,1050
S*Mellat Bank,20090817,1050,1052,1048,1050,11429987565,10883442,425,D,1050,1050
S*Mellat Bank,20090816,1050,1051,1040,1050,16659629025,15866999,658,D,1051,1051
S*Mellat Bank,20090815,1051,1052,1049,1051,8766802017,8343521,453,D,1050,1050
S*Mellat Bank,20090812,1051,1052,1032,1050,10255418458,9766705,331,D,1049,1050
S*Mellat Bank,20090811,1051,1053,1030,1049,7820316513,7452724,316,D,1051,1051
S*Mellat Bank,20090810,1051,1053,1040,1051,5271216018,5016000,219,D,1051,1050
S*Mellat Bank,20090809,1054,1054,1036,1051,11760617063,11189999,489,D,1053,1050
S*Mellat Bank,20090808,1054,1054,1052,1053,9718649062,9230221,383,D,1052,1052
S*Mellat Bank,20090805,1052,1053,1050,1052,9390050100,8926666,359,D,1051,1052
S*Mellat Bank,20090804,1052,1053,1051,1051,2104728223,2000695,103,D,1051,1052
S*Mellat Bank,20090803,1052,1053,1051,1051,2080731986,1977788,101,D,1051,1053
S*Mellat Bank,20090802,1052,1057,1052,1051,2012941870,1913039,107,D,1051,1055
S*Mellat Bank,20090801,1050,1058,1045,1051,6020384537,5729065,250,D,1050,1045
S*Mellat Bank,20090729,1050,1051,1050,1050,1.06769E+11,101684640,241,D,1050,1050
S*Mellat Bank,20090728,1050,1059,1050,1050,4963095323,4726366,292,D,1050,1050
S*Mellat Bank,20090727,1060,1060,1041,1050,6840299548,6514549,329,D,1058,1041
S*Mellat Bank,20090726,1100,1100,1050,1058,4096541730,3870930,250,D,1027,1052
S*Mellat Bank,20090725,0,0,0,1027,0,0,0,D,1197,1197
S*Mellat Bank,20090722,0,0,0,1197,0,0,0,D,1197,1197
S*Mellat Bank,20090721,0,0,0,1197,0,0,0,D,1197,1197
S*Mellat Bank,20090719,0,0,0,1197,0,0,0,D,1197,1197
S*Mellat Bank,20090718,0,0,0,1197,0,0,0,D,1197,1197
S*Mellat Bank,20090715,1200,1231,1180,1197,33912791595,28334944,1245,D,1196,1197
S*Mellat Bank,20090714,1196,1210,1195,1196,6446282089,5387872,259,D,1193,1210
S*Mellat Bank,20090713,1193,1195,1191,1193,13919468958,11666856,508,D,1191,1193
S*Mellat Bank,20090712,1192,1194,1192,1191,2809310381,2356696,106,D,1190,1192
S*Mellat Bank,20090711,1191,1198,1191,1190,4282871859,3595861,162,D,1189,1194
S*Mellat Bank,20090707,1190,1191,1190,1189,1598639460,1343394,56,D,1188,1190
S*Mellat Bank,20090705,1189,1198,1189,1188,1671434152,1404219,76,D,1187,1189
S*Mellat Bank,20090704,1190,1190,1188,1187,2211324733,1860281,89,D,1186,1188
S*Mellat Bank,20090701,1188,1189,1187,1186,1537847241,1294974,105,D,1185,1189
S*Mellat Bank,20090630,1190,1190,1176,1185,1790473706,1509920,100,D,1185,1187
S*Mellat Bank,20090629,1189,1190,1185,1185,3312300137,2789903,139,D,1183,1190
S*Mellat Bank,20090628,1190,1191,1155,1183,3771035754,3197891,179,D,1189,1180
S*Mellat Bank,20090627,1190,1200,1184,1189,3058253531,2565071,144,D,1185,1185
S*Mellat Bank,20090624,1183,1190,1175,1185,6013717365,5070421,223,D,1166,1181
S*Mellat Bank,20090623,1179,1184,1170,1166,2957779701,2514050,122,D,1157,1175
S*Mellat Bank,20090622,1156,1170,1156,1157,2248178095,1929794,60,D,1152,1170
S*Mellat Bank,20090621,1160,1170,1151,1152,1091266003,942720,62,D,1151,1154
S*Mellat Bank,20090620,1150,1175,1150,1151,1187869771,1019090,62,D,1148,1156
S*Mellat Bank,20090617,1150,1154,1144,1148,9821461023,8557645,283,D,1143,1147
S*Mellat Bank,20090616,1110,1150,1110,1143,9755646356,8532558,388,D,1136,1144
S*Mellat Bank,20090615,1133,1173,1107,1136,2545353771,2248475,168,D,1139,1121
S*Mellat Bank,20090614,1150,1169,1135,1139,10277338184,9021000,442,D,1170,1135
S*Mellat Bank,20090613,1170,1170,1152,1170,2489168874,2142402,111,D,1175,1153
S*Mellat Bank,20090610,1151,1187,1151,1175,3158049415,2687050,157,D,1174,1180
S*Mellat Bank,20090609,1160,1180,1160,1174,2853253723,2430908,136,D,1174,1177
S*Mellat Bank,20090608,1175,1180,1169,1174,4823629479,4109486,92,D,1174,1178
S*Mellat Bank,20090607,1155,1182,1155,1174,3274153888,2788842,186,D,1175,1179
S*Mellat Bank,20090606,1153,1170,1153,1175,1705828478,1466006,88,D,1180,1170
S*Mellat Bank,20090603,1169,1184,1169,1180,1612090378,1368031,96,D,1181,1171
S*Mellat Bank,20090602,1165,1173,1160,1181,1025441979,880495,92,D,1184,1169
S*Mellat Bank,20090601,1186,1186,1165,1184,1018436757,869709,75,D,1187,1166
S*Mellat Bank,20090531,1178,1192,1170,1187,6873299391,5788385,311,D,1188,1180
S*Mellat Bank,20090530,1189,1190,1171,1188,5401274957,4545235,232,D,1186,1171
S*Mellat Bank,20090527,1178,1198,1169,1186,7699536673,6492368,352,D,1180,1180
S*Mellat Bank,20090526,1199,1199,1160,1180,12490357437,10583943,546,D,1183,1170
S*Mellat Bank,20090525,0,0,0,1183,0,0,0,D,1183,1176
S*Mellat Bank,20090524,0,0,0,1183,0,0,0,D,1183,1176
S*Mellat Bank,20090523,0,0,0,1183,0,0,0,D,1183,1176
S*Mellat Bank,20090520,1160,1199,1160,1183,5285797744,4466305,272,D,1183,1176
S*Mellat Bank,20090519,1160,1200,1160,1183,5184474275,4375902,286,D,1177,1162
S*Mellat Bank,20090518,1160,1190,1157,1177,8359191940,7099935,549,D,1156,1160
S*Mellat Bank,20090517,1158,1178,1132,1156,3118042151,2708887,210,D,1162,1134
S*Mellat Bank,20090516,1135,1170,1135,1162,2812423694,2440878,179,D,1170,1138
S*Mellat Bank,20090513,1155,1170,1155,1170,3615458165,3128384,228,D,1190,1155
S*Mellat Bank,20090512,1168,1168,1157,1190,379894351,328293,36,D,1192,1157
S*Mellat Bank,20090511,1203,1203,1150,1192,18631262406,15625032,933,D,1168,1174
S*Mellat Bank,20090510,1192,1192,1192,1168,1928585672,1617941,86,D,1158,1192
S*Mellat Bank,20090509,1169,1169,1169,1158,4066124517,3478293,205,D,1135,1169
S*Mellat Bank,20090506,1120,1143,1120,1135,4936149594,4329696,333,D,1110,1143
S*Mellat Bank,20090505,1086,1120,1086,1110,2519958040,2260882,189,D,1106,1120
S*Mellat Bank,20090504,1103,1125,1085,1106,4632577926,4194127,329,D,1112,1100
S*Mellat Bank,20090503,1128,1128,1097,1112,3317704163,2994367,323,D,1118,1100
S*Mellat Bank,20090502,1110,1129,1103,1118,1860613473,1675253,171,D,1122,1103
S*Mellat Bank,20090429,1130,1130,1106,1122,953839280,858625,116,D,1124,1108
S*Mellat Bank,20090428,1122,1149,1102,1124,2372441425,2105602,263,D,1123,1106
S*Mellat Bank,20090427,1120,1129,1102,1123,2433173409,2173117,173,D,1126,1119
S*Mellat Bank,20090426,1127,1139,1100,1126,1355389359,1213875,144,D,1129,1100
S*Mellat Bank,20090425,1141,1141,1117,1129,5955435253,5274735,357,D,1150,1128
S*Mellat Bank,20090422,1163,1172,1129,1150,2647262911,2300464,220,D,1150,1129
S*Mellat Bank,20090421,1177,1177,1177,1150,1216800255,1033815,46,D,1143,1177
S*Mellat Bank,20090420,1129,1147,1125,1143,12650184833,11066992,606,D,1114,1147
S*Mellat Bank,20090419,1110,1134,1100,1114,9862474346,8852608,577,D,1101,1100
S*Mellat Bank,20090418,1109,1110,1103,1101,2352794700,2126749,140,D,1097,1105
S*Mellat Bank,20090415,1090,1110,1090,1097,2549351346,2314256,174,D,1093,1107
S*Mellat Bank,20090414,1086,1099,1075,1093,5304292247,4852993,257,D,1090,1098
S*Mellat Bank,20090413,1071,1106,1071,1090,4316073392,3952220,254,D,1083,1073
S*Mellat Bank,20090412,1079,1083,1063,1083,2406949045,2243981,176,D,1091,1063
S*Mellat Bank,20090411,1093,1099,1070,1091,2987936180,2748606,208,D,1096,1081
S*Mellat Bank,20090408,1085,1096,1078,1096,950562965,877368,102,D,1098,1082
S*Mellat Bank,20090407,1090,1106,1081,1098,4893066892,4456751,325,D,1099,1099
S*Mellat Bank,20090406,1110,1119,1078,1099,5305791798,4831781,289,D,1110,1100
S*Mellat Bank,20090405,1115,1123,1091,1110,3942619347,3553767,217,D,1110,1095
S*Mellat Bank,20090404,1108,1133,1099,1110,7632804156,6876866,454,D,1105,1105
S*Mellat Bank,20090331,1118,1118,1086,1105,8117487932,7348064,426,D,1086,1087
S*Mellat Bank,20090330,1112,1112,1112,1086,1041008808,936159,68,D,1080,1112
S*Mellat Bank,20090329,1111,1111,1111,1080,101123220,91020,5,D,1079,1111
S*Mellat Bank,20090328,1078,1096,1076,1079,3001934288,2749128,146,D,1065,1096
S*Mellat Bank,20090325,1063,1080,1063,1065,2053259183,1916886,111,D,1061,1080
S*Mellat Bank,20090318,1061,1064,1061,1061,2325864856,2191144,143,D,1061,1063
S*Mellat Bank,20090317,1062,1062,1061,1061,4242529688,3998308,218,D,1061,1061
S*Mellat Bank,20090316,1062,1063,1058,1061,4179711793,3937907,226,D,1061,1058
S*Mellat Bank,20090314,1061,1062,1061,1061,4244184581,4000145,232,D,1060,1061
S*Mellat Bank,20090311,1061,1063,1060,1060,2240352741,2111176,149,D,1060,1060
S*Mellat Bank,20090310,1060,1061,1050,1060,3643801356,3438096,205,D,1059,1060
S*Mellat Bank,20090309,1060,1063,1055,1059,5081985875,4797840,297,D,1058,1058
S*Mellat Bank,20090308,1060,1060,1054,1058,5541590793,5236516,330,D,1058,1059
S*Mellat Bank,20090307,1061,1061,1059,1058,3885084432,3667884,213,D,1055,1059
S*Mellat Bank,20090304,1056,1060,1056,1055,2436021996,2304953,187,D,1053,1056
S*Mellat Bank,20090303,1055,1059,1054,1053,2797050794,2650575,182,D,1050,1055
S*Mellat Bank,20090302,1050,1065,1027,1050,11053165184,10528791,612,D,1050,1058
S*Mellat Bank,20090301,1054,1055,1027,1050,24877673335,23696125,1097,D,1055,1042
S*Mellat Bank,20090228,1059,1060,1050,1055,4135976082,3924844,341,D,1058,1051
S*Mellat Bank,20090225,1061,1064,1050,1058,7863032258,7434309,616,D,1061,1060
S*Mellat Bank,20090223,1066,1067,1059,1061,9090532333,8570222,937,D,1065,1060
S*Mellat Bank,20090222,1065,1074,1055,1065,8981292784,8435464,603,D,1050,1055
S*Mellat Bank,20090221,1051,1076,1042,1050,3.52195E+11,335334212,6457,D,1050,1057
S*Mellat Bank,20090218,1050,1050,1050,1050,3.47394E+11,330851245,800,D,1000,1050
S*Mellat Bank,20090217,0,0,0,1000,0,0,0,D,1000,1000
S*Mellat Bank,20090215,0,0,0,1000,0,0,0,D,0,1000
